adj close,volume,sp500_close,gold_close,dxy_close,fng_score,hash_rate,google_trends_score,btc_log_return,sp500_return,gold_return,dxy_return,btc_vol_14d,target_return,year,month,day,day_of_week
35566.65625,123320567399,3799.610107421875,1849.5999755859373,90.54000091552734,90.0,157757649.32336533,54.0,-0.0473164778588286,0.0004157884466327,-0.0036223784928157,-0.0054119489597387,0.0574065384814728,-0.0899793235939911,2021,1,11,0
33922.9609375,74773277909,3801.18994140625,1842.9000244140625,90.05000305175781,84.0,151611247.4016758,54.0,-0.0473164778588286,0.0004157884466327,-0.0036223784928157,-0.0054119489597387,0.0574065384814728,-0.0398877719022813,2021,1,12,1
37316.359375,69364315979,3809.840087890625,1853.5999755859373,90.31999969482422,78.0,155708848.68280214,54.0,0.0953397207362558,0.0022756417379066,0.0058060399534027,0.0029982968785822,0.0574065384814728,-0.1844717066534575,2021,1,13,2
39187.328125,63615990033,3795.5400390625,1850.300048828125,90.23999786376952,83.0,150586847.08139417,54.0,0.0489216127788524,-0.0037534511943366,-0.0017802798884745,-0.000885759868523,0.0574065384814728,-0.1459969521397423,2021,1,14,3
36825.3671875,67760757881,3768.25,1829.300048828125,90.77999877929688,88.0,158782049.6436469,54.0,-0.0621664989723079,-0.0071900279753709,-0.0113495105906202,0.0059840528403221,0.0574065384814728,-0.0681318520457726,2021,1,15,4
36178.140625,57706187875,3768.25,1829.300048828125,90.77999877929688,84.0,150586847.08139417,54.0,-0.0177318471436198,0.0,0.0,0.0,0.0574065384814728,-0.0527560884702045,2021,1,16,5
35791.27734375,52359854336,3768.25,1829.300048828125,90.77999877929688,79.0,136245242.59745187,54.0,-0.010750872199338,0.0,0.0,0.0,0.0574065384814728,-0.0747924680932755,2021,1,17,6
36630.07421875,49511702429,3768.25,1829.300048828125,90.77999877929688,79.0,148538046.440831,54.0,0.0231653888592286,0.0,0.0,0.0,0.0574065384814728,-0.0844360406978598,2021,1,18,0
36069.8046875,57244195486,3798.909912109375,1839.5,90.5,80.0,152635647.72195736,54.0,-0.0154135228801926,0.0081363795155244,0.0055758765099303,-0.0030843664139895,0.0574065384814728,-0.0155120225864128,2021,1,19,1
35547.75,66834573161,3851.85009765625,1865.9000244140625,90.47000122070312,78.0,144440445.1597046,54.0,-0.0145792169753381,0.0139356254219462,0.0143517392846221,-0.0003314782242748,0.0574065384814728,0.0541339421974667,2021,1,20,2
30825.69921875,75643067688,3853.070068359375,1865.300048828125,90.12999725341795,75.0,132147641.31632549,54.0,-0.1425281308183599,0.0003167233075522,-0.0003215475524342,-0.0037581956747818,0.0574065384814728,0.197898744946859,2021,1,21,3
33005.76171875,77207272511,3841.469970703125,1855.699951171875,90.23999786376952,40.0,145464845.4799862,54.0,0.0683334114753021,-0.0030106116552376,-0.0051466774271953,0.0012204661456083,0.0574065384814728,0.155686359211667,2021,1,22,4
32067.642578125,48354737975,3841.469970703125,1855.699951171875,90.23999786376952,74.0,159781151.23197326,54.0,-0.0288346413942693,0.0,0.0,0.0,0.0574065384814728,0.2244745345120997,2021,1,23,5
32289.37890625,48643830599,3841.469970703125,1855.699951171875,90.23999786376952,70.0,143884925.38771522,49.0,0.0068908473517431,0.0,0.0,0.0,0.0574065384814728,0.2048370926924136,2021,1,24,6
32366.392578125,59897054838,3855.360107421875,1854.9000244140625,90.38999938964844,74.0,144920068.73582825,49.0,0.0023822686367903,0.0036158389430824,-0.0004310647081212,0.0016622509910224,0.0574065384814728,0.4272973032827925,2021,1,25,0
32569.849609375,60255421470,3849.6201171875,1850.699951171875,90.16999816894533,71.0,166658079.0462025,49.0,0.0062663834606839,-0.0014888337468982,-0.002264312462616,-0.002433911076321,0.0562204987209164,0.4271206660828652,2021,1,26,1
30432.546875,62576762015,3750.77001953125,1844.9000244140625,90.6500015258789,78.0,146990355.43205437,49.0,-0.0678743452244091,-0.025677883699462,-0.0031339098237614,0.00532331558923,0.0503557842386881,0.4759916013026761,2021,1,27,2
33466.09765625,76517157706,3787.3798828125,1837.9000244140625,90.45999908447266,55.0,150095785.47639358,49.0,0.0950202595471698,0.0097606259756297,-0.0037942435402282,-0.0020960004214892,0.0565161003915219,0.4315780860784834,2021,1,28,3
34316.38671875,117894572511,3714.239990234375,1847.300048828125,90.58000183105467,77.0,157341788.913185,49.0,0.0250900708478179,-0.0193114751731245,0.0051145461065322,0.0013265835484916,0.0552428114619809,0.3843197406486855,2021,1,29,4
34269.5234375,65141828798,3714.239990234375,1847.300048828125,90.58000183105467,76.0,140779495.34337604,49.0,-0.0013665573129015,0.0,0.0,0.0,0.0550965373012939,0.3745599850814967,2021,1,30,5
33114.359375,52754542671,3714.239990234375,1847.300048828125,90.58000183105467,78.0,149060642.12828052,45.0,-0.0342894233895723,0.0,0.0,0.0,0.055702401974882,0.4711831961115811,2021,1,31,6
33537.17578125,61400400660,3773.860107421875,1860.800048828125,91.0199966430664,77.0,124217201.7735671,45.0,0.0126875420679964,0.0160517676144393,0.0073079627798224,0.0048575270823285,0.0553692616436682,0.4296093059975305,2021,2,1,0
35510.2890625,63088585433,3826.31005859375,1830.5,91.1999969482422,76.0,157341788.913185,45.0,0.0571679388794204,0.0138982234844169,-0.016283344815692,0.0019775907692201,0.0577828831945841,0.385510295541543,2021,2,2,1
37472.08984375,61166818159,3830.169921875,1832.199951171875,91.12000274658205,78.0,155271502.21695888,45.0,0.0537738978015389,0.0010087690809532,0.0009286813285305,-0.0008771294335191,0.059378321941165,0.391675992183766,2021,2,3,2
36926.06640625,68838074392,3871.739990234375,1788.9000244140625,91.52999877929688,80.0,165622935.69808948,45.0,-0.0146786767038231,0.0108533222304207,-0.023632751834819,0.0044995173436848,0.0448192546052318,0.3995478507359458,2021,2,4,3
38144.30859375,58598066402,3886.830078125,1810.9000244140625,91.04000091552734,81.0,174939225.83110696,45.0,0.0324588533084329,0.0038974951646253,0.0122980600926572,-0.0053534127641697,0.0421970957150444,0.4651761920166866,2021,2,5,4
39266.01171875,71326033653,3886.830078125,1810.9000244140625,91.04000091552734,84.0,169021265.50315762,45.0,0.0289827412811311,0.0,0.0,0.0,0.0408281369553368,0.4287042935012877,2021,2,6,5
38903.44140625,65500641143,3886.830078125,1810.9000244140625,91.04000091552734,86.0,166219498.0035569,78.0,-0.0092765881834047,0.0,0.0,0.0,0.0413095118412565,0.479045123839763,2021,2,7,6
46196.46484375,101467222687,3915.590087890625,1831.9000244140625,90.93000030517578,83.0,172612555.6190783,78.0,0.1718205618881232,0.0073993483603735,0.0115964436009077,-0.0012082667975105,0.0617851854048149,0.1734084089733936,2021,2,8,0
46481.10546875,91809846886,3911.22998046875,1835.300048828125,90.44000244140624,95.0,152367873.16992718,78.0,0.0061426193854515,-0.0011135249921484,0.0018560098088049,-0.0053887370738482,0.0617884677494317,0.0504144703287112,2021,2,9,1
44918.18359375,87301089896,3909.8798828125,1840.5999755859373,90.37000274658205,92.0,152367873.16992718,78.0,-0.0342032034296281,-0.0003451849323593,0.0028877712727117,-0.0007739904128106,0.0585924796447598,0.1065748446285368,2021,2,10,2
47909.33203125,81388911810,3916.3798828125,1824.9000244140625,90.41999816894533,93.0,137450738.7337105,78.0,0.0644676160583937,0.0016624551635393,-0.0085298008150179,0.0005532302848709,0.0561685517222058,-0.0170213282919095,2021,2,11,3
47504.8515625,76555041196,3934.830078125,1821.5999755859373,90.4800033569336,92.0,151302363.56734022,78.0,-0.0084784646579245,0.0047110331133788,-0.001808344996425,0.0006636273966313,0.0569795490681682,-0.0245257022267956,2021,2,12,4
47105.515625,70250456155,3934.830078125,1821.5999755859373,90.4800033569336,92.0,167285007.6061438,78.0,-0.0084417452518201,0.0,0.0,0.0,0.0572595264633606,-0.019468261578975,2021,2,13,5
48717.2890625,71248675228,3934.830078125,1821.5999755859373,90.4800033569336,95.0,158760930.78544855,73.0,0.0336438799062384,0.0,0.0,0.0,0.0547820410986124,-0.0734753431509251,2021,2,14,6
47945.05859375,77069903166,3934.830078125,1821.5999755859373,90.4800033569336,93.0,160891949.9906224,73.0,-0.0159782359288124,0.0,0.0,0.0,0.0559653083358543,0.0351690798427724,2021,2,15,0
49199.87109375,77049582886,3932.590087890625,1797.199951171875,90.51000213623048,95.0,128926661.9130153,73.0,0.0258352607407487,-0.0005692724183511,-0.0133948313247062,0.0003315514830224,0.055220947186456,-0.0166846537247183,2021,2,16,1
52149.0078125,80820545404,3931.330078125,1771.0999755859375,90.9499969482422,95.0,147040325.15699264,73.0,0.0582141521695215,-0.0003204020092266,-0.0145225775067036,0.0048612838540149,0.0554335337879235,-0.0308877520890034,2021,2,17,2
51679.796875,52054723579,3913.969970703125,1773.4000244140625,90.58999633789062,91.0,145974815.55440575,73.0,-0.0090382265893042,-0.0044158356273545,0.0012986555585965,-0.0039582256452018,0.0551451683155256,-0.0603452237591636,2021,2,18,3
55888.1328125,63495496918,3906.7099609375,1775.800048828125,90.36000061035156,93.0,163181402.20420986,73.0,0.0782851354369316,-0.0018548966445751,0.0013533463296615,-0.0025388645196673,0.0571286018217982,-0.1245493054554711,2021,2,19,4
56099.51953125,68145460026,3906.7099609375,1775.800048828125,90.36000061035156,91.0,157667240.0893604,73.0,0.0037751835203801,0.0,0.0,0.0,0.0575257149143502,-0.1281140512218903,2021,2,20,5
57539.9453125,51897585191,3906.7099609375,1775.800048828125,90.36000061035156,91.0,152267677.07260144,84.0,0.025352159710532,0.0,0.0,0.0,0.0565723108489274,-0.1100670824738194,2021,2,21,6
54207.3203125,92052420332,3876.5,1806.699951171875,90.01000213623047,94.0,143628376.2457872,84.0,-0.0596634472552541,-0.0077328394581538,0.0174005527053235,-0.0038733783948314,0.039324023488047,-0.0361721786595646,2021,2,22,0
48824.42578125,106102492824,3881.3701171875,1804.4000244140625,90.16999816894533,94.0,137148900.6256765,84.0,-0.104585244501009,0.0012563181187927,-0.0012729987380144,0.0017775361506233,0.0493836241155681,0.1228829896152932,2021,2,23,1
49705.33203125,63695521388,3925.429931640625,1796.4000244140625,90.18000030517578,76.0,171706103.93293357,84.0,0.0178814957381204,0.011351613765979,-0.0044336066790942,0.0001109253236506,0.0482191481023298,0.1268117220510092,2021,2,24,2
47093.8515625,54506565949,3829.340087890625,1774.4000244140625,90.12999725341795,79.0,168466366.12287825,84.0,-0.0539697592520517,-0.0244788075251262,-0.0122467154870896,-0.0005544805010933,0.0476594338427834,0.2274451796968586,2021,2,25,3
46339.76171875,350967941479,3811.14990234375,1728.0999755859375,90.93000030517578,55.0,150107851.8658979,84.0,-0.0161420754568873,-0.0047502141699028,-0.0260933544809964,0.0088761020319179,0.0478033922786036,0.2372115806662054,2021,2,26,4
46188.453125,45910946382,3811.14990234375,1728.0999755859375,90.93000030517578,56.0,169546278.72623003,84.0,-0.003270542479989,0.0,0.0,0.0,0.0477593463909937,0.325939315866621,2021,2,27,5
45137.76953125,53443887451,3811.14990234375,1728.0999755859375,90.93000030517578,55.0,141468551.03908366,53.0,-0.0230104765667612,0.0,0.0,0.0,0.0470104064430993,0.3138069741171754,2021,2,28,6
49631.2421875,53891300112,3901.820068359375,1722.5,91.04000091552734,38.0,140388638.43573186,53.0,0.0949011603271388,0.0237907635068002,-0.0032405391268168,0.0012097284722576,0.0543866361495727,0.1264517419801885,2021,3,1,0
48378.98828125,47530897720,3870.2900390625,1733.0999755859375,90.79000091552734,78.0,154427502.27930507,53.0,-0.0255549252084907,-0.0080808516908706,0.006153831980225,-0.0027460456665852,0.0544983113069984,0.1741647430391921,2021,3,2,1
50538.2421875,53220811975,3819.719970703125,1715.300048828125,90.9499969482422,78.0,164146715.7094711,53.0,0.0436647276939014,-0.0130662218719981,-0.010270571235681,0.0017622649091468,0.0533481802755737,0.1648781592528554,2021,3,3,2
48561.16796875,52343816680,3768.469970703125,1700.199951171875,91.62999725341795,84.0,138228813.22902828,53.0,-0.0399061221991278,-0.0134172139301002,-0.0088031814996835,0.0074766391203151,0.0542979612495153,0.1914647916259608,2021,3,4,3
48927.3046875,48625928883,3841.93994140625,1698.0,91.9800033569336,77.0,160906977.89941573,53.0,0.0075114201765359,0.0194959681977822,-0.0012939367339462,0.0038197764270102,0.0487609556582609,0.1925171990652585,2021,3,5,4
48912.3828125,34363564661,3841.93994140625,1698.0,91.9800033569336,77.0,162254330.9888254,53.0,-0.0003050270395783,0.0,0.0,0.0,0.0486949122194131,0.1922061690347136,2021,3,6,5
51206.69140625,43137459378,3841.93994140625,1698.0,91.9800033569336,76.0,155665151.9066483,52.0,0.0458396233606819,0.0,0.0,0.0,0.0501545812195458,0.1233575201849306,2021,3,7,6
52246.5234375,48597428048,3821.35009765625,1677.699951171875,92.30999755859376,81.0,165260948.9419896,52.0,0.0201031365155021,-0.0053592310301612,-0.0119552702167992,0.0035876732943747,0.0483870073945252,0.0436894350775431,2021,3,8,0
54824.1171875,50912227385,3875.43994140625,1716.5999755859375,91.95999908447266,81.0,149267953.88308737,52.0,0.0481568402532353,0.0141546423038221,0.0231865205616121,-0.0037915554477068,0.0410341708990813,-0.0015535475876192,2021,3,9,1
56008.55078125,57295577614,3898.81005859375,1721.5,91.79000091552734,68.0,158863750.91842875,52.0,0.0213741797980277,0.0060303133427013,0.0028544940485566,-0.0018486099460391,0.0411050091290575,-0.0577462746515616,2021,3,10,2
57805.12109375,56772343595,3939.340087890625,1722.300048828125,91.41999816894533,73.0,140738356.51833954,52.0,0.0315730003902977,0.0103954870044358,0.0004647393715508,-0.0040309700718114,0.0373578045093498,-0.105543606207576,2021,3,11,3
57332.08984375,55689944702,3943.340087890625,1719.5,91.68000030517578,70.0,159929950.58902222,52.0,-0.0082168728531155,0.0010153984958789,-0.0016257613358544,0.0028440400507334,0.0369076674212653,-0.0382818304675712,2021,3,12,4
61243.0859375,60669829814,3943.340087890625,1719.5,91.68000030517578,74.0,152466552.89486787,52.0,0.0659904612617127,0.0,0.0,0.0,0.0389357817688707,-0.0860435776232393,2021,3,13,5
59302.31640625,43901225564,3943.340087890625,1719.5,91.68000030517578,78.0,167393348.28317663,54.0,-0.0322025926592887,0.0,0.0,0.0,0.0397736821985971,-0.0565166846019993,2021,3,14,6
55907.19921875,66419369890,3968.93994140625,1728.9000244140625,91.83000183105467,76.0,157797551.24783528,54.0,-0.0589552084168218,0.0064919213014971,0.005466719635977,0.0016361422925348,0.0377999774334069,0.0329653430283429,2021,3,15,0
56804.90234375,59749798599,3962.7099609375,1730.5999755859375,91.87000274658205,71.0,158863750.91842875,54.0,0.0159294715476091,-0.0015696837343783,0.000983255912933,0.0004355974597598,0.0364949173516735,0.0371937803838591,2021,3,16,1
58870.89453125,60258313191,3974.1201171875,1726.800048828125,91.4000015258789,71.0,145003155.2007135,54.0,0.0357241870803577,0.0028793821305308,-0.0021957279622206,-0.0051159378105124,0.03599263105997,0.0008142818345413,2021,3,17,2
57858.921875,55746041000,3915.4599609375,1732.199951171875,91.8499984741211,72.0,162062349.9302092,54.0,-0.0173391519166133,-0.0147605393194591,0.003127115005246,0.004923380095511,0.0340415160101262,0.0213776316368667,2021,3,18,3
58346.65234375,49063873786,3913.10009765625,1741.4000244140625,91.91999816894533,71.0,158357615.36380938,54.0,0.0083943190505801,-0.0006027039747036,0.0053112074249646,0.0007621088294731,0.0340311069817704,0.0177843991826063,2021,3,19,4
58313.64453125,50361731222,3913.10009765625,1741.4000244140625,91.91999816894533,75.0,167389189.0439892,54.0,-0.0005658791253751,0.0,0.0,0.0,0.0340391318845993,-0.0121713179129053,2021,3,20,5
57523.421875,51943414539,3913.10009765625,1741.4000244140625,91.91999816894533,73.0,169563074.61598912,46.0,-0.0136439041398464,0.0,0.0,0.0,0.0332563212899921,0.0214718243845781,2021,3,21,6
54529.14453125,56521454974,3940.590087890625,1737.800048828125,91.8000030517578,70.0,164128360.68598944,46.0,-0.053456881044433,0.0070251180773117,-0.0020672881218942,-0.0013054299344844,0.0367762506173271,0.0830516307184066,2021,3,22,0
54738.9453125,56435023914,3910.52001953125,1724.699951171875,92.33999633789062,66.0,174997788.54598877,46.0,0.0038401154329438,-0.0076308541839406,-0.007538322757606,0.0058822796098205,0.0343632119378151,0.0630887943270508,2021,3,23,1
52774.265625,70567223787,3889.139892578125,1732.9000244140625,92.52999877929688,65.0,165215303.47198936,46.0,-0.0365517577776576,-0.0054673360183149,0.0047544926505134,0.0020576396896421,0.0350674029185665,0.0620505436924305,2021,3,24,2
51704.16015625,67999812841,3909.52001953125,1724.9000244140625,92.87999725341795,60.0,167389189.0439892,46.0,-0.0204854329155564,0.0052402658469594,-0.0046165386850317,0.0037825405677991,0.0337280939585922,0.1280321147997565,2021,3,25,3
55137.3125,56652197978,3974.5400390625,1732.199951171875,92.7699966430664,54.0,147824218.8959905,46.0,0.0642884193198935,0.0166312026045196,0.0042320868772045,-0.0011843304651638,0.0390645272692293,0.0563627653460621,2021,3,26,4
55973.51171875,47266542233,3974.5400390625,1732.199951171875,92.7699966430664,65.0,172823902.97398886,46.0,0.0150519089748232,0.0,0.0,0.0,0.0339604454797135,0.0682416117724211,2021,3,27,5
55950.74609375,47686580918,3974.5400390625,1732.199951171875,92.7699966430664,74.0,172823902.97398886,45.0,-0.0004068041327035,0.0,0.0,0.0,0.0331505133738505,0.0760350673943062,2021,3,28,6
57750.19921875,57625587027,3971.090087890625,1712.0999755859375,92.94000244140624,72.0,164128360.68598944,45.0,0.031655029393317,-0.0008680126852336,-0.0116037271403566,0.0018325515197972,0.0305367854196134,0.0371124937271929,2021,3,29,0
58917.69140625,54414116432,3958.550048828125,1683.9000244140625,93.3000030517578,72.0,158693646.7559898,45.0,0.0200146099199841,-0.0031578329337678,-0.0164709722411064,0.0038734732181497,0.0306960260100443,0.0778334234683462,2021,3,30,1
58918.83203125,65520826225,3972.889892578125,1713.800048828125,93.2300033569336,76.0,170650017.401989,45.0,1.935944759335448e-05,0.0036224990395776,0.0177564130771163,-0.0007502646573911,0.0291594371745325,0.0711294358148038,2021,3,31,2
59095.80859375,61669163792,4019.8701171875,1726.5,92.93000030517578,74.0,157606703.96998987,45.0,0.0029992328786879,0.0118252017749447,0.0074104042537279,-0.0032178809498616,0.0287158082716893,0.071379057591,2021,4,1,3
59384.3125,58727860620,4019.8701171875,1726.5,92.93000030517578,74.0,160517766.38346806,45.0,0.0048700908440883,0.0,0.0,0.0,0.0286693006667007,0.036852772565145,2021,4,2,4
57603.890625,59641344484,4019.8701171875,1726.5,92.93000030517578,73.0,150672055.73110902,45.0,-0.0304399811679686,0.0,0.0,0.0,0.029895036858712,0.0534673900336051,2021,4,3,5
58758.5546875,50749662970,4019.8701171875,1726.5,92.93000030517578,74.0,167924581.1965032,42.0,0.0198466431323784,0.0,0.0,0.0,0.0301111310554941,-0.0432681012538732,2021,4,4,6
59057.87890625,60706272115,4077.909912109375,1727.0,92.5999984741211,71.0,179426264.84009933,42.0,0.0050812073262131,0.0144382264177436,0.0002896032435564,-0.0035510796295166,0.0257928047837501,-0.0564465460492047,2021,4,5,0
58192.359375,66058027988,4073.93994140625,1741.5,92.33999633789062,75.0,165624244.467784,42.0,-0.0147638975496215,-0.0009735307519511,0.0083960625361898,-0.0028077984936806,0.0263800462145968,-0.0295455991725718,2021,4,6,1
56048.9375,75645303584,4079.949951171875,1740.0999755859375,92.45999908447266,72.0,180576433.2044589,42.0,-0.0375288708531642,0.0014752327849856,-0.0008039186988587,0.0012995749549622,0.0264924515726404,-0.0382317266272889,2021,4,7,2
58323.953125,53053855641,4097.169921875,1756.800048828125,92.05999755859376,73.0,154122560.82418784,42.0,0.0397876757042268,0.0042206328286402,0.0095971918145474,-0.0043262116573618,0.0270783105759891,-0.1125040285495908,2021,4,8,3
58245.00390625,46655208546,4128.7998046875,1743.300048828125,92.16000366210938,70.0,174825591.38266087,42.0,-0.0013545498361146,0.0077199343487381,-0.0076844260159288,0.001086314427197,0.0215079651036413,-0.122780514771888,2021,4,9,4
59793.234375,58238470525,4128.7998046875,1743.300048828125,92.16000366210938,70.0,180576433.2044589,42.0,0.0262341980966649,0.0,0.0,0.0,0.0221645302340054,-0.162934273239003,2021,4,10,5
60204.96484375,46280252580,4128.7998046875,1743.300048828125,92.16000366210938,76.0,166774412.8321436,53.0,0.0068623043874026,0.0,0.0,0.0,0.0221144797395288,-0.186042977793762,2021,4,11,6
59893.453125,51828688519,4127.990234375,1731.199951171875,92.13999938964844,74.0,165624244.467784,53.0,-0.0051876189981433,-0.0001960788487688,-0.0069409151134848,-0.0002170602394317,0.020864681522561,-0.0980357436812924,2021,4,12,0
63503.45703125,69983454362,4141.58984375,1746.199951171875,91.8499984741211,74.0,163323907.73906472,53.0,0.0585271434502676,0.0032944868090414,0.0086645104107392,-0.0031473943721332,0.0256364589017026,-0.1333839170296155,2021,4,13,1
63109.6953125,77451779687,4124.66015625,1734.9000244140625,91.69000244140624,75.0,155272729.1885475,53.0,-0.0062199381491709,-0.0040877267278285,-0.0064711528311687,-0.0017419274400959,0.0257953191280236,-0.1312792297043306,2021,4,14,2
63314.01171875,60954381579,4170.419921875,1765.4000244140625,91.66999816894533,79.0,198514005.7096344,53.0,0.0032322511169766,0.0110941905251664,0.0175802637447659,-0.0002181728861193,0.0257938460731577,-0.1541349549464731,2021,4,15,3
61572.7890625,84293007468,4185.47021484375,1779.0,91.55999755859376,78.0,120743465.5644424,53.0,-0.0278866218745685,0.0036088195555097,0.0077036226338851,-0.0011999630473301,0.0272400980444387,-0.0620828346328411,2021,4,16,4
60683.8203125,66138759198,4185.47021484375,1779.0,91.55999755859376,76.0,106676265.69285686,53.0,-0.0145429261014051,0.0,0.0,0.0,0.0260879407697118,-0.0470598178648576,2021,4,17,5
56216.18359375,97468872758,4185.47021484375,1779.0,91.55999755859376,79.0,145361065.33971703,70.0,-0.0764724310981193,0.0,0.0,0.0,0.0328117184668804,0.0073803396944955,2021,4,18,6
55724.265625,65344865159,4163.259765625,1769.4000244140625,91.06999969482422,74.0,113709865.62864962,70.0,-0.0087889791177966,-0.005306560094486,-0.0053962763271149,-0.0053516587684043,0.0327689320589847,0.0264880537624851,2021,4,19,0
56473.03125,67849323955,4134.93994140625,1777.300048828125,91.23999786376952,73.0,150050131.96357888,70.0,0.013347500558966,-0.0068023197717759,0.0044648040607315,0.0018666758484131,0.0329023624012291,-0.0555927691149038,2021,4,20,1
53906.08984375,54926612466,4173.419921875,1792.300048828125,91.16000366210938,73.0,118398932.25251149,70.0,-0.0465197455418273,0.0093060554721535,0.008439767955833,-0.0008767448874735,0.0336832224100183,0.0652601214249983,2021,4,21,2
51762.2734375,74798630778,4134.97998046875,1781.199951171875,91.33000183105467,65.0,167634131.8030608,70.0,-0.0405818837468071,-0.0092106574765618,-0.0061932139451247,0.0018648328446257,0.0326527271739344,0.0895293401881891,2021,4,22,3
51093.65234375,86668667320,4180.169921875,1777.0,90.86000061035156,55.0,158255998.5553371,70.0,-0.0130013026852043,0.0109286965401769,-0.0023579335768069,-0.0051461864806764,0.0326182018445972,0.1225739345832082,2021,4,23,4
50050.8671875,49014494781,4180.169921875,1777.0,90.86000061035156,37.0,169978665.11499172,70.0,-0.0206204371801107,0.0,0.0,0.0,0.0310769600167727,0.1748802897552193,2021,4,24,5
49004.25390625,46117114240,4180.169921875,1777.0,90.86000061035156,31.0,165289598.49112985,52.0,-0.0211327232789663,0.0,0.0,0.0,0.0306507704118391,0.1883114579737139,2021,4,25,6
54021.75390625,58284039825,4187.6201171875,1779.199951171875,90.80999755859376,27.0,133638398.78006244,52.0,0.0974797068019545,0.0017822709248045,0.0012380141653769,-0.0005503307442429,0.0437554367809445,0.0340241261314795,2021,4,26,0
55033.1171875,49448222757,4186.72021484375,1778.0,90.91000366210938,50.0,166461865.14709532,52.0,0.0185483191486537,-0.0002148958880143,-0.0006744330062985,0.0011012675498762,0.0401393874594055,0.0303718400241672,2021,4,27,1
54824.703125,48000572955,4183.18017578125,1773.199951171875,90.61000061035156,59.0,166461865.14709532,52.0,-0.0037942553737364,-0.0008455399168898,-0.0026996900045697,-0.0033000004363969,0.0401595579706242,-0.1034965562114021,2021,4,28,2
53555.109375,46088929780,4211.47021484375,1768.0999755859375,90.61000061035156,52.0,143016532.0277861,52.0,-0.0234296738251332,0.0067628067340457,-0.0028761424127984,0.0,0.0401467978857385,-0.0716816381023403,2021,4,29,3
57750.17578125,52395931985,4181.169921875,1767.300048828125,91.27999877929688,51.0,169978665.11499172,52.0,0.0754151877209619,-0.0071947066993264,-0.0004524216779921,0.007394307079044,0.0463212600976948,-0.1362704185491859,2021,4,30,4
57828.05078125,42836427360,4181.169921875,1767.300048828125,91.27999877929688,68.0,158954589.9843886,52.0,0.0013475723603123,0.0,0.0,0.0,0.0462290753842865,-0.1913926395879595,2021,5,1,5
56631.078125,38177405335,4181.169921875,1767.300048828125,91.27999877929688,66.0,189527186.50027972,44.0,-0.0209160475902243,0.0,0.0,0.0,0.0419267841424996,-0.1796720081646865,2021,5,2,6
57200.29296875,51713139031,4192.66015625,1791.4000244140625,90.9499969482422,61.0,181331416.27324063,44.0,0.0100011022054022,0.0027480907472536,0.0136366066429511,-0.0036152698889992,0.0418807614475708,-0.2388585886695428,2021,5,3,0
53333.5390625,68564706967,4164.66015625,1775.800048828125,91.29000091552734,68.0,185429301.3867602,44.0,-0.0699936362237769,-0.0066783376082272,-0.0087082591120539,0.0037383615029547,0.0457017962072787,-0.1954518095364769,2021,5,4,1
57424.0078125,69241316747,4167.58984375,1784.0999755859375,91.30999755859376,48.0,160841990.70564282,44.0,0.0738970864744768,0.0007034637617677,0.0046739083959872,0.0002190452718355,0.0485705899370893,-0.3556276753258008,2021,5,5,2
56396.515625,69523285106,4201.6201171875,1815.5,90.9499969482422,65.0,174160117.3245814,44.0,-0.0180550935576416,0.0081654564660518,0.0175999242440154,-0.0039426198661384,0.0473351650407025,-0.276857127975271,2021,5,6,3
57356.40234375,68434023376,4232.60009765625,1831.0999755859373,90.2300033569336,64.0,176209059.88134116,44.0,0.0168770967814349,0.0073733416169683,0.0085926607468671,-0.0079163674048096,0.0470339262845577,-0.3495984775566209,2021,5,7,4
58803.77734375,65382980634,4232.60009765625,1831.0999755859373,90.2300033569336,67.0,175184588.60296133,44.0,0.0249216197027896,0.0,0.0,0.0,0.0463942777039314,-0.3616628980639862,2021,5,8,5
58232.31640625,65906690347,4232.60009765625,1831.0999755859373,90.2300033569336,73.0,190551657.77865964,60.0,-0.0097656280340285,0.0,0.0,0.0,0.0458666846152804,-0.4028988682387685,2021,5,9,6
55859.796875,71776546298,4188.43017578125,1837.5,90.20999908447266,72.0,184404830.1083803,60.0,-0.0415955411597145,-0.0104356473221881,0.0034951802192091,-0.0002217031111236,0.0400809434719928,-0.3070869814409793,2021,5,10,0
56704.57421875,61308396325,4152.10009765625,1835.9000244140625,90.13999938964844,61.0,176209059.88134116,60.0,0.0150099573442893,-0.0086739128027181,-0.0008707350127551,-0.0007759638125999,0.0399846885230419,-0.3227667576145581,2021,5,11,1
49150.53515625,75215403907,4063.0400390625,1822.5999755859373,90.70999908447266,68.0,176209059.88134116,60.0,-0.142967146773037,-0.0214494006645027,-0.00724442978989,0.006323493440024,0.0541106439082553,-0.2005336443675865,2021,5,12,2
49716.19140625,96721152926,4112.5,1823.800048828125,90.75,31.0,185896531.25400168,60.0,0.0114429281100927,0.0121731414069234,0.0006584402821587,0.0004409758122705,0.0540766570263454,-0.2268722188327573,2021,5,13,3
49880.53515625,55737497453,4173.85009765625,1837.9000244140625,90.31999969482422,26.0,166839065.28467855,60.0,0.0033001867597661,0.0149179568768997,0.0077310972740665,-0.0047382953738378,0.048756830363136,-0.2843379615529824,2021,5,14,4
46760.1875,59161047474,4173.85009765625,1837.9000244140625,90.31999969482422,27.0,153143321.1195184,60.0,-0.0645987031952838,0.0,0.0,0.0,0.0506426153870098,-0.2597107014113234,2021,5,15,5
46456.05859375,64047871555,4173.85009765625,1837.9000244140625,90.31999969482422,20.0,164348929.98192218,100.0,-0.006525257090234,0.0,0.0,0.0,0.0506364075078799,-0.2320026712070235,2021,5,16,6
43537.51171875,74903638450,4163.2900390625,1867.5,90.22000122070312,27.0,150653185.81676203,100.0,-0.0648839844864655,-0.0025300521932207,0.0161053241159698,-0.0011071576002986,0.0518373928162914,-0.1425128815372304,2021,5,17,0
42909.40234375,56187365084,4127.830078125,1867.800048828125,89.75,21.0,124506765.13781984,100.0,-0.0145319340846282,-0.0085172929593646,0.0001606687165327,-0.0052095013782295,0.0498338715547187,-0.1450609009334438,2021,5,18,1
37002.44140625,126358098747,4115.68017578125,1881.300048828125,90.19000244140624,23.0,155633456.42227483,100.0,-0.1481070763518866,-0.0029434114568177,0.0072277543886296,0.0049025341660864,0.0526066578181804,0.0154783916812921,2021,5,19,2
40782.73828125,88281943359,4159.1201171875,1881.800048828125,89.80999755859375,11.0,139447576.95435822,100.0,0.0972750161239599,0.0105547417561433,0.0002657736602469,-0.0042133814450152,0.0633391376928616,-0.038594089621825,2021,5,20,3
37304.69140625,82051616861,4155.85986328125,1876.699951171875,90.0199966430664,19.0,136957441.6516018,100.0,-0.0891398168367919,-0.0007838806801412,-0.0027102229375677,0.0023382595499532,0.0645120329295582,-0.010998218743642,2021,5,21,4
37536.6328125,57377273240,4155.85986328125,1876.699951171875,90.0199966430664,12.0,144427847.55987102,100.0,0.0061982374372439,0.0,0.0,0.0,0.0634912007648064,-0.0528730371518323,2021,5,22,5
34770.58203125,78469274361,4155.85986328125,1876.699951171875,90.0199966430664,14.0,148163050.51400563,70.0,-0.0765456457983329,0.0,0.0,0.0,0.0642465444483532,0.0314000172334978,2021,5,23,6
38705.98046875,67359584098,4197.0498046875,1884.5999755859373,89.83000183105469,10.0,156878524.07365298,70.0,0.1072224368266423,0.0099112921901385,0.0042095298234166,-0.0021105845267364,0.0752639429096364,-0.1329322594386708,2021,5,24,0
38402.22265625,56211915803,4188.1298828125,1898.0999755859373,89.63999938964844,22.0,153143321.1195184,70.0,-0.0078787825810242,-0.0021252837802967,0.0071633238750323,-0.002115133446881,0.0746120132847503,-0.1283673053999051,2021,5,25,1
39294.19921875,51346735160,4195.990234375,1901.300048828125,90.04000091552734,22.0,151898253.46814018,70.0,0.0229615658127685,0.0018768165702687,0.0016859350315305,0.0044623106716028,0.0686037127842955,-0.0496021846417972,2021,5,26,2
38436.96875,43210968721,4200.8798828125,1895.699951171875,89.97000122070312,27.0,145672915.21124923,70.0,-0.0220571810715349,0.0011653145418315,-0.0029454044666445,-0.0007774288550917,0.0682405722381881,-0.045122473237435,2021,5,27,3
35697.60546875,55200191952,4204.10986328125,1902.5,90.02999877929688,21.0,148163050.51400563,70.0,-0.0739361115014423,0.0007688818911402,0.0035870913136444,0.0006668618181584,0.0695133307570848,0.0458516179798911,2021,5,28,4
34616.06640625,45231013335,4204.10986328125,1902.5,90.02999877929688,18.0,144427847.55987102,70.0,-0.030765691542153,0.0,0.0,0.0,0.0685711042655859,0.0270524446007223,2021,5,29,5
35678.12890625,31646080921,4204.10986328125,1902.5,90.02999877929688,10.0,151858199.84334671,50.0,0.0302199440789862,0.0,0.0,0.0,0.0698039300634368,0.0958494902503404,2021,5,30,6
37332.85546875,39009847639,4204.10986328125,1902.5,90.02999877929688,18.0,147526659.02062267,50.0,0.0453359172324649,0.0,0.0,0.0,0.0703171776045767,0.0772944115181719,2021,5,31,0
36684.92578125,34639423297,4202.0400390625,1902.9000244140625,89.83000183105469,20.0,148572947.38247102,50.0,-0.0175078535731165,-0.0004923335226864,0.0002102625041064,-0.0022214478613119,0.0703401889246679,0.1014406781736494,2021,6,1,1
37575.1796875,33070867190,4208.1201171875,1907.5,89.9000015258789,23.0,173683868.0668324,50.0,0.0239777887023138,0.0014469348384307,0.0024173501113669,0.0007792462807232,0.0600895814914886,0.020542358517497,2021,6,2,2
39208.765625,35460750427,4192.85009765625,1871.199951171875,90.5,24.0,153804389.191713,50.0,0.04255661695137,-0.0036287033416374,-0.0190301697657273,0.0066740652273333,0.0543987024125081,-0.029464373599494,2021,6,3,3
36894.40625,41831090187,4229.89013671875,1889.800048828125,90.13999938964844,27.0,137063775.4021388,50.0,-0.0608403872671256,0.0088340957105059,0.0099401978097537,-0.0039779072967023,0.0516699284718035,-0.030008889389567,2021,6,4,4
35551.95703125,35959473399,4229.89013671875,1889.800048828125,90.13999938964844,24.0,137063775.4021388,50.0,-0.0370647425747764,0.0,0.0,0.0,0.0525504251582701,0.0017977649569,2021,6,5,5
35862.37890625,28913440585,4229.89013671875,1889.800048828125,90.13999938964844,17.0,156943254.27725816,54.0,0.0086935998501888,0.0,0.0,0.0,0.0484295479858228,-0.0045753247903307,2021,6,6,6
33560.70703125,33683936663,4226.52001953125,1896.800048828125,89.94999694824219,15.0,139156352.12583557,54.0,-0.066332855635343,-0.0007967387044511,0.0037040955757943,-0.0021078593598046,0.0399198165891862,-0.0561374845327514,2021,6,7,0
33472.6328125,49902050442,4227.259765625,1892.199951171875,90.08000183105467,13.0,155896965.91540977,54.0,-0.0026277750634577,0.0001750248645058,-0.0024251884952724,0.0014453016923092,0.0399596986844585,-0.0288884552842492,2021,6,8,1
37345.12109375,53972919008,4219.5498046875,1893.199951171875,90.12000274658205,14.0,131832333.59289683,54.0,0.1094741023821375,-0.0018238673194856,0.000528485374593,0.0004440598880355,0.0516342709767547,-0.0969897444141957,2021,6,9,2
36702.59765625,43576032854,4239.18017578125,1894.199951171875,90.08000183105467,21.0,123462026.69810976,54.0,-0.0173547429931283,0.0046522430122621,0.0005282062253282,-0.0004438627863763,0.051515538411732,-0.0555862605518491,2021,6,10,3
37334.3984375,38699736985,4247.43994140625,1877.4000244140625,90.55999755859376,21.0,109860277.9940807,54.0,0.0170675784159861,0.001948434669559,-0.0088691411629585,0.0053285492649,0.0476573969482981,-0.1525836595482174,2021,6,11,4
35552.515625,37924228550,4247.43994140625,1877.4000244140625,90.55999755859376,28.0,138110063.76398718,54.0,-0.0489041950404055,0.0,0.0,0.0,0.0488420384905845,-0.094683546918489,2021,6,12,5
39097.859375,40669112838,4247.43994140625,1877.4000244140625,90.55999755859376,23.0,136724465.12868512,42.0,0.0950568012946575,0.0,0.0,0.0,0.0549552478361743,-0.1137713142063804,2021,6,13,6
40218.4765625,43148914673,4255.14990234375,1864.0,90.5199966430664,28.0,133766696.2189013,42.0,0.0282587879663206,0.0018152018730952,-0.0071375435388335,-0.0004417062346039,0.0542004495756369,-0.1438179941005815,2021,6,14,0
40406.26953125,46420149185,4246.58984375,1854.5,90.54000091552734,38.0,129803238.5531561,42.0,0.0046584533275275,-0.0020116937805257,-0.0050965665236051,0.0002209928546486,0.0537676419982273,-0.1123214847633967,2021,6,15,1
38347.0625,39211635100,4223.7001953125,1859.5,91.12999725341795,33.0,121876323.22166562,42.0,-0.052307031596144,-0.0053901246128557,0.0026961445133459,0.0065164163013549,0.0557642235585219,-0.0862185092404405,2021,6,16,2
38053.50390625,37096670047,4221.85986328125,1773.800048828125,91.88999938964844,26.0,128812374.13671976,42.0,-0.0076847607876689,-0.0004357155920517,-0.0460876317138343,0.0083397581382234,0.054561017454725,-0.1177654160255651,2021,6,17,3
35787.24609375,36200887275,4166.4501953125,1767.9000244140625,92.2300033569336,25.0,122867187.63810194,42.0,-0.0614015913917366,-0.0131244687799005,-0.0033262060275397,0.0037001193769019,0.0546045272641183,-0.0528176773870318,2021,6,18,4
35615.87109375,31207279719,4166.4501953125,1767.9000244140625,92.2300033569336,23.0,102059034.89293952,42.0,-0.0048002198172942,0.0,0.0,0.0,0.0536667483930736,-0.0265983728505868,2021,6,19,5
35698.296875,36664034054,4166.4501953125,1767.9000244140625,92.2300033569336,21.0,104040763.72581212,52.0,0.0023116253137915,0.0,0.0,0.0,0.0536269593831765,-0.0114995857207823,2021,6,20,6
31676.693359375,52809038594,4224.7900390625,1781.800048828125,91.86000061035156,23.0,104040763.72581212,52.0,-0.119521795848678,0.0140022899627207,0.0078624493591878,-0.0040117394894816,0.0594100977353141,0.0653259645316661,2021,6,21,0
32505.66015625,58964353058,4246.43994140625,1776.300048828125,91.7300033569336,10.0,90168661.89570382,52.0,0.0258330476093931,0.0051244919022186,-0.0030867661069026,-0.0014151671299175,0.0599015738049798,0.0532071998518526,2021,6,22,1
33723.02734375,46317108925,4241.83984375,1782.300048828125,91.8000030517578,14.0,100077306.0600669,52.0,0.0367666751556131,-0.0010832833431588,0.0033778077098844,0.0007631057697865,0.0512604122302746,0.0039231584964605,2021,6,23,2
34662.4375,33123368116,4266.490234375,1775.5999755859375,91.81999969482422,22.0,104040763.72581212,52.0,0.0274756998576433,0.0058112497248854,-0.0037592285578361,0.0002178283486018,0.0519149500278805,-0.0514985827597958,2021,6,24,3
31637.779296875,40230904226,4280.7001953125,1776.5999755859375,91.80999755859376,27.0,108995085.80799364,52.0,-0.0913046539742626,0.0033305973193167,0.0005631899153806,-0.0001089320002582,0.0561517054983715,0.0682801533446557,2021,6,25,4
32186.27734375,38585385521,4280.7001953125,1776.5999755859375,91.80999755859376,20.0,88186933.06283121,52.0,0.0171882384009229,0.0,0.0,0.0,0.055501682217,0.0414537591051697,2021,6,26,5
34649.64453125,35511640894,4280.7001953125,1776.5999755859375,91.80999755859376,22.0,58461000.56974205,35.0,0.0737472744793095,0.0,0.0,0.0,0.0523742631572058,-0.0118170629681558,2021,6,27,6
34434.3359375,33892523752,4290.60986328125,1779.5999755859375,91.87999725341795,25.0,86205204.22995861,35.0,-0.0062332624557557,0.0023149642620619,0.0016886187331002,0.0007624408744759,0.0513528147919732,-0.0371282978585827,2021,6,28,0
35867.77734375,37901460044,4291.7998046875,1762.800048828125,92.0500030517578,25.0,89177797.47926754,35.0,0.0407851211241398,0.0002773361932608,-0.0094402826412048,0.0018503026058103,0.0530732836574162,-0.0882617264734592,2021,6,29,1
35040.8359375,34059036099,4297.5,1770.800048828125,92.44000244140624,28.0,88186933.06283121,35.0,-0.0233252029658524,0.0013281596467464,0.0045382345010247,0.0042368210398553,0.0518093129818589,-0.0633115113237301,2021,6,30,2
33572.1171875,37838957079,4319.93994140625,1775.9000244140625,92.5999984741211,28.0,94132119.56144908,35.0,-0.0428182456008745,0.0052216268542757,0.0028800403463464,0.0017308094817096,0.0527382484180832,-0.0533593609466188,2021,7,1,3
33897.046875,38728974942,4352.33984375,1782.5999755859375,92.2300033569336,21.0,89177797.47926754,35.0,0.0096320209134398,0.0075000816639139,0.0037727074045654,-0.0039956276812563,0.050696413509203,-0.0730301911440478,2021,7,2,4
34668.546875,24383958643,4352.33984375,1782.5999755859375,92.2300033569336,24.0,98706076.21227616,35.0,0.0225049480213451,0.0,0.0,0.0,0.0511391888922961,-0.0904415903824927,2021,7,3,5
35287.78125,24924307911,4352.33984375,1782.5999755859375,92.2300033569336,27.0,82108836.0775171,29.0,0.0177039180109181,0.0,0.0,0.0,0.0513772174475912,-0.098928597363287,2021,7,4,6
33746.00390625,26721554282,4352.33984375,1782.5999755859375,92.2300033569336,29.0,94246664.01941094,29.0,-0.0446747562616674,0.0,0.0,0.0,0.0421829243025953,-0.0867709220663511,2021,7,5,0
34235.1953125,26501259870,4343.5400390625,1793.5,92.5500030517578,20.0,101386562.80876024,29.0,0.0143922100794616,-0.0020218560598241,0.0061146777534761,0.0034695834671696,0.0418541937701257,-0.1293361295541754,2021,7,6,1
33855.328125,24796027477,4358.1298828125,1801.5,92.63999938964844,28.0,87820755.10899657,29.0,-0.0111578266503012,0.0033589753101825,0.0044605519933091,0.0009724077247226,0.04091776655302,-0.0515320589770535,2021,7,7,2
32877.37109375,29910396946,4320.81982421875,1799.5999755859375,92.36000061035156,20.0,99244593.17195548,29.0,-0.0293117785379641,-0.0085610249343169,-0.0010546902104149,-0.0030224393473836,0.040870177970359,-0.0171627355298875,2021,7,8,3
33798.01171875,27436021028,4369.5498046875,1810.0,92.12999725341795,20.0,93532674.14047602,29.0,0.0276173634478732,0.0112779478087958,0.0057790756585647,-0.0024902918515985,0.0335401609998149,-0.0064045464952576,2021,7,9,4
33520.51953125,22971873468,4369.5498046875,1810.0,92.12999725341795,20.0,114952370.50852396,29.0,-0.0082442012335933,0.0,0.0,0.0,0.0335266912979045,0.0230284551684933,2021,7,10,5
34240.1875,20108729370,4369.5498046875,1810.0,92.12999725341795,20.0,89248734.86686642,28.0,0.0212422526738748,0.0,0.0,0.0,0.0268558222733797,0.0324180467761749,2021,7,11,6
33155.84765625,24321499537,4384.6298828125,1805.5,92.2300033569336,25.0,89962724.74580133,28.0,-0.032180926347831,0.003451174331237,-0.0024861878453038,0.0010854890534788,0.0281041858771728,0.1261221713694216,2021,7,12,0
32702.025390625,19120856669,4369.2099609375,1809.4000244140625,92.75,20.0,97102623.53515066,28.0,-0.0137820864258006,-0.0035168126585656,0.0021600799856342,0.0056380421136275,0.0251855380377815,0.2050306039315583,2021,7,13,1
32822.34765625,21376531210,4374.2998046875,1824.300048828125,92.41000366210938,21.0,121378279.41893832,28.0,0.0036725998364308,0.0011649345752446,0.0082347873400121,-0.003665728710411,0.0248268716963923,0.2185571449330503,2021,7,14,2
31780.73046875,21300524237,4360.02978515625,1828.4000244140625,92.62000274658205,20.0,91390704.5036712,28.0,-0.0322494683568424,-0.0032622408541723,0.0022474239303842,0.002272471335901,0.0237693218646451,0.2588893107520071,2021,7,15,3
31421.5390625,23699476918,4327.16015625,1814.5,92.69000244140624,22.0,107098481.84023967,28.0,-0.0113665308584862,-0.0075388542110778,-0.0076022884644825,0.000755772972883,0.0235248292296826,0.3441590747986613,2021,7,16,4
31533.068359375,18895018942,4327.16015625,1814.5,92.69000244140624,15.0,101997588.09440474,28.0,0.0035431692173462,0.0,0.0,0.0,0.0223004427073021,0.3200807114009965,2021,7,17,5
31796.810546875,18787986667,4327.16015625,1814.5,92.69000244140624,19.0,97872242.0886884,34.0,0.0083292031131755,0.0,0.0,0.0,0.0216363989607397,0.2571982486205284,2021,7,18,6
30817.83203125,20434789545,4258.490234375,1808.699951171875,92.88999938964844,24.0,115543619.13247934,34.0,-0.0312725029887108,-0.0158695124274093,-0.0031964997674979,0.0021576970867878,0.0201885000670933,0.2720539612503667,2021,7,19,0
29807.34765625,23148267245,4323.06005859375,1810.9000244140625,92.97000122070312,19.0,82919538.43624988,34.0,-0.0333385557342124,0.0151626094378556,0.0012163837571632,0.0008612534350345,0.0204009141030026,0.2799857574966113,2021,7,20,1
32110.693359375,28203024559,4358.68994140625,1802.9000244140625,92.75,10.0,98551910.4365265,34.0,0.0744341723569321,0.0082418199908353,-0.0044176928003457,-0.0023663678370925,0.0308925042380739,0.2378276439379769,2021,7,21,2
32313.10546875,19555230518,4367.47998046875,1805.0,92.81999969482422,21.0,103989257.2192314,34.0,0.0062837888821696,0.0020166699583279,0.0011647765031341,0.0007547136908272,0.0300746261289029,0.2647981088362101,2021,7,22,3
33581.55078125,22552046192,4411.7900390625,1801.4000244140625,92.91000366210938,23.0,91755226.95814537,34.0,0.0385039422719045,0.0101454520208228,-0.0019944463079986,0.0009696613615715,0.0310391810153266,0.2750006775716345,2021,7,23,4
34292.4453125,21664706865,4411.7900390625,1801.4000244140625,92.91000366210938,22.0,104668925.56706952,34.0,0.0209482443566698,0.0,0.0,0.0,0.0314335348071021,0.2992891109170592,2021,7,24,5
35350.1875,20856685287,4411.7900390625,1801.4000244140625,92.91000366210938,27.0,103989257.2192314,39.0,0.0303786197976587,0.0,0.0,0.0,0.0319736542150437,0.2389783558432328,2021,7,25,6
37337.53515625,51022126212,4422.2998046875,1798.699951171875,92.6500015258789,26.0,101950252.17571706,39.0,0.0546954286916119,0.0023821998626283,-0.0014988748782024,-0.0027984299427651,0.0332970673153286,0.2417906578385587,2021,7,26,0
39406.94140625,35097370560,4401.4599609375,1799.5,92.43000030517578,32.0,115543619.13247934,39.0,0.0539428534880362,-0.0047124448070912,0.000444792822507,-0.0023745409290865,0.0347616378532291,0.1567766901790086,2021,7,27,1
39995.90625,38702404695,4400.64013671875,1799.5,92.31999969482422,50.0,106707930.61058386,39.0,0.0148351265164555,-0.0001862618826539,0.0,-0.0011900963971478,0.0346354613306863,0.1399575855028914,2021,7,28,2
40008.421875,27167146027,4419.14990234375,1831.199951171875,91.86000061035156,50.0,108746935.6540982,39.0,0.0003128737005963,0.0042061529800074,0.0176159773114059,-0.0049826590770498,0.0323063891879398,0.1104734198541792,2021,7,29,3
42235.546875,33072782960,4395.259765625,1812.5999755859373,92.16999816894533,53.0,112824945.7411269,39.0,0.0541722306526184,-0.0054060480514769,-0.0101572608573052,0.0033746740315045,0.0327395165741221,0.1315899484845961,2021,7,30,4
41626.1953125,25802845343,4395.259765625,1812.5999755859373,92.16999816894533,60.0,112465862.1258896,39.0,-0.0145325453751505,0.0,0.0,0.0,0.0338458778126285,0.1314256553818931,2021,7,31,5
39974.89453125,26688438115,4395.259765625,1812.5999755859373,92.16999816894533,60.0,110975800.79118258,33.0,-0.0404780437557139,0.0,0.0,0.0,0.0374224213474426,0.176913771954331,2021,8,1,6
39201.9453125,25595265436,4387.16015625,1818.0999755859373,92.0500030517578,48.0,103048957.87752669,33.0,-0.0195252494648086,-0.0018428056148913,0.0030343153889882,-0.0013018891132834,0.0364058534310326,0.1735255484969755,2021,8,2,0
38152.98046875,26189830450,4423.14990234375,1810.0999755859373,92.08000183105467,48.0,121785132.03707698,33.0,-0.0271224912051319,0.0082034265474622,-0.0044001980679977,0.0003258965595036,0.0357898531120801,0.1714775313978072,2021,8,3,1
39747.50390625,25372562724,4402.66015625,1810.5,92.2699966430664,42.0,98004603.29610927,33.0,0.0409431646384763,-0.0046323879014122,0.000220995756841,0.0020633667271239,0.0323931088107064,0.1271446782084684,2021,8,4,2
40869.5546875,35185031017,4429.10009765625,1805.0999755859373,92.23999786376952,50.0,115299533.28954034,33.0,0.0278383573712466,0.0060054468134942,-0.002982614976008,-0.000325119544687,0.0324266594160959,0.1430899720394709,2021,8,5,3
42816.5,38226483046,4436.52001953125,1760.0,92.8000030517578,52.0,114578911.20648073,33.0,0.0465381406264162,0.0016752662417647,-0.0249847521998319,0.006071175205526,0.0329346099237898,0.1523402375544473,2021,8,6,4
44555.80078125,40030862141,4436.52001953125,1760.0,92.8000030517578,69.0,120343887.87095772,33.0,0.0398188114587759,0.0,0.0,0.0,0.0334842078827806,0.0976234593471931,2021,8,7,5
43798.1171875,36302664750,4436.52001953125,1760.0,92.8000030517578,74.0,113858289.12342106,36.0,-0.0171515239020897,0.0,0.0,0.0,0.034647302397066,0.1261135297803719,2021,8,8,6
46365.40234375,38734079049,4432.35009765625,1723.4000244140625,92.9499969482422,65.0,109534556.62506332,36.0,0.0569627120900683,-0.0009399082741974,-0.0207954406738281,0.0016163134865492,0.0348667403377675,0.0686017144889235,2021,8,9,0
45585.03125,33546019517,4436.75,1728.800048828125,93.05999755859376,71.0,118902643.70483848,36.0,-0.0169741413926082,0.0009926793341701,0.0031333551918095,0.001183438557968,0.0339409249969982,0.0465303166266888,2021,8,10,1
45593.63671875,34319709073,4442.41015625,1750.4000244140625,92.91000366210938,70.0,105931446.20976518,36.0,0.0001887605723412,0.0012757437876824,0.0124942011660511,-0.0016117977693899,0.0340374834921585,0.0738513658061692,2021,8,11,2
44428.2890625,33723620826,4460.830078125,1749.0,93.04000091552734,70.0,108813934.5420037,36.0,-0.0258917535442005,0.0041463802816776,-0.0007998311211925,0.0013991739134004,0.0352795714235366,0.0565839860266395,2021,8,12,3
47793.3203125,31744259539,4468.0,1775.199951171875,92.5199966430664,70.0,108175319.62792765,36.0,0.0730094797189174,0.0016073066558082,0.0149799606471554,-0.0055890398467758,0.0376880055033765,0.0264754080272395,2021,8,13,4
47096.9453125,31211354442,4468.0,1775.199951171875,92.5199966430664,76.0,126820808.5468918,36.0,-0.0146777437579731,0.0,0.0,0.0,0.0376950175560279,0.0383349072698948,2021,8,14,5
47047.00390625,30988958446,4468.0,1775.199951171875,92.5199966430664,71.0,140740165.58252627,32.0,-0.0010609584864258,0.0,0.0,0.0,0.035146640524341,0.0378946155328534,2021,8,15,6
46004.484375,32776876610,4479.7099609375,1786.9000244140625,92.62999725341795,72.0,124500915.7076194,32.0,-0.0224083069211652,0.0026208507022158,0.0065908481095122,0.0011889387628918,0.0353494169249721,0.0228347304457752,2021,8,16,0
44695.359375,33451362600,4448.080078125,1785.0,93.12999725341795,72.0,133007189.45161822,32.0,-0.0288691990345873,-0.0070606988149475,-0.0010633076210772,0.0053978194410617,0.035495514157308,0.0552927229931239,2021,8,17,1
44801.1875,32194123075,4400.27001953125,1781.5999755859375,93.13999938964844,73.0,104395177.76725852,32.0,0.002364966650012,-0.0107484707455859,-0.0019047755821078,0.0001073997264624,0.034494889523218,0.0903065313558932,2021,8,18,2
46717.578125,37204312299,4405.7998046875,1780.199951171875,93.56999969482422,70.0,119087832.41598378,32.0,0.0418858533323493,0.0012566922329095,-0.0007858242216253,0.0046167093407085,0.035323669780371,0.0558707158206308,2021,8,19,3
49339.17578125,34706867452,4441.669921875,1781.0,93.5,70.0,123727618.0945286,32.0,0.0545979069838532,0.0081415676557379,0.000449415150022,-0.0007480997654432,0.0360800661433924,0.0139077965508043,2021,8,20,4
48905.4921875,40585205312,4441.669921875,1781.0,93.5,78.0,131460594.22543664,32.0,-0.008828701235467,0.0,0.0,0.0,0.0353445646903452,0.0212477733281171,2021,8,21,5
49321.65234375,25370975378,4441.669921875,1781.0,93.5,76.0,126820808.5468918,33.0,0.0084734753972637,0.0,0.0,0.0,0.0346491515219323,0.049304062150062,2021,8,22,6
49546.1484375,34305053719,4479.52978515625,1803.199951171875,92.95999908447266,79.0,152339629.77888831,33.0,0.0045413466832814,0.0085237903642483,0.0124648799392896,-0.0057754108612549,0.0315782378671507,0.0623133546423813,2021,8,23,0
47706.1171875,35361168834,4486.22998046875,1805.5999755859373,92.88999938964844,79.0,119087832.41598378,33.0,-0.0378448943309496,0.0014957363013194,0.0013309807448158,-0.0007530087727368,0.0330979214092317,-0.0187604511541448,2021,8,24,1
48960.7890625,32646349931,4496.18994140625,1788.199951171875,92.83000183105467,73.0,130687447.2547367,33.0,0.0259601219504294,0.0022201182241796,-0.0096366995177965,-0.0006458990094517,0.0336134154326559,-0.0586060497071875,2021,8,25,2
46942.21875,32666549568,4470.0,1792.199951171875,93.05999755859376,75.0,127844614.11993945,33.0,-0.0421022974523753,-0.0058249188196125,0.0022368863154138,0.0024776012388498,0.0349649870613621,-0.0117335074836018,2021,8,26,3
49058.66796875,34511076995,4509.3701171875,1816.5999755859373,92.69000244140624,71.0,127844614.11993945,33.0,0.0440994303022667,0.0088076324804251,0.0136145659406519,-0.0039758771426416,0.0308817274090393,-0.0850972516245098,2021,8,27,4
48902.40234375,28568103401,4509.3701171875,1816.5999755859373,92.69000244140624,78.0,123466373.91035248,33.0,-0.0031903644385737,0.0,0.0,0.0,0.0305512164182899,-0.0756802352261739,2021,8,28,5
48829.83203125,25889650240,4509.3701171875,1816.5999755859373,92.69000244140624,72.0,136601094.53911337,27.0,-0.0014850847584068,0.0,0.0,0.0,0.0305558850161636,-0.0566572192636145,2021,8,29,6
47054.984375,31847007016,4528.7900390625,1809.0,92.6500015258789,73.0,118212485.65884812,27.0,-0.0370246399472771,0.0043065708447795,-0.0041836263833957,-0.0004315558795311,0.0316726615152027,-0.0444567176896443,2021,8,30,0
47166.6875,34730363427,4522.68017578125,1815.0,92.62999725341795,73.0,126093318.03610466,27.0,0.0023710718587319,-0.001349116039505,0.0033167495854062,-0.0002159122734104,0.0304339795477466,-0.0015730447998918,2021,8,31,1
48847.02734375,39139399125,4524.08984375,1813.0999755859373,92.4499969482422,71.0,119963781.7426829,27.0,0.0350056537880171,0.0003116886257619,-0.001046845407197,-0.0019432182933497,0.0315508052279413,-0.0137302047631321,2021,9,1,2
49327.72265625,39508070319,4536.9501953125,1808.699951171875,92.2300033569336,74.0,130471558.2456916,27.0,0.0097927247881714,0.0028426384105229,-0.0024267963561361,-0.0023795954415418,0.0298313941848963,-0.0313082217886319,2021,9,2,3
50025.375,43206179619,4535.43017578125,1830.9000244140625,92.04000091552734,74.0,129595910.20377424,27.0,0.0140441280061874,-0.0003350311257153,0.0122740497824438,-0.0020600936191115,0.0260992338167128,-0.0551291313408445,2021,9,3,4
49944.625,37471327794,4535.43017578125,1830.9000244140625,92.04000091552734,72.0,135725446.49719596,27.0,-0.0016154849967335,0.0,0.0,0.0,0.0259558205925496,-0.0333621829926643,2021,9,4,5
51753.41015625,30322676319,4535.43017578125,1830.9000244140625,92.04000091552734,73.0,143606278.8744525,38.0,0.0355754350166731,0.0,0.0,0.0,0.0275147989300715,-0.0868192336057565,2021,9,5,6
52633.53515625,38884105426,4535.43017578125,1830.9000244140625,92.04000091552734,79.0,150611463.20979166,38.0,0.0168631403802205,0.0,0.0,0.0,0.0277415236351527,-0.1859980399556633,2021,9,6,0
46811.12890625,65210059683,4520.02978515625,1795.9000244140625,92.5199966430664,79.0,133974150.4133612,38.0,-0.1172324952972985,-0.0033955744059817,-0.0191162813552318,0.0052150773877066,0.0403499250315635,-0.1306837341447501,2021,9,7,1
46091.390625,49007762488,4514.06982421875,1790.699951171875,92.6500015258789,47.0,129910433.67934506,38.0,-0.015494793572991,-0.0013185667397751,-0.0028955249019967,0.0014051544263888,0.0397484350325892,-0.0546063544269553,2021,9,8,2
46391.421875,38672657013,4493.27978515625,1797.4000244140625,92.4800033569336,45.0,125412870.36132078,38.0,0.0064883905339532,-0.0046056086573933,0.0037415945858505,-0.001834842591965,0.038287407390277,-0.0322543297504825,2021,9,9,3
44883.91015625,39154666597,4458.580078125,1789.5999755859375,92.58000183105467,46.0,124497447.94992428,38.0,-0.0330351866444658,-0.0077225787599254,-0.0043396287538539,0.0010812983400869,0.0368260434067392,-0.0455432726144817,2021,9,10,4
45201.45703125,34499835245,4458.580078125,1789.5999755859375,92.58000183105467,31.0,135482516.8866823,38.0,0.0070499394103558,0.0,0.0,0.0,0.0369811044283761,-0.0549730792866276,2021,9,11,5
46063.26953125,27881980161,4458.580078125,1789.5999755859375,92.58000183105467,32.0,134567094.4752858,29.0,0.0188865545282388,0.0,0.0,0.0,0.037532523673095,-0.0619741172912902,2021,9,12,6
44963.07421875,40969943253,4468.72998046875,1792.0,92.62000274658205,44.0,145552163.4120438,29.0,-0.0241742960521183,0.0022764876184568,0.0013410954664752,0.0004320686404861,0.036834060569545,-0.0606574127189611,2021,9,13,0
47092.4921875,38652152880,4443.0498046875,1804.699951171875,92.6500015258789,30.0,153790965.11461234,29.0,0.0462720067779093,-0.0057466385065755,0.0070870263235909,0.0003238909350817,0.0391865973916896,-0.1286393846949131,2021,9,14,1
48176.34765625,30484496466,4480.7001953125,1792.4000244140625,92.48999786376952,49.0,129989982.41830328,29.0,0.0227546013145089,0.0084739969795697,-0.0068154968086664,-0.0017269688016646,0.038458546947598,-0.1372454471264222,2021,9,15,2
47783.359375,31764293754,4473.75,1754.5999755859375,92.86000061035156,53.0,124497447.94992428,29.0,-0.0081907394359386,-0.001551140448935,-0.0210890695789194,0.0040004622675742,0.038395383958343,-0.0835534566001827,2021,9,16,3
47267.51953125,28727713711,4432.990234375,1749.4000244140625,93.1999969482422,48.0,134567094.4752858,29.0,-0.0108540797092783,-0.009110872450405,-0.0029636106487113,0.0036613863413299,0.0381890449922322,0.01797051936348,2021,9,17,4
48278.36328125,28575630451,4432.990234375,1749.4000244140625,93.1999969482422,50.0,141890473.7664578,29.0,0.0211601261540239,0.0,0.0,0.0,0.0387592415576172,-0.0117418023618078,2021,9,18,5
47260.21875,26967722648,4432.990234375,1749.4000244140625,93.1999969482422,53.0,146467585.8234403,36.0,-0.0213145947025636,0.0,0.0,0.0,0.0374517472401906,0.0198842578357723,2021,9,19,6
42843.80078125,43909845642,4357.72998046875,1761.800048828125,93.23999786376952,50.0,150129275.4690263,36.0,-0.0981079383699562,-0.0169773110084148,0.0070881583634456,0.0004291943866645,0.0434370712224344,0.1463245895131597,2021,9,20,0
40693.67578125,48701090088,4354.18994140625,1776.0,93.1999969482422,27.0,113928907.4435182,36.0,-0.0514882678633267,-0.0008123585165593,0.0080599107607699,-0.0004290102578701,0.0353026933075071,0.2659169148768798,2021,9,21,1
43574.5078125,38139709246,4395.64013671875,1776.699951171875,93.45999908447266,21.0,126546633.84005068,36.0,0.068399601996783,0.0095196111952602,0.0003941166508305,0.0027897225830904,0.0411931484301778,0.2705008501064179,2021,9,22,2
44895.09765625,34244064430,4448.97998046875,1747.699951171875,93.0999984741211,27.0,155822347.6388684,36.0,0.0298563090232246,0.0121347157844948,-0.0163223959008228,-0.0038519218262155,0.0421056529715025,0.1984823997260976,2021,9,23,3
42839.75,42839345714,4455.47998046875,1749.699951171875,93.33000183105467,33.0,139767923.94274256,36.0,-0.0468621952898752,0.0014610090466882,0.001144361192354,0.0024704979667375,0.0429981244554265,0.2597610316645171,2021,9,24,4
42716.59375,31604717236,4455.47998046875,1749.699951171875,93.33000183105467,28.0,135990412.4848306,36.0,-0.0028789527384096,0.0,0.0,0.0,0.0429106692950045,0.2868119349111258,2021,9,25,5
43208.5390625,30661222077,4455.47998046875,1749.699951171875,93.33000183105467,27.0,131268523.16244064,28.0,0.0114506820444979,0.0,0.0,0.0,0.0426565077469381,0.2676100445278737,2021,9,26,6
42235.73046875,30980029059,4443.10986328125,1750.0,93.37999725341795,26.0,146378568.99408844,28.0,-0.0227715828295698,-0.0027763826213396,0.0001714858755776,0.0005356843606816,0.0426081865550538,0.3610464037086489,2021,9,27,0
41034.54296875,30214940550,4352.6298828125,1735.800048828125,93.7699966430664,25.0,143545435.4006545,28.0,-0.0288523329477418,-0.0203641105560982,-0.0081142578124999,0.0041764767736076,0.0403922891764494,0.3657044660258131,2021,9,28,1
41564.36328125,30602359905,4359.4599609375,1721.5,94.33999633789062,24.0,122769122.38213871,28.0,0.0128289248145723,0.0015691842194003,-0.0082383041974098,0.006078700173083,0.0398626758098487,0.3810171292132862,2021,9,29,2
43790.89453125,31141681925,4307.5400390625,1755.300048828125,94.25,20.0,161488614.82573634,28.0,0.0521827601181641,-0.0119097141251951,0.0196340684450333,-0.000953957402842,0.0433153272671224,0.3089827017941891,2021,9,30,3
48116.94140625,42850641582,4357.0400390625,1757.0,94.04000091552734,27.0,132212901.0269186,28.0,0.0942084189312797,0.0114914776301819,0.0009684675694106,-0.0022281069970573,0.0513991420409123,0.2800886219827232,2021,10,1,4
47711.48828125,30614346492,4357.0400390625,1757.0,94.04000091552734,54.0,177543038.52186212,28.0,-0.0084621139211411,0.0,0.0,0.0,0.0511733874631,0.2762582321589377,2021,10,2,5
48199.953125,26638115879,4357.0400390625,1757.0,94.04000091552734,49.0,141656679.6716985,33.0,0.0101858351791364,0.0,0.0,0.0,0.0508469317360536,0.2770472416823537,2021,10,3,6
49112.90234375,33383173002,4300.4599609375,1766.199951171875,93.80999755859376,54.0,147411968.39584854,33.0,0.0187637285934272,-0.0129858981367484,0.00523617027426,-0.0024458034314588,0.0427415134630364,0.2629283785932335,2021,10,4,0
51514.8125,35873904236,4345.72021484375,1759.5999755859375,93.9800033569336,59.0,162177735.83152118,33.0,0.0477476105346845,0.0105245146606092,-0.0037368224257725,0.0018122353988301,0.0400132380566263,0.2474468811761665,2021,10,5,1
55361.44921875,49034730168,4363.5498046875,1760.5,94.2699966430664,68.0,129544410.9385932,33.0,0.0720141013773107,0.0041027928541854,0.0005114937636678,0.0030856913787438,0.0404202742781889,0.1920359179316666,2021,10,6,2
53805.984375,36807860413,4399.759765625,1757.9000244140625,94.22000122070312,76.0,139433297.2697835,33.0,-0.028498794333346,0.0082982806564053,-0.0014768392990273,-0.0005303428889742,0.0420325888099559,0.1561942894944015,2021,10,7,3
53967.84765625,34800873924,4391.33984375,1756.300048828125,94.06999969482422,74.0,118666635.97428384,33.0,0.0030037607441677,-0.0019137230947889,-0.0009101630147998,-0.0015920348539111,0.038593224884563,0.1246004475031392,2021,10,8,4
54968.22265625,32491211414,4391.33984375,1756.300048828125,94.06999969482422,72.0,148333294.9678548,33.0,0.0183667929108159,0.0,0.0,0.0,0.0381539916155196,0.1168928923067411,2021,10,9,5
54771.578125,39527792364,4391.33984375,1756.300048828125,94.06999969482422,71.0,157233292.66592607,36.0,-0.0035838363168748,0.0,0.0,0.0,0.0385873208841491,0.1124535392871701,2021,10,10,6
57484.7890625,42637331698,4361.18994140625,1754.5999755859375,94.31999969482422,71.0,144377740.43537864,36.0,0.0483489627075724,-0.0068657638480568,-0.0009679856487631,0.0026575954162968,0.0375960266671238,0.0966348706648347,2021,10,11,0
56041.05859375,41083758949,4350.64990234375,1758.300048828125,94.5199966430664,78.0,132511076.83795026,36.0,-0.0254357635060853,-0.0024167805585421,0.002108784505683,0.0021204087032367,0.0372557268205366,0.0771351306251395,2021,10,12,1
57401.09765625,41684252783,4363.7998046875,1793.699951171875,94.08000183105467,70.0,167122178.99711636,36.0,0.0239788148164835,0.0030225144837938,0.0201330269923745,-0.0046550447274481,0.0371394595192977,0.0188374283184507,2021,10,13,2
57321.5234375,36615791366,4438.259765625,1796.699951171875,93.95999908447266,70.0,135477742.7373074,36.0,-0.0013872457018979,0.0170631019455833,0.0016725205339054,-0.0012755393733678,0.036668963509431,0.0575806971503258,2021,10,14,3
61593.94921875,51780081801,4471.3701171875,1767.199951171875,93.94000244140624,71.0,139433297.2697835,36.0,0.0718874583745788,0.0074602103777126,-0.0164189908174478,-0.0002128208095066,0.0330562445720127,0.0102934725414067,2021,10,15,4
60892.1796875,34250964237,4471.3701171875,1767.199951171875,93.94000244140624,78.0,131522188.20483124,36.0,-0.0114588846325883,0.0,0.0,0.0,0.0332496423884595,0.0163674933113717,2021,10,16,5
61553.6171875,29032367511,4471.3701171875,1767.199951171875,93.94000244140624,79.0,158222181.29904512,48.0,0.0108038650675407,0.0,0.0,0.0,0.0332387335772538,-0.003812288651294,2021,10,17,6
62026.078125,38055562075,4486.4599609375,1764.800048828125,93.9499969482422,78.0,146534419.32302314,48.0,0.0076462923492901,0.0033747695570975,-0.0013580253565299,0.0001063924481179,0.0333535217641512,-0.0164716504071246,2021,10,18,0
64261.9921875,40471196346,4519.6298828125,1769.699951171875,93.79000091552734,75.0,154737198.72913387,48.0,0.0354134436604997,0.0073933395514063,0.0027764631732662,-0.0017029913561678,0.0325849358188054,-0.0161151219951042,2021,10,19,1
65992.8359375,40788955582,4536.18994140625,1784.0999755859375,93.55999755859376,82.0,148747371.68155453,48.0,0.0265778345420356,0.0036640298040166,0.0081369863883009,-0.0024523227922851,0.0282239342650185,-0.045804806227191,2021,10,20,2
62210.171875,45908121370,4549.77978515625,1781.199951171875,93.7699966430664,84.0,147749067.17362463,48.0,-0.0590276683907291,0.0029958718496225,-0.0016254831308486,0.0022445392256571,0.0322846411092876,-0.0121835607169346,2021,10,21,3
60692.265625,38434082775,4544.89990234375,1795.5,93.61000061035156,75.0,157732112.25292358,48.0,-0.0247022510827047,-0.001072553627413,0.0080283231642337,-0.0017062604078346,0.0336040930363934,0.0071411101857346,2021,10,22,4
61393.6171875,26882546034,4544.89990234375,1795.5,93.61000061035156,74.0,144754153.64983496,48.0,0.0114896048885762,0.0,0.0,0.0,0.0335024343993523,0.0021804103974061,2021,10,23,5
60930.8359375,27316183882,4544.89990234375,1795.5,93.61000061035156,73.0,152740589.71327412,38.0,-0.0075664913448872,0.0,0.0,0.0,0.0336282421705747,0.0393257749853925,2021,10,24,6
63039.82421875,31064911614,4566.47998046875,1806.0,93.80999755859376,72.0,181691420.4432411,38.0,0.0340272733340042,0.0047481965694935,0.0058479532163742,0.0021364912609569,0.0324310088344249,0.0718118104286136,2021,10,25,0
60363.79296875,34878965587,4574.7900390625,1792.699951171875,93.9499969482422,76.0,149745676.18948442,38.0,-0.0433771861010622,0.0018197952535197,-0.0073643681218853,0.0014923717438644,0.0340461044085455,0.109470177920578,2021,10,26,1
58482.38671875,43657076893,4551.68017578125,1797.9000244140625,93.86000061035156,73.0,156733807.7449937,38.0,-0.0316638438636827,-0.0050515680684628,0.0029006935816493,-0.0009579174115376,0.0349518086142292,0.1113641921168706,2021,10,27,2
60622.13671875,45257083247,4596.419921875,1801.5999755859373,93.3499984741211,66.0,152740589.71327412,38.0,0.0359344915880241,0.0098292815764611,0.0020579293184452,-0.0054336472716176,0.0361309529277317,0.0713901629503506,2021,10,28,3
62227.96484375,36856881767,4605.3798828125,1783.0,94.12000274658205,70.0,170710070.85601223,38.0,0.0261443755051536,0.0019493347191492,-0.0103241428940895,0.0082485729517649,0.0308784324409166,0.0309824781726513,2021,10,29,4
61888.83203125,32157938616,4605.3798828125,1783.0,94.12000274658205,73.0,154737198.72913387,38.0,-0.0054647503804892,0.0,0.0,0.0,0.0307328019327782,0.0416988853691229,2021,10,30,5
61318.95703125,32241199927,4605.3798828125,1783.0,94.12000274658205,74.0,140175299.14944655,31.0,-0.0092506986493592,0.0,0.0,0.0,0.0307357640762999,0.0676443797044055,2021,10,31,6
61004.40625,36150572843,4613.669921875,1795.0999755859375,93.87999725341795,74.0,159350397.00608382,31.0,-0.0051429500650193,0.0018000771431341,0.0067863015064146,-0.0025499945405895,0.0306856993041765,0.0418570559196287,2021,11,1,0
63226.40234375,37746665647,4630.64990234375,1788.699951171875,94.08999633789062,73.0,170117315.72271112,31.0,0.0357758773484733,0.0036803630854131,-0.0035652746371263,0.0022368884812149,0.0307204836172606,-0.0484790552107539,2021,11,2,1
62970.046875,36124731509,4660.56982421875,1763.5999755859375,93.86000061035156,76.0,173347391.33769932,31.0,-0.0040628056171501,0.0064612791953579,-0.0140325243311452,-0.0024444227493974,0.0296733403524798,-0.0413217916355569,2021,11,3,2
61452.23046875,32615846901,4680.06005859375,1793.0,94.3499984741211,73.0,153966937.6477702,31.0,-0.024399034254609,0.0041819423611504,0.0166704608874213,0.0052205184379201,0.026103417810543,-0.0733918641454925,2021,11,4,3
61125.67578125,30605102446,4697.52978515625,1816.4000244140625,94.31999969482422,73.0,166887240.1077229,31.0,-0.0053281291879679,0.0037327996529492,0.0130507665443739,-0.0003179520909595,0.0252469038028928,-0.0491789680494969,2021,11,5,4
61527.48046875,29094934221,4697.52978515625,1816.4000244140625,94.31999969482422,71.0,165810548.2360602,31.0,0.0065519084409485,0.0,0.0,0.0,0.0251184713026633,-0.0297474419934944,2021,11,6,5
63326.98828125,24726754302,4697.52978515625,1816.4000244140625,94.31999969482422,73.0,164733856.36439747,37.0,0.0288276815397843,0.0,0.0,0.0,0.0261227264054866,-0.072583772630017,2021,11,7,6
67566.828125,41125608330,4701.7001953125,1827.4000244140625,94.0500030517578,75.0,145353402.67446837,37.0,0.0648055609615583,0.0008877879113036,0.0060559347347224,-0.0028625598382102,0.0302324435363382,-0.1669094047397981,2021,11,8,0
66971.828125,42357991721,4685.25,1830.199951171875,93.95999908447266,84.0,163657164.49273473,37.0,-0.0088450991822014,-0.0034987758957707,0.001532191485392,-0.0009569799507143,0.0273360106752584,-0.1403986447659778,2021,11,9,1
64995.23046875,48730828378,4646.7099609375,1847.5999755859373,94.8499984741211,75.0,160427088.87774655,37.0,-0.0299581654204453,-0.0082258233952297,0.0095071712808871,0.0094721093903833,0.0271576956712551,-0.1340837569872164,2021,11,10,2
64949.9609375,35880633236,4649.27001953125,1863.199951171875,95.18000030517578,77.0,170117315.72271112,37.0,-0.0006967481072823,0.0005509400447352,0.0084433729119259,0.0034791970096312,0.0259290859672493,-0.1181722227267505,2021,11,11,3
64155.94140625,36084893887,4682.85009765625,1867.9000244140625,95.12999725341795,74.0,152890245.77610743,37.0,-0.0123004375187129,0.0072226560264154,0.0025225812394591,-0.0005253525068027,0.0255506173359986,-0.1650069432262856,2021,11,12,4
64469.52734375,30474228777,4682.85009765625,1867.9000244140625,95.12999725341795,72.0,164733856.36439747,37.0,0.0048759637082755,0.0,0.0,0.0,0.0254530678447651,-0.1497521327754227,2021,11,13,5
65466.83984375,25122092191,4682.85009765625,1867.9000244140625,95.12999725341795,74.0,175094161.92837763,38.0,0.0153510846380695,0.0,0.0,0.0,0.025380834401699,-0.1255350469354386,2021,11,14,6
63557.87109375,30558763548,4682.7998046875,1866.0999755859373,95.41000366210938,72.0,170197841.36837798,38.0,-0.029592905846716,-1.0739820344718431e-05,-0.0009636751456704,0.0029434081443888,0.0268849883891257,-0.0904892594501258,2021,11,15,0
60161.24609375,46844335592,4700.89990234375,1853.5999755859373,95.91999816894533,71.0,169070703.34607086,38.0,-0.0549224542515835,0.0038652298648624,-0.0066984621207527,0.0053452938608204,0.0290031087777905,-0.0524560330346589,2021,11,16,1
60368.01171875,39178392930,4688.669921875,1869.699951171875,95.83000183105467,52.0,167943565.3237637,38.0,0.0034309649222336,-0.0026016253744634,0.0086857875474712,-0.0009382437407068,0.029054319122034,-0.0519842132348263,2021,11,17,2
56942.13671875,41388338699,4704.5400390625,1861.0,95.54000091552734,54.0,162307875.21222803,38.0,-0.0584237504033088,0.0033847802152713,-0.0046531269182641,-0.0030262017112199,0.0320651882000603,-0.0081542481412909,2021,11,18,3
58119.578125,38702407772,4697.9599609375,1851.199951171875,96.06999969482422,34.0,154417909.05607805,38.0,0.0204669730463056,-0.0013986655593032,-0.0052660122665905,0.0055474018653765,0.0327870032546221,-0.0777936140817436,2021,11,19,4
59697.1953125,30624264863,4697.9599609375,1851.199951171875,96.06999969482422,43.0,163435013.23453516,38.0,0.0267824596180407,0.0,0.0,0.0,0.0337018650391901,-0.1758289000438541,2021,11,20,5
58730.4765625,26123447605,4697.9599609375,1851.199951171875,96.06999969482422,49.0,148782218.94454235,37.0,-0.0163262556388543,0.0,0.0,0.0,0.0326721369580896,-0.1593998457732164,2021,11,21,6
56289.2890625,35036121783,4682.93994140625,1806.0,96.5,50.0,158926461.1453066,37.0,-0.0424545144774485,-0.0031971365563219,-0.0244165689088646,0.0044759061782213,0.0266366067926838,-0.1013809937475616,2021,11,22,0
57569.07421875,37485803899,4690.7001953125,1783.5,96.48999786376952,33.0,148782218.94454235,37.0,0.0224812481032128,0.0016571329129451,-0.0124584717607973,-0.0001036490801085,0.0282683446676187,-0.1193173309535834,2021,11,23,1
56280.42578125,36635566789,4701.4599609375,1784.0999755859375,96.83999633789062,42.0,176960669.50222084,37.0,-0.0226387199646387,0.0022938506357221,0.0003364034684258,0.0036273031596003,0.0279594925094245,-0.1026223385142578,2021,11,24,2
57274.6796875,34284016248,4701.4599609375,1784.0999755859375,96.83999633789062,32.0,146527942.89992806,37.0,0.0175118381607803,0.0,0.0,0.0,0.0288393761346161,-0.1676580060533402,2021,11,25,3
53569.765625,41810748221,4594.6201171875,1785.300048828125,96.08999633789062,47.0,148782218.94454235,37.0,-0.0668738010212821,-0.0227248226375824,0.0006726490996074,-0.0077447338740402,0.0325262706248267,-0.1180976034464402,2021,11,26,4
54815.078125,30560857714,4594.6201171875,1785.300048828125,96.08999633789062,21.0,161180737.1899209,37.0,0.0229804696074226,0.0,0.0,0.0,0.0336239624466467,-0.0994720886845401,2021,11,27,5
57248.45703125,28116886357,4594.6201171875,1785.300048828125,96.08999633789062,27.0,155225116.619112,38.0,0.0434353862778879,0.0,0.0,0.0,0.0361668725739083,-0.1248963110018317,2021,11,28,6
57806.56640625,32370840356,4655.27001953125,1782.300048828125,96.33999633789062,33.0,158774565.17985132,38.0,0.0097016842182239,0.0132001995370349,-0.0016803898044864,0.0026017276462464,0.0359864588163626,-0.1914849233512547,2021,11,29,0
57005.42578125,36708594618,4567.0,1773.5999755859375,95.98999786376952,40.0,148781760.37832215,38.0,-0.0139559224210751,-0.0189613103345052,-0.0048813740693706,-0.0036329508763272,0.033449899766264,-0.1823123470497497,2021,11,30,1
57229.828125,36858195307,4513.0400390625,1781.5999755859375,96.0500030517578,34.0,152112695.31216523,38.0,0.003928780734843,-0.0118151874178892,0.0045105999718775,0.0006251191720354,0.0334579218098091,-0.1456077318727751,2021,12,1,2
56477.81640625,32379968686,4577.10009765625,1760.699951171875,96.12999725341795,32.0,172098304.91522342,38.0,-0.0132273021087431,0.0141944361315831,-0.0117310421533817,0.0008328391371008,0.0299419946088082,-0.1560327786331483,2021,12,2,3
53598.24609375,39789134215,4538.43017578125,1782.0,96.12000274658205,31.0,186532356.29520997,38.0,-0.0523315856653418,-0.0084485637302975,0.0120974893047212,-0.0001039686582907,0.032149402268738,-0.1379914848251433,2021,12,3,4
49200.703125,61385677469,4538.43017578125,1782.0,96.12000274658205,25.0,172098304.91522342,38.0,-0.0856084308551644,0.0,0.0,0.0,0.0366126583036246,-0.047802686381832,2021,12,4,5
49368.84765625,37198201161,4538.43017578125,1782.0,96.12000274658205,18.0,184311733.00598127,39.0,0.0034116964724478,0.0,0.0,0.0,0.0368587468253282,-0.0539172404789363,2021,12,5,6
50582.625,37707308001,4591.669921875,1777.5,96.29000091552734,16.0,190973602.87366727,39.0,0.0242885268514288,0.0117308725774514,-0.0025252525252524,0.0017686034549282,0.0369728458429938,-0.0731940593484422,2021,12,6,0
50700.0859375,33676814852,4686.75,1782.5999755859375,96.37000274658205,25.0,170987993.2706091,39.0,0.0023194677368668,0.0207070803744042,0.0028691845771799,0.00083084256199,0.0361041572924786,-0.034782439193967,2021,12,7,1
50504.796875,28479699446,4701.2099609375,1783.4000244140625,95.88999938964844,28.0,186532356.29520997,39.0,-0.0038592862213869,0.0030852853123166,0.0004488100746562,-0.0049808378463558,0.0358916275951843,-0.0371506326595834,2021,12,8,2
47672.12109375,29603577251,4667.4501953125,1774.5999755859375,96.2699966430664,29.0,180980798.07213816,39.0,-0.0577215558084765,-0.0071810801698947,-0.0049344222875719,0.0039628455087776,0.0373611366748235,0.0652880110500904,2021,12,9,3
47243.3046875,30966005122,4712.02001953125,1782.9000244140625,96.0500030517578,24.0,173208616.55983782,39.0,-0.0090358194216153,0.0095490733384817,0.0046771379140724,-0.0022851729404774,0.0341912496607955,0.0757544513169277,2021,12,10,4
49362.5078125,25775869261,4712.02001953125,1782.9000244140625,96.0500030517578,16.0,176161777.07292455,39.0,0.0438802407167251,0.0,0.0,0.0,0.0361600398866882,0.0216227175198282,2021,12,11,5
50098.3359375,21939223599,4712.02001953125,1782.9000244140625,96.0500030517578,27.0,168385593.54016247,35.0,0.0147966078381643,0.0,0.0,0.0,0.0337233155882923,0.0141956748501033,2021,12,12,6
46737.48046875,32166727776,4668.97021484375,1786.300048828125,96.31999969482422,28.0,169588347.7797351,35.0,-0.0694413703081753,-0.0091361676115676,0.0019070191079164,0.0028110008796242,0.036578657848174,0.0835076572561419,2021,12,13,0
46612.6328125,34638619079,4634.08984375,1770.4000244140625,96.56999969482422,21.0,178007627.4567432,35.0,-0.0026748276204264,-0.007470677577436,-0.0089010938696965,0.0025955149583896,0.0367140575655168,0.0209433065104232,2021,12,14,1
48896.72265625,36541828520,4709.85009765625,1762.5999755859375,96.51000213623048,28.0,169588347.7797351,35.0,0.0478387780999812,0.0163484646307467,-0.0044058115231366,-0.000621285686894,0.040184345379095,-0.050146749834093,2021,12,15,2
47665.42578125,27268150947,4668.669921875,1796.5999755859375,96.04000091552734,29.0,138316737.55084777,35.0,-0.025504064198459,-0.0087434153799804,0.0192896859587765,-0.0048699742026705,0.0403756347642125,-0.0102233594531675,2021,12,16,3
46202.14453125,32902725329,4620.64013671875,1803.800048828125,96.56999969482422,23.0,179210381.69631582,35.0,-0.0311800932560396,-0.0102876806370926,0.0040076106757371,0.0055185211812216,0.0391872538694767,0.0022574878787164,2021,12,17,4
46848.77734375,26098292690,4620.64013671875,1803.800048828125,96.56999969482422,24.0,153952542.66529143,35.0,0.0138986956563083,0.0,0.0,0.0,0.0335761421429353,0.0178880902291422,2021,12,18,5
46707.015625,25154053861,4620.64013671875,1803.800048828125,96.56999969482422,29.0,179210381.69631582,31.0,-0.003030530184136,0.0,0.0,0.0,0.0335260749273602,0.013663967103443,2021,12,19,6
46880.27734375,30961902129,4568.02001953125,1793.699951171875,96.5500030517578,25.0,173196610.49845287,31.0,0.003702680378992,-0.0113880578514099,-0.0055993443745673,-0.0002070688943729,0.0326369267732134,-0.0090050695125907,2021,12,20,0
48936.61328125,27055803928,4649.22998046875,1787.9000244140625,96.48999786376952,27.0,193643432.5711869,31.0,0.0429287928874669,0.0177779345515725,-0.0032334988658628,-0.0006214933826166,0.0351380483868881,-0.0621015403136694,2021,12,21,1
48628.51171875,24447979559,4696.56005859375,1801.5999755859373,96.08000183105467,45.0,178007627.4567432,31.0,-0.0063158344064891,0.0101801972205788,0.0076625935369987,-0.0042491039671666,0.0351543061242219,-0.1040440604426142,2021,12,22,2
50784.5390625,28223878108,4725.7900390625,1811.199951171875,96.0199966430664,34.0,182818644.4150336,31.0,0.0433819393295863,0.0062236999216618,0.0053285833237288,-0.0006245335849783,0.0335026065427643,-0.1501167385927773,2021,12,23,3
50822.1953125,24367912228,4725.7900390625,1811.199951171875,96.0199966430664,41.0,181615890.175461,31.0,0.0007412156675569,0.0,0.0,0.0,0.0332889716759547,-0.1822883272118588,2021,12,24,4
50429.859375,19030650914,4725.7900390625,1811.199951171875,96.0199966430664,39.0,177149566.7855162,31.0,-0.0077497271989944,0.0,0.0,0.0,0.0314523834618393,-0.1724358956483804,2021,12,25,5
50809.515625,20964372926,4725.7900390625,1811.199951171875,96.0199966430664,37.0,161682278.52670813,31.0,0.0075002049298359,0.0,0.0,0.0,0.031280671489326,-0.1751229853905933,2021,12,26,6
50640.41796875,24324345758,4791.18994140625,1808.0999755859373,96.08999633789062,40.0,178574456.88024485,31.0,-0.0033336209666935,0.0138389352474752,-0.0017115590048087,0.0007290116358202,0.0244223175525523,-0.1741525169765041,2021,12,27,0
47588.85546875,33430376883,4786.35009765625,1810.199951171875,96.1999969482422,41.0,161682278.52670813,31.0,-0.0621514265119765,-0.001010154848626,0.0011614266989063,0.0011447665162225,0.0301715365021496,-0.1019776574199562,2021,12,28,1
46444.7109375,30049226299,4793.06005859375,1805.0999755859373,95.93000030517578,27.0,174954704.37591556,31.0,-0.0243360119563418,0.001401895139427,-0.0028173548356554,-0.0028066180003276,0.0276074560584013,-0.0537329078946859,2021,12,29,2
47178.125,26686491018,4778.72998046875,1812.699951171875,95.97000122070312,22.0,143583516.00506175,31.0,0.0156677387131325,-0.0029897555945093,0.0042102795904535,0.0004169802501834,0.0272806221308803,-0.0972178247333906,2021,12,30,3
46306.4453125,36974172400,4766.18017578125,1827.5,95.66999816894533,28.0,179781041.0483546,31.0,-0.0186491727568651,-0.0026261799136575,0.0081646434748106,-0.0031260086270905,0.0264178433153598,-0.0692505346093661,2021,12,31,4
47686.8125,24582667004,4766.18017578125,1827.5,95.66999816894533,21.0,207532476.9148791,31.0,0.0293737331477697,0.0,0.0,0.0,0.0273610965865474,-0.0945631260739015,2022,1,1,5
47345.21875,27951569547,4766.18017578125,1827.5,95.66999816894533,29.0,190640298.56134245,41.0,-0.0071890544000217,0.0,0.0,0.0,0.0274373345059351,-0.0893720623848632,2022,1,2,6
46458.1171875,33071628362,4796.56005859375,1799.4000244140625,96.23999786376952,29.0,168921783.5353667,41.0,-0.0189146366957637,0.0063740525309705,-0.015376183631156,0.0059579774823204,0.0279382882402733,-0.0905668731530533,2022,1,3,0
45897.57421875,42494677905,4793.5400390625,1814.0,96.29000091552734,23.0,177367872.71213505,41.0,-0.012138934663861,-0.0006296219570605,0.0081138020383719,0.0005195662184924,0.0249825863215758,-0.0767348049695232,2022,1,4,1
43569.00390625,36851084859,4700.580078125,1824.5999755859373,96.19000244140624,24.0,180987625.21646437,41.0,-0.0520662884548127,-0.0193927577906871,0.0058434264531077,-0.0010385135857338,0.0279102939043743,-0.0418801353635778,2022,1,5,2
43160.9296875,30208048289,4696.0498046875,1788.699951171875,96.25,15.0,176161288.5440253,41.0,-0.0094102973035897,-0.0009637690162076,-0.0196755589687728,0.0006237400672726,0.0236032373725145,-0.0574712300385964,2022,1,6,3
41557.90234375,84196607520,4677.02978515625,1797.0,95.73999786376952,18.0,168921783.5353667,41.0,-0.0378479886503751,-0.0040502167400917,0.004640268940963,-0.0052987234933036,0.0242798954587642,-0.1227344415824945,2022,1,7,4
41733.94140625,28066355845,4677.02978515625,1797.0,95.73999786376952,10.0,174242949.24269608,41.0,0.0042270483325967,0.0,0.0,0.0,0.0247237177348445,-0.1606292427785425,2022,1,8,5
41911.6015625,21294384372,4677.02978515625,1797.0,95.73999786376952,23.0,170826076.6426718,39.0,0.0042479352061129,0.0,0.0,0.0,0.0245280401850202,-0.1344447996480687,2022,1,9,6
41821.26171875,32104232331,4670.2900390625,1798.4000244140625,95.98999786376952,23.0,172037609.10113046,39.0,-0.0021578117662012,-0.0014410312534549,0.0007790898241861,0.0026112388299375,0.0245669496246337,-0.1235480083909921,2022,1,10,0
42735.85546875,26327648900,4713.06982421875,1818.5999755859373,95.62000274658205,21.0,191422128.4364691,39.0,0.0216334106374393,0.0091599846687118,0.0112321791023419,-0.0038545174020381,0.0221776784490944,-0.1352927535691405,2022,1,11,1
43949.1015625,33499938689,4726.35009765625,1827.199951171875,95.0,22.0,168403011.72575447,39.0,0.0279939072519118,0.0028177544430294,0.0047288989889966,-0.0064840277010366,0.0235404390642349,-0.1614818100128255,2022,1,12,2
42591.5703125,47691135082,4659.02978515625,1821.199951171875,94.79000091552734,21.0,216864310.0641011,39.0,-0.03137582795207,-0.0142436152864307,-0.0032837128723388,-0.0022105166786595,0.0238742690862604,-0.1280379168339686,2022,1,13,3
43099.69921875,23577403399,4662.85009765625,1816.5,95.16999816894533,21.0,192633660.89492777,39.0,0.0118596646958226,0.0008199802697488,-0.0025806892696492,0.0040088326801115,0.0241327737550162,-0.123327245522577,2022,1,14,4
43177.3984375,18371348298,4662.85009765625,1816.5,95.16999816894533,23.0,201114388.1041385,39.0,0.0018011556222094,0.0,0.0,0.0,0.0221161282396748,-0.1167096428307127,2022,1,15,5
43113.87890625,17902097845,4662.85009765625,1816.5,95.16999816894533,21.0,212018180.23026645,41.0,-0.0014722123644015,0.0,0.0,0.0,0.0221620113758205,-0.1205244685835197,2022,1,16,6
42250.55078125,21690904261,4662.85009765625,1816.5,95.16999816894533,22.0,195056725.81184512,41.0,-0.0202275716990488,0.0,0.0,0.0,0.0222195875846622,-0.0891686785518051,2022,1,17,0
42375.6328125,22417209227,4577.10986328125,1812.300048828125,95.7300033569336,24.0,164768414.35037845,41.0,0.002956109256612,-0.0183879456940073,-0.0023121118479906,0.0058842618342196,0.0222941959966818,-0.0857181151977634,2022,1,18,1
41744.328125,23091543258,4532.759765625,1843.0999755859373,95.51000213623048,24.0,209595115.3133491,41.0,-0.0150099104428706,-0.0096895418683388,0.016994937884446,-0.0022981428286682,0.0184150264516777,-0.1147783175633516,2022,1,19,2
40680.41796875,20382033940,4482.72998046875,1842.5,95.73999786376952,24.0,204748985.4795144,41.0,-0.0258167430956038,-0.0110373784941483,-0.0003255252530437,0.0024080800166983,0.0193320647740201,-0.0866710958810322,2022,1,20,3
36457.31640625,43011992031,4397.93994140625,1831.800048828125,95.63999938964844,19.0,175442615.30802113,41.0,-0.1096046829154399,-0.0189148218679086,-0.0058073005003391,-0.0010444795942379,0.0321045551316851,0.138341465881602,2022,1,21,4
35030.25,39714385405,4397.93994140625,1831.800048828125,95.63999938964844,13.0,177474949.66786668,41.0,-0.0399301888396467,0.0,0.0,0.0,0.0328340211674275,0.1830107995946361,2022,1,22,5
36276.8046875,26017975951,4397.93994140625,1831.800048828125,95.63999938964844,11.0,186746029.1281284,56.0,0.0349665737811815,0.0,0.0,0.0,0.0350153198416357,0.1691336643098604,2022,1,23,6
36654.328125,41856658597,4410.1298828125,1841.699951171875,95.91999816894533,13.0,198665988.4341792,56.0,0.0103529671066989,0.0027717389433818,0.0054044666884267,0.0029276325918419,0.0353816676393584,0.196046617107376,2022,1,24,0
36954.00390625,26428189594,4356.4501953125,1852.699951171875,95.9499969482422,12.0,201314868.2799682,56.0,0.0081424868269511,-0.0121719062536467,0.0059727427331475,0.0003127479135689,0.0346512527980088,0.1938745642941897,2022,1,25,1
36852.12109375,31324598034,4349.93017578125,1829.9000244140625,96.48999786376952,23.0,172177189.9762886,56.0,-0.0027608244495656,-0.0014966358477518,-0.0123063244770914,0.0056279409348876,0.03297357329123,0.2031545419652849,2022,1,26,2
37138.234375,25041426629,4326.509765625,1793.300048828125,97.26000213623048,20.0,173501629.89918315,56.0,0.0077338378907859,-0.0053840887577105,-0.0200010793473031,0.0079801460203996,0.032885983757604,0.1730528931815973,2022,1,27,3
37784.33203125,22238830523,4431.85009765625,1784.9000244140625,97.2699966430664,24.0,203963748.12575728,56.0,0.0172475050904149,0.0243476468880761,-0.0046841154214832,0.0001027607096073,0.0331874121542651,0.1223683262397226,2022,1,28,4
38138.1796875,17194183075,4431.85009765625,1784.9000244140625,97.2699966430664,24.0,197341548.51128465,56.0,0.0093213517392097,0.0,0.0,0.0,0.0334342540490044,0.1076687218988026,2022,1,29,5
37917.6015625,14643548444,4431.85009765625,1784.9000244140625,97.2699966430664,29.0,193368228.74260104,40.0,-0.005800446457155,0.0,0.0,0.0,0.0333865161877835,0.112874071305522,2022,1,30,6
38483.125,20734730465,4515.5498046875,1795.0,96.54000091552734,20.0,189394908.97391748,40.0,0.0148044080663926,0.0188859517327795,0.0056585665571118,-0.0075048396497615,0.0337696370378873,0.1066387661799814,2022,1,31,0
38743.2734375,20288500328,4546.5400390625,1800.300048828125,96.38999938964844,26.0,203963748.12575728,40.0,0.0067373185026341,0.0068630035578014,0.0029526734418523,-0.0015537758903706,0.033863139394917,0.1505275411719655,2022,2,1,1
36952.984375,19155189416,4589.3798828125,1809.199951171875,95.94000244140624,28.0,202639308.20286277,40.0,-0.0473107399591228,0.0094225154473364,0.0049435661291812,-0.0046685024493372,0.0355029301351035,0.1896700663977157,2022,2,2,2
37154.6015625,18591534769,4477.43994140625,1803.0,95.37999725341795,20.0,194692668.66549557,40.0,0.0054412158319915,-0.024391082077444,-0.0034269021330998,-0.0058370353735428,0.0352970890289969,0.0910630181448335,2022,2,3,3
41500.875,29412210792,4500.52978515625,1806.5999755859373,95.4800033569336,20.0,172445464.54596007,40.0,0.1106268834574471,0.0051569298644233,0.0019966586721782,0.0010485018493964,0.0374208216624746,-0.0354184926823831,2022,2,4,4
41441.1640625,19652846215,4500.52978515625,1806.5999755859373,95.4800033569336,33.0,157888391.82261464,40.0,-0.0014398234837348,0.0,0.0,0.0,0.0348890849397387,-0.0318284450338007,2022,2,5,5
42412.43359375,16142097334,4500.52978515625,1806.5999755859373,95.4800033569336,37.0,206979740.54057044,38.0,0.0231668765175786,0.0,0.0,0.0,0.0344218068620608,-0.0938652736985754,2022,2,6,6
43840.28515625,28641855926,4483.8701171875,1820.5999755859373,95.4000015258789,45.0,180443876.3687024,38.0,0.0331115827095373,-0.0037017126347429,0.0077493635498691,-0.0008378909535184,0.0349099532342643,-0.1543102167820995,2022,2,7,0
44118.4453125,33079398868,4521.5400390625,1826.5999755859373,95.63999938964844,48.0,204326154.12338364,38.0,0.0063248089653385,0.0084012071916632,0.0032956168738105,0.0025157008378497,0.0349344861378395,-0.1321990819811938,2022,2,8,1
44338.796875,23245887300,4587.18017578125,1835.199951171875,95.48999786376952,54.0,185751049.203076,38.0,0.0049821136819973,0.0145172078875055,0.004708187726313,-0.0015683973947739,0.0347215714276147,-0.1588276421291595,2022,2,9,2
43565.11328125,32142048537,4504.080078125,1836.199951171875,95.5500030517578,50.0,195038601.66322985,38.0,-0.0176033937813889,-0.0181157256684597,0.000544899752946,0.0006283923901002,0.0357005953459547,-0.1201076621210581,2022,2,10,3
42407.9375,26954925781,4418.64013671875,1840.800048828125,96.08000183105467,50.0,188404635.6202628,38.0,-0.0269211260551718,-0.0189694543445634,0.0025052269788561,0.0055468211655607,0.0370981108460069,-0.0753094571034019,2022,2,11,4
42244.46875,18152390304,4418.64013671875,1840.800048828125,96.08000183105467,44.0,248110330.00696588,38.0,-0.0038621218328664,0.0,0.0,0.0,0.0372530344964843,-0.0743131682180285,2022,2,12,5
42197.515625,14741589015,4418.64013671875,1840.800048828125,96.08000183105467,44.0,209633326.9577572,31.0,-0.0011120802095432,0.0,0.0,0.0,0.0371413307994599,-0.106350584916692,2022,2,13,6
42586.91796875,20827783012,4401.669921875,1868.0,96.37000274658205,46.0,202999360.9147902,31.0,0.009185768314632,-0.0038405967262932,0.0147761573502731,0.0030183275395567,0.0370942633742299,0.0142371515753947,2022,2,14,0
44575.203125,22721659051,4471.06982421875,1854.800048828125,95.98999786376952,46.0,232188811.50384504,31.0,0.0456306044872406,0.0157667211707204,-0.0070663550170636,-0.0039431863856201,0.0385099051574037,-0.0049481862288204,2022,2,15,1
43961.859375,19792547657,4475.009765625,1870.199951171875,95.6999969482422,51.0,206979740.54057044,31.0,-0.0138552950498985,0.000881207755895,0.008302729101975,-0.0030211576412254,0.0356930233888565,-0.0008585211826017,2022,2,16,2
40538.01171875,26246662813,4380.259765625,1900.699951171875,95.8000030517578,52.0,213256529.5453799,31.0,-0.0810823307191044,-0.021173138152195,0.0163084166379581,0.0010449958903311,0.0432130786570743,0.0472094526250488,2022,2,17,3
40030.9765625,23310007704,4348.8701171875,1898.5999755859373,96.04000091552734,30.0,186294128.8834766,31.0,-0.0125865264237605,-0.0071661613961429,-0.0011048432892538,0.0025051968280196,0.029596281706207,-0.0223169947491834,2022,2,18,4
40122.15625,13736557863,4348.8701171875,1898.5999755859373,96.04000091552734,25.0,207147949.28088072,31.0,0.0022751381918922,0.0,0.0,0.0,0.0296198841974695,-0.0179843353384079,2022,2,19,5
38431.37890625,18340576452,4348.8701171875,1898.5999755859373,96.04000091552734,27.0,200196675.81507933,42.0,-0.0430544217465252,0.0,0.0,0.0,0.0304789581240524,-0.0002964903049093,2022,2,20,6
37075.28125,29280402798,4348.8701171875,1898.5999755859373,96.04000091552734,25.0,171001327.25871363,42.0,-0.0359238109483543,0.0,0.0,0.0,0.0290116531465438,0.0266149784770681,2022,2,21,0
38286.02734375,25493150450,4304.759765625,1906.0999755859373,96.02999877929688,20.0,211318713.36036152,42.0,0.0321345343415065,-0.0101429452648328,0.0039502792038568,-0.0001041455241057,0.031038151199368,0.0117860801657099,2022,2,22,1
37296.5703125,21849073843,4225.5,1909.199951171875,96.19000244140624,25.0,208538203.974041,42.0,-0.0261836346154203,-0.0184121228454876,0.0016263446963136,0.0016661841522782,0.0310153025202872,0.1256511102625261,2022,2,23,2
38332.609375,46383802093,4288.7001953125,1925.0999755859373,97.13999938964844,23.0,183513619.49715608,42.0,0.0273995799515498,0.0149568560673292,0.0083281085379784,0.0098762545392476,0.0326943993122973,0.0288227590167804,2022,2,24,3
39214.21875,26545599159,4384.64990234375,1886.5,96.62000274658205,27.0,186294128.8834766,42.0,0.0227384505953059,0.0223726776556034,-0.0200508940187321,-0.0053530640964963,0.0332772211037693,-0.0106911754744571,2022,2,25,4
39105.1484375,17467554129,4384.64990234375,1886.5,96.62000274658205,26.0,173781836.64503416,42.0,-0.0027852723260769,0.0,0.0,0.0,0.033281433187904,-0.0051434843437934,2022,2,26,5
37709.78515625,23450127612,4384.64990234375,1886.5,96.62000274658205,26.0,189074638.2697972,36.0,-0.0363345179244269,0.0,0.0,0.0,0.0342411898112574,0.003709353041138,2022,2,27,6
43193.234375,35690014104,4373.93994140625,1899.4000244140625,96.70999908447266,20.0,214099222.7466821,36.0,0.1357642573033216,-0.0024426034406476,0.0068380728407433,0.0009314462361036,0.0533529587462643,-0.0816442787806395,2022,2,28,0
44354.63671875,32479047645,4306.259765625,1942.4000244140625,97.41000366210938,51.0,225221260.29196423,36.0,0.0265333803325247,-0.0154735036804118,0.0226387277283861,0.0072381820314701,0.0523380664053581,-0.1130851683963777,2022,3,1,1
43924.1171875,29183112630,4386.5400390625,1920.9000244140625,97.38999938964844,52.0,189074638.2697972,36.0,-0.0097537159354072,0.018642691757321,-0.0110687807504973,-0.0002053615820643,0.0522620885780728,-0.0632952391082134,2022,3,2,2
42451.7890625,24967782593,4363.490234375,1934.4000244140625,97.79000091552734,39.0,204908164.05639085,36.0,-0.0340944786524133,-0.0052546664300883,0.0070279555564678,0.0041072135577138,0.048295605424677,-0.0353438615753274,2022,3,3,3
39137.60546875,28516271427,4328.8701171875,1965.0999755859373,98.6500015258789,33.0,190365286.6455021,36.0,-0.0812852755652355,-0.0079340425503344,0.0158705287347038,0.0087943614101655,0.0530025096719188,0.068056048635289,2022,3,4,4
39400.5859375,16975917450,4328.8701171875,1965.0999755859373,98.6500015258789,22.0,168452735.66472492,36.0,0.0066969062286334,0.0,0.0,0.0,0.0530327876654642,0.0708128150854354,2022,3,5,5
38419.984375,19745229902,4328.8701171875,1965.0999755859373,98.6500015258789,22.0,179409011.15511352,32.0,-0.025202937052357,0.0,0.0,0.0,0.0521727347418375,0.0736033574649261,2022,3,6,6
38062.0390625,28546143503,4201.08984375,1993.9000244140625,99.29000091552734,23.0,202691096.5721893,32.0,-0.0093603152707349,-0.0295181583134491,0.0146557677400294,0.0064875760744975,0.0512291742793261,0.0792379259108433,2022,3,7,0
38737.26953125,25776583476,4170.7001953125,2040.0999755859373,99.05999755859376,21.0,202691096.5721893,32.0,0.0175847382159609,-0.0072337535181997,0.0231706457726994,-0.0023164805601046,0.0507185473677886,0.0934897866143726,2022,3,8,1
41982.92578125,32284121034,4277.8798828125,1985.9000244140625,97.97000122070312,22.0,188995752.20920357,32.0,0.0804608330138584,0.0256982478914358,-0.0265673015148721,-0.0110033955658629,0.0544202375106105,0.0216762227278222,2022,3,9,2
39437.4609375,31078064711,4259.52001953125,1998.0999755859373,98.51000213623048,28.0,198582493.2632936,32.0,-0.0625468568005302,-0.0042918136516678,0.0061432856749545,0.0055119006716235,0.057231865917054,0.1146998957011644,2022,3,10,3
38794.97265625,26364890465,4204.31005859375,1982.699951171875,99.12000274658205,22.0,188995752.20920357,32.0,-0.0164254822906464,-0.0129615451234751,-0.0077073342686702,0.0061922708062476,0.0571652585826556,0.1431566368588552,2022,3,11,4
38904.01171875,14616450657,4204.31005859375,1982.699951171875,99.12000274658205,22.0,213647372.0625779,32.0,0.0028067068046672,0.0,0.0,0.0,0.0571586731694799,0.1438621920718932,2022,3,12,5
37849.6640625,17300745310,4204.31005859375,1982.699951171875,99.12000274658205,21.0,206799699.88108504,30.0,-0.0274752699749848,0.0,0.0,0.0,0.0567787694497864,0.237012093692212,2022,3,13,6
39666.75390625,24322159070,4173.10986328125,1959.5999755859373,99.05999755859376,23.0,209538768.75368217,30.0,0.0468912994095342,-0.0074210024659636,-0.0116507672138107,-0.0006053792002175,0.0418090029599981,0.18809832580791,2022,3,14,0
39338.78515625,23934000868,4262.4501953125,1928.5,99.06999969482422,21.0,190365286.6455021,30.0,-0.0083024718981781,0.0214085741708709,-0.0158705735728733,0.0001009704873509,0.0407728147503016,0.2065886193541699,2022,3,15,1
41143.9296875,39616916192,4357.85986328125,1908.0,98.37999725341795,24.0,212277837.6262793,30.0,0.0448654676742004,0.0223837613571822,-0.0106300233341976,-0.0069647970478624,0.043204033670649,0.1438543770601033,2022,3,16,2
40951.37890625,22009601093,4411.669921875,1942.0999755859373,98.01000213623048,27.0,217523034.5085692,30.0,-0.0046909168777941,0.0123478175714519,0.0178721046047889,-0.003760877490517,0.0423569757294227,0.1120181297313993,2022,3,17,3
41801.15625,34421564942,4463.1201171875,1928.199951171875,98.2300033569336,25.0,195149454.7366269,30.0,0.0205385179749362,0.0116622948279487,-0.0071572136289579,0.0022446813172938,0.0364846396386648,0.107185749945613,2022,3,18,4
42190.65234375,19664853187,4463.1201171875,1928.199951171875,98.2300033569336,28.0,211525632.75648364,30.0,0.0092746874320122,0.0,0.0,0.0,0.0364988944921941,0.0871827447708306,2022,3,19,5
41247.82421875,20127946682,4463.1201171875,1928.199951171875,98.2300033569336,31.0,210160951.25482893,28.0,-0.0226003228859662,0.0,0.0,0.0,0.0363420830748807,0.1262064675191674,2022,3,20,6
41077.99609375,24615543271,4461.18017578125,1928.5999755859373,98.5,30.0,208796269.7531742,28.0,-0.0041257618874666,-0.0004346603621039,0.0002074600270678,0.0027486168567594,0.0362032281810493,0.1349793128867749,2022,3,21,0
42358.80859375,32004652376,4511.60986328125,1920.699951171875,98.48999786376952,26.0,203337543.74655527,28.0,0.0307037913099736,0.0113041136006502,-0.0040962483221345,-0.0001015445302585,0.0367113418944619,0.0754786005530321,2022,3,22,1
42892.95703125,25242943069,4456.240234375,1936.5999755859373,98.62000274658205,31.0,197878817.73993632,28.0,0.012531246090632,-0.012272698789159,0.0082782448160949,0.0013199805628214,0.0294787526325733,0.0073154492419673,2022,3,23,2
43960.93359375,31042992291,4520.16015625,1961.5999755859373,98.79000091552734,40.0,195149454.7366269,28.0,0.024593725965785,0.0143439129205664,0.0129092225111879,0.0017237696634642,0.0238372534263223,-0.0103975484625509,2022,3,24,3
44348.73046875,30574413034,4543.06005859375,1953.800048828125,98.80999755859376,47.0,212890314.2581384,28.0,0.0087827164076656,0.005066170567449,-0.0039763085516365,0.000202415658276,0.0227866151526493,-0.0464740790652917,2022,3,25,4
44500.828125,16950455995,4543.06005859375,1953.800048828125,98.80999755859376,51.0,219713721.76641208,28.0,0.0034237154855725,0.0,0.0,0.0,0.0227725224095304,-0.03862156006226,2022,3,26,5
46820.4921875,28160889722,4543.06005859375,1953.800048828125,98.80999755859376,49.0,178773276.7167701,30.0,0.0508131757923822,0.0,0.0,0.0,0.0227183854411227,-0.0985213972981582,2022,3,27,6
47128.00390625,36362175703,4575.52001953125,1939.5999755859373,99.08999633789062,60.0,216984358.7631026,30.0,0.0065464127633699,0.0071449552765867,-0.007267925523241,0.002833708999242,0.0207802174718966,-0.1613923979812626,2022,3,28,0
47465.73046875,31397059069,4631.60009765625,1912.0,98.4000015258789,56.0,206066906.74986476,30.0,0.0071405997391902,0.0122565474275304,-0.0142297256822762,-0.0069633145374118,0.0199829745332328,-0.1546072672331773,2022,3,29,1
47062.6640625,29333883962,4602.4501953125,1933.5,97.79000091552734,55.0,184232002.723389,30.0,-0.0085279952347302,-0.0062937001746978,0.011244769874477,-0.0061991930984994,0.0184702075550671,-0.1252783647334563,2022,3,30,2
45538.67578125,33327427106,4530.41015625,1949.199951171875,98.30999755859376,52.0,194247387.85170585,30.0,-0.0329180095425831,-0.0156525407131773,0.0081199644023144,0.0053174827507731,0.0213935807290169,-0.1230417894267587,2022,3,31,3
46281.64453125,38162644287,4545.85986328125,1919.0999755859373,98.62999725341795,50.0,200371606.28467655,30.0,0.0161834540100177,0.0034102225843584,-0.015442220572518,0.0032550066399248,0.02121953897738,-0.1237678510674411,2022,4,1,4
45868.94921875,29336594194,4545.85986328125,1919.0999755859373,98.62999725341795,52.0,191845154.95341375,30.0,-0.0089570355406702,0.0,0.0,0.0,0.0216549985193851,-0.1186960882357525,2022,4,2,5
46453.56640625,25414397610,4545.85986328125,1919.0999755859373,98.62999725341795,48.0,197529455.84092236,26.0,0.0126648412430469,0.0,0.0,0.0,0.0200688475436354,-0.1450182150135976,2022,4,3,6
46622.67578125,32499785455,4582.64013671875,1929.199951171875,98.98999786376952,52.0,224529885.056588,26.0,0.0036337857461326,0.0080909386878793,0.0052628709887059,0.0036500113593898,0.0197926018001689,-0.1243270756208104,2022,4,4,0
45555.9921875,29640604055,4525.1201171875,1922.9000244140625,99.47000122070312,53.0,206055907.1721852,26.0,-0.023144860605896,-0.0125517208018073,-0.0032655644398008,0.0048490086603918,0.0204505870439551,-0.0889727562252976,2022,4,5,1
43206.73828125,39393395788,4481.14990234375,1918.4000244140625,99.5999984741211,48.0,213161283.28157085,26.0,-0.0529457051005748,-0.0097169166132718,-0.002340215270095,0.0013068990833682,0.0253234912005212,-0.0424091113537068,2022,4,6,2
43503.84765625,26101973106,4500.2099609375,1933.800048828125,99.75,34.0,196108380.6190452,26.0,0.0068529242315328,0.0042533856284925,0.008027535559882,0.0015060394395274,0.0244482337331821,-0.0684188763835095,2022,4,7,3
42287.6640625,27215995394,4488.27978515625,1941.5999755859373,99.8000030517578,37.0,190424079.73153663,26.0,-0.0283539722589372,-0.0026510264820542,0.0040334711763707,0.0005012837268953,0.0253331565403875,-0.0602384597606312,2022,4,8,4
42782.13671875,16050772496,4488.27978515625,1941.5999755859373,99.8000030517578,30.0,217424508.94720227,26.0,0.0116252352899325,0.0,0.0,0.0,0.025591811168507,-0.077027621870876,2022,4,9,5
42207.671875,17654475582,4488.27978515625,1941.5999755859373,99.8000030517578,34.0,198950531.06279945,26.0,-0.0135186465773171,0.0,0.0,0.0,0.0202713601958222,-0.0648787005916801,2022,4,10,6
39521.90234375,33949912166,4412.52978515625,1944.300048828125,99.93000030517578,32.0,194687305.39716807,26.0,-0.0657469945548489,-0.0168772901035542,0.0013906434261119,0.0013025776497275,0.0247866841995132,0.0236933496230877,2022,4,11,0
40127.18359375,30991500854,4397.4501953125,1972.0999755859373,100.29000091552734,20.0,217424508.94720227,26.0,0.0151989918017609,-0.0034174477177417,0.0142981669802293,0.003602527862025,0.0253653995520702,-0.0500838203995713,2022,4,12,1
41166.73046875,27691105228,4446.58984375,1981.0,99.87999725341795,25.0,198950531.06279945,26.0,0.0255764174954905,0.011174577597236,0.0045129681680657,-0.0040881808591737,0.0272849786885583,-0.0467758637393306,2022,4,13,2
39935.515625,24342001973,4392.58984375,1970.9000244140625,100.31999969482422,28.0,194492275.55499536,26.0,-0.0303643733545408,-0.0121441378443979,-0.0050984228096605,0.0044053109081476,0.0271305928176719,-0.0040487144705546,2022,4,14,3
40553.46484375,21756855753,4392.58984375,1970.9000244140625,100.31999969482422,22.0,221692722.83303383,26.0,0.0153551792271288,0.0,0.0,0.0,0.0270710993915237,-0.0479278560411231,2022,4,15,4
40424.484375,16833150693,4392.58984375,1970.9000244140625,100.31999969482422,28.0,188017878.85839576,26.0,-0.0031855728397045,0.0,0.0,0.0,0.0271165708447016,-0.0670289161851553,2022,4,16,5
39716.953125,19087633042,4392.58984375,1970.9000244140625,100.31999969482422,28.0,231514552.3256366,23.0,-0.0176575228819421,0.0,0.0,0.0,0.0264794841660602,-0.0314188092694988,2022,4,17,6
40826.21484375,33705182072,4391.68994140625,1982.9000244140625,100.77999877929688,24.0,188017878.85839576,23.0,0.0275462683643856,-0.0002048682840329,0.0060885888940853,0.0045853178416266,0.0282355876284955,-0.0562600948322209,2022,4,18,0
41502.75,25303206547,4462.2099609375,1955.699951171875,100.95999908447266,27.0,173986693.86896327,23.0,0.0164352943392353,0.0160576043555271,-0.013717319535676,0.0017860717141897,0.0287150002909639,-0.0904108010914939,2022,4,19,1
41374.37890625,27819532341,4459.4501953125,1952.300048828125,100.38999938964844,27.0,224498959.8309204,23.0,-0.0030978678462107,-0.0006184750715809,-0.0017384580603546,-0.005645797345415,0.0255807895517198,-0.040508349776021,2022,4,20,2
40527.36328125,35372786395,4393.66015625,1944.9000244140625,100.58000183105467,27.0,237127026.3214096,23.0,-0.0206844397083194,-0.0147529484983719,-0.0037904134758919,0.0018926431174561,0.0258295817438259,-0.0975198566169365,2022,4,21,3
39740.3203125,28011716745,4271.77978515625,1931.0,101.22000122070312,26.0,189420997.35733905,23.0,-0.0196110852519189,-0.0277400542507536,-0.0071469094758482,0.0063630878703249,0.0253353033725127,-0.0930892959193483,2022,4,22,4
39486.73046875,16138021249,4271.77978515625,1931.0,101.22000122070312,24.0,228708315.3277501,23.0,-0.0064016193275786,0.0,0.0,0.0,0.0249244389098533,-0.1009143399933699,2022,4,23,5
39469.29296875,17964398167,4271.77978515625,1931.0,101.22000122070312,24.0,239933263.31929612,24.0,-0.0004417015833454,0.0,0.0,0.0,0.0248448535005121,-0.1370692742845283,2022,4,24,6
40458.30859375,35445730570,4296.1201171875,1893.199951171875,101.75,23.0,227305196.82880685,24.0,0.0247490500760968,0.0056979369853822,-0.0195753748462583,0.0052361072209556,0.0192904476506116,-0.2511562104778578,2022,4,25,0
38117.4609375,34569088416,4175.2001953125,1901.4000244140625,102.3000030517578,27.0,196436589.85205528,24.0,-0.0595995569885474,-0.0281463084310038,0.0043313297346705,0.0054054353981112,0.0245551429299274,-0.1861234854843222,2022,4,26,1
39241.12109375,30981015184,4183.9599609375,1885.9000244140625,102.9499969482422,21.0,243130347.4311681,24.0,0.0290527349945201,0.0020980468517017,-0.0081518879777949,0.0063538013401183,0.0248990611797452,-0.2626012034768613,2022,4,27,2
39773.828125,33903704907,4287.5,1888.699951171875,103.62000274658205,24.0,195503620.58301136,24.0,0.0134839067215247,0.0247469000729394,0.0014846634082219,0.0065080701136561,0.0239968140617697,-0.2696767366260398,2022,4,28,3
38609.82421875,30882994649,4131.93017578125,1909.300048828125,102.95999908447266,23.0,222163205.20796743,24.0,-0.029702353660829,-0.0362845071064139,0.0109070250377611,-0.0063694619244849,0.0247423602612509,-0.2415634075483743,2022,4,29,4
37714.875,23895713731,4131.93017578125,1909.300048828125,102.95999908447266,20.0,222163205.20796743,24.0,-0.0234521785579196,0.0,0.0,0.0,0.025311023767206,-0.2018728518919922,2022,4,30,5
38469.09375,27002760110,4131.93017578125,1909.300048828125,102.95999908447266,22.0,247341701.7982037,26.0,0.0198005802004018,0.0,0.0,0.0,0.0258245222524044,-0.18622691023882,2022,5,1,6
38529.328125,32922642426,4155.3798828125,1861.800048828125,103.73999786376952,28.0,236974085.5551653,26.0,0.0015645616058173,0.0056752428123536,-0.0248782269864572,0.0075757457870306,0.0243988832657498,-0.2249302175250428,2022,5,2,0
37750.453125,27326943244,4175.47998046875,1868.800048828125,103.47000122070312,27.0,222163205.20796743,26.0,-0.0204222418409001,0.0048371263814863,0.0037598022432141,-0.0026026281918857,0.0240084861191884,-0.1940266962855164,2022,5,3,1
39698.37109375,36754404490,4300.169921875,1867.0,102.58999633789062,21.0,216238853.06908828,26.0,0.0503126775329916,0.0298624210844022,-0.0009632110344034,-0.0085049277320045,0.0286099582004155,-0.276537784974844,2022,5,4,2
36575.140625,43106256317,4146.8701171875,1874.0,103.75,27.0,232530821.4510059,26.0,-0.0819413647290767,-0.0356497086098069,0.0037493304767006,0.0113071810460816,0.0349400046732277,-0.1711765569083168,2022,5,5,3
36040.921875,37795577489,4123.33984375,1881.199951171875,103.66000366210938,22.0,210314500.9302092,26.0,-0.0147137801076371,-0.005674224842484,0.0038420230372866,-0.0008674345820782,0.0348289771623879,-0.1897893085073867,2022,5,6,4
35501.953125,24375896406,4123.33984375,1881.199951171875,103.66000366210938,23.0,211795588.96492895,26.0,-0.0150672990569396,0.0,0.0,0.0,0.0349042510935017,-0.1709688067337844,2022,5,7,5
34059.265625,36763041910,4123.33984375,1881.199951171875,103.66000366210938,18.0,229568645.3815663,57.0,-0.0414855987869971,0.0,0.0,0.0,0.0359609562100536,-0.1096777308671053,2022,5,8,6
30296.953125,63355494961,3991.239990234375,1857.0999755859373,103.6500015258789,11.0,229568645.3815663,57.0,-0.1170549632581505,-0.0320371006323567,-0.0128109590747781,-9.648983095811305e-05,0.0433234931861692,-0.0395433482636713,2022,5,9,0
31022.90625,59811038817,4001.050048828125,1839.9000244140625,103.91999816894533,10.0,226823707.2333046,57.0,0.0236786923864829,0.0024578974498534,-0.0092617260233651,0.0026048879796589,0.0432762195906254,-0.0440745396798535,2022,5,10,1
28936.35546875,70388855818,3935.179931640625,1852.5999755859373,103.8499984741211,12.0,225257597.8912952,57.0,-0.0696270636865209,-0.0164632075039383,0.0069025224215208,-0.0006735921483602,0.0435733095173826,0.0216338875174193,2022,5,11,2
29047.751953125,66989173272,3930.080078125,1823.800048828125,104.8499984741211,12.0,209722591.14017135,57.0,0.0038423156405122,-0.0012959645058717,-0.015545680199366,0.0096292731313731,0.0430608745684414,0.0075555814647607,2022,5,12,3
29283.103515625,42841124537,4023.889892578125,1807.4000244140625,104.55999755859376,10.0,236132102.61708185,57.0,0.008069582993285,0.0238696954230714,-0.008992227204183,-0.0027658647567736,0.0436831495543303,-0.0223859228761466,2022,5,13,4
30101.265625,28579868620,4023.889892578125,1807.4000244140625,104.55999755859376,9.0,219043595.19084564,57.0,0.0275565403508554,0.0,0.0,0.0,0.0453778012251817,-0.042734589648172,2022,5,14,5
31305.11328125,25835372065,4023.889892578125,1807.4000244140625,104.55999755859376,10.0,189527082.3637104,38.0,0.0392142296088775,0.0,0.0,0.0,0.0468542217331323,-0.059388261377528,2022,5,15,6
29862.91796875,32613897286,4008.010009765625,1813.5,104.19000244140624,14.0,254774110.7184304,38.0,-0.0471639388259309,-0.0039464009295556,0.003375000278599,-0.0035385914864828,0.047397986990322,0.0624008898996417,2022,5,16,0
30425.857421875,29101473475,4088.85009765625,1818.199951171875,103.36000061035156,8.0,228364599.24151996,38.0,0.0186753109718678,0.0201696322348636,0.0025916466346154,-0.0079662329552344,0.0483323094040339,0.0449109159374938,2022,5,17,1
28720.271484375,31285268319,3923.679931640625,1815.9000244140625,103.80999755859376,12.0,208169090.46505892,38.0,-0.0576896230339538,-0.0403952607874525,-0.0012649471012966,0.0043536856190491,0.0455474205984192,0.0375626182481219,2022,5,18,2
30314.333984375,33773447707,3900.7900390625,1841.199951171875,102.72000122070312,13.0,189527082.3637104,38.0,0.054017472510896,-0.0058337818009925,0.0139324447478743,-0.010499916804982,0.0467730094566347,0.0050522072150402,2022,5,19,3
29200.740234375,30749382605,3901.360107421875,1841.800048828125,103.1500015258789,13.0,198848086.4143847,38.0,-0.0374266099996021,0.0001461417696584,0.0003259274778211,0.004186139992852,0.0472295349454795,0.0172478638069628,2022,5,20,4
29432.2265625,17274840442,3901.360107421875,1841.800048828125,103.1500015258789,13.0,209722591.14017135,38.0,0.0078961561565265,0.0,0.0,0.0,0.0475831720051797,0.0136139037646074,2022,5,21,5
30323.72265625,21631532270,3901.360107421875,1841.800048828125,103.1500015258789,14.0,189527082.3637104,30.0,0.0298401165357857,0.0,0.0,0.0,0.0480979943808966,-0.0137536064289599,2022,5,22,6
29098.91015625,31483454557,3973.75,1847.800048828125,102.08000183105467,10.0,248560108.0179809,30.0,-0.041229610336667,0.0185550399309235,0.00325768261534,-0.0103732397382055,0.0393755245339197,0.0780703368803681,2022,5,23,0
29655.5859375,26616506245,3941.47998046875,1865.0999755859373,101.86000061035156,12.0,186420081.01348567,30.0,0.0189497817670692,-0.0081207976171752,0.0093624452325262,-0.0021551843334332,0.0391496274536825,0.050577067716216,2022,5,24,1
29562.361328125,27525063551,3978.72998046875,1846.199951171875,102.05999755859376,11.0,219801139.27751225,30.0,-0.0031485281301596,0.0094507647342076,-0.0101335181284986,0.0019634493132121,0.034460079271278,0.0220548735396419,2022,5,25,2
29267.224609375,36774325352,4057.840087890625,1847.4000244140625,101.83000183105467,12.0,209555369.85718092,30.0,-0.0100336995448721,0.0198832561672241,0.0006500234394577,-0.0022535345193107,0.034603612304031,0.0288641457731322,2022,5,26,3
28627.57421875,36582005748,4158.240234375,1851.300048828125,101.66999816894533,12.0,205096744.96660265,30.0,-0.0220978890225637,0.0247422629551097,0.0021110882118231,-0.0015712821293555,0.0350603515428591,0.015936749137871,2022,5,27,4
28814.900390625,35519577634,4158.240234375,1851.300048828125,101.66999816894533,13.0,219958827.93519703,30.0,0.0065222411539163,0.0,0.0,0.0,0.0341544337630526,-0.0157588552309464,2022,5,28,5
29445.95703125,18093886409,4158.240234375,1851.300048828125,101.66999816894533,14.0,221445036.23205647,26.0,0.0216639901789586,0.0,0.0,0.0,0.0327326841298224,-0.0911265540088337,2022,5,29,6
31726.390625,39277993274,4158.240234375,1851.300048828125,101.66999816894533,10.0,228876077.71635368,26.0,0.0745922281639197,0.0,0.0,0.0,0.0368662990829534,-0.2912087310002664,2022,5,30,0
31792.310546875,33538210634,4132.14990234375,1842.699951171875,101.75,16.0,216986411.34147817,26.0,0.0020756074770069,-0.006274368617659,-0.0046454369520996,0.0007868774711863,0.0366520357981243,-0.3015042761359539,2022,5,31,1
29799.080078125,41135817341,4101.22998046875,1843.300048828125,102.5500030517578,17.0,202124328.3728837,26.0,-0.0647469306708352,-0.0074827686811318,0.0003256621653831,0.0078624378551135,0.0375181218259454,-0.2424987689361478,2022,6,1,2
30467.48828125,29083562061,4176.81982421875,1866.5,101.7699966430664,13.0,185776037.10742992,26.0,0.0221826339109845,0.0184310180384861,0.0125860958917807,-0.0076061080982877,0.0349293017254011,-0.3310360800838291,2022,6,2,3
29704.390625,26175547452,4108.5400390625,1845.4000244140625,102.13999938964844,10.0,212527786.45089987,26.0,-0.0253652897101915,-0.0163473139924156,-0.0113045676860099,0.003635676120534,0.0340895059396074,-0.3108263798333684,2022,6,3,4
29832.9140625,16588370958,4108.5400390625,1845.4000244140625,102.13999938964844,14.0,206582953.2634621,26.0,0.0043174153689046,0.0,0.0,0.0,0.0340529530227072,-0.3625281614031063,2022,6,4,5
29906.662109375,17264085441,4108.5400390625,1845.4000244140625,102.13999938964844,10.0,216986411.34147817,25.0,0.0024689858570859,0.0,0.0,0.0,0.0330405099864911,-0.3127527435456577,2022,6,5,6
31370.671875,31947336829,4121.43017578125,1839.199951171875,102.44000244140624,13.0,222931244.5289159,25.0,0.0477921711289665,0.0031374007789131,-0.0033597448575715,0.0029371749907041,0.0333664695399643,-0.3433504646806357,2022,6,6,0
31155.478515625,40770974039,4160.68017578125,1847.5,102.31999969482422,15.0,240765744.0912292,25.0,-0.0068833346588699,0.009523393173235,0.004512858334319,-0.0011714441987705,0.0332964807543725,-0.3352502146335745,2022,6,7,1
30214.35546875,30242059107,4115.77001953125,1851.9000244140625,102.54000091552734,17.0,266405768.7361438,25.0,-0.0306729469834307,-0.0107939457859356,0.0023816099670161,0.0021501292157866,0.0345091922048749,-0.3384922833271384,2022,6,8,2
30111.998046875,21692004719,4017.820068359375,1848.800048828125,103.22000122070312,11.0,219787040.37955952,25.0,-0.0033934595457949,-0.0237986939763535,-0.0016739432718125,0.0066315613331813,0.0343761964601072,-0.2997516498141087,2022,6,9,3
29083.8046875,29867476527,3900.860107421875,1871.5,104.1500015258789,13.0,221292431.06709072,25.0,-0.0347422192378,-0.0291103033355246,0.0122782077955176,0.0090098846558552,0.035195328382628,-0.2699835362625301,2022,6,10,4
28360.810546875,27246574439,3900.860107421875,1871.5,104.1500015258789,12.0,231830165.87980932,25.0,-0.0251731974103023,0.0,0.0,0.0,0.0358573627655569,-0.2418292187000176,2022,6,11,5
26762.6484375,34163220274,3900.860107421875,1871.5,104.1500015258789,14.0,191184617.31646612,66.0,-0.0580010815188194,0.0,0.0,0.0,0.0381175099372993,-0.2143044074662127,2022,6,12,6
22487.388671875,68204556440,3749.6298828125,1828.0,105.08000183105467,11.0,200216961.44165352,66.0,-0.1740525517766704,-0.0387684306652372,-0.0232433876569596,0.0089294315079264,0.0492109259772536,-0.0779063403854052,2022,6,13,0
22206.79296875,50913575242,3735.47998046875,1809.5,105.5199966430664,8.0,219787040.37955952,66.0,-0.0125564169410573,-0.0037736797459957,-0.0101203501094091,0.0041872364326671,0.0487906224427714,-0.0867373423004187,2022,6,14,1
22572.83984375,54912007015,3789.989990234375,1815.300048828125,105.16000366210938,7.0,248389463.44265285,66.0,0.0163491750838634,0.0145925048589832,0.0032053323172838,-0.0034116091016829,0.0485629234603859,-0.1093711036510796,2022,6,15,2
20381.650390625,31183975654,3666.77001953125,1845.699951171875,103.62999725341795,7.0,179141491.81621632,66.0,-0.1021124013301035,-0.0325119514881634,0.0167464890244313,-0.0145493187087315,0.0512511132888348,-0.0292873156336529,2022,6,16,3
20471.482421875,27132421514,3674.840087890625,1835.5999755859373,104.6999969482422,9.0,162582194.2533728,66.0,0.0043978108825623,0.0022008656982546,-0.0054721654944644,0.0103251927355323,0.0519371678401579,-0.0587214550271389,2022,6,17,4
19017.642578125,42009436760,3674.840087890625,1835.5999755859373,104.6999969482422,6.0,234840947.25487185,66.0,-0.0736657112248889,0.0,0.0,0.0,0.0525764777674998,0.0118107846609947,2022,6,18,5
20553.271484375,35329942625,3674.840087890625,1835.5999755859373,104.6999969482422,6.0,200216961.44165352,52.0,0.07765301952407,0.0,0.0,0.0,0.0599687531879781,-0.0611189957498972,2022,6,19,6
20599.537109375,30818458597,3674.840087890625,1835.5999755859373,104.6999969482422,9.0,198711570.75412232,52.0,0.0022484805325769,0.0,0.0,0.0,0.0567714041220293,-0.0178778478695715,2022,6,20,0
20710.59765625,28970212744,3764.7900390625,1834.5999755859373,104.44000244140624,9.0,225808603.1296844,52.0,0.0053769282080973,0.0244772422800869,-0.0005447810052845,-0.0024832331844715,0.0572152924403393,-0.0251312120738307,2022,6,21,1
19987.029296875,28574793478,3759.889892578125,1834.300048828125,104.1999969482422,11.0,193273708.26929796,52.0,-0.0355620053246316,-0.0013015723144006,-0.0001634834633182,-0.0022980226690315,0.0572487406171131,0.0280790500948906,2022,6,22,2
21085.876953125,26188097173,3795.72998046875,1825.699951171875,104.43000030517578,11.0,223431040.49786,52.0,0.0535199496525523,0.0095322174091778,-0.004688490120111,0.0022073259469272,0.0611316076296804,0.0261649510108819,2022,6,23,3
21231.65625,24957784918,3911.739990234375,1826.5,104.19000244140624,11.0,189622396.2119996,52.0,0.0068898096137616,0.0305632935858357,0.0004382148488373,-0.0022981697124215,0.0615552546005212,0.0235243511678464,2022,6,24,4
21502.337890625,18372538715,3911.739990234375,1826.5,104.19000244140624,14.0,221961099.44195303,52.0,0.0126683810466247,0.0,0.0,0.0,0.0621622682422667,0.0041795055534024,2022,6,25,5
21027.294921875,18027170497,3911.739990234375,1826.5,104.19000244140624,14.0,202851865.7151624,38.0,-0.0223403163672973,0.0,0.0,0.0,0.0611900548608843,-0.0079347202645371,2022,6,26,6
20735.478515625,20965695707,3900.110107421875,1820.9000244140625,103.94000244140624,12.0,199911983.60334843,38.0,-0.0139751808447968,-0.0029730715337762,-0.0030659598061524,-0.0023994624641706,0.0449579887552813,-0.0368895212340337,2022,6,27,0
20280.634765625,21381535161,3821.550048828125,1817.5,104.51000213623048,10.0,214611394.16241816,38.0,-0.0221796927954195,-0.020143036075892,-0.0018672219059124,0.005483929973405,0.0451524587852529,-0.0471741005240432,2022,6,28,1
20104.0234375,23552740328,3818.830078125,1813.699951171875,105.11000061035156,13.0,221961099.44195303,38.0,-0.0087465122598882,-0.000711745409159,-0.0020908109095598,0.0057410626911957,0.0447087362346223,0.005374584922561,2022,6,29,2
19784.7265625,26267239923,3785.3798828125,1804.0999755859373,104.69000244140624,11.0,251359920.5600925,38.0,-0.016009711756282,-0.0087592782679987,-0.0052930340433293,-0.003995796465669,0.036720539401801,0.0396868441367928,2022,6,30,3
19269.3671875,30767551159,3825.330078125,1798.9000244140625,105.13999938964844,11.0,196972101.49153444,38.0,-0.026393611667962,0.0105538140290473,-0.0028822965701699,0.0042983755635506,0.0372420190778428,0.0813187543863134,2022,7,1,4
19242.255859375,18100418740,3825.330078125,1798.9000244140625,105.13999938964844,14.0,202851865.7151624,38.0,-0.0014079558563739,0.0,0.0,0.0,0.0318104328427518,0.1012386781005143,2022,7,2,5
19297.076171875,16390821947,3825.330078125,1798.9000244140625,105.13999938964844,11.0,227840863.6655809,35.0,0.0028449039765122,0.0,0.0,0.0,0.0222072959996062,0.0768130656127774,2022,7,3,6
20231.26171875,21594638208,3825.330078125,1798.9000244140625,105.13999938964844,14.0,210201570.99469727,35.0,0.0472754271830075,0.0,0.0,0.0,0.0262993462428295,0.1114328787653236,2022,7,4,0
20190.115234375,26715546990,3831.389892578125,1761.800048828125,106.5,19.0,173453044.59702292,35.0,-0.0020358781263047,0.0015841285142366,-0.0206237006406299,0.0129351399871271,0.0262359566263318,0.1584596384040419,2022,7,5,1
20548.24609375,24598943708,3845.080078125,1734.9000244140625,107.0999984741211,18.0,186682514.1001857,35.0,0.0175824492578839,0.0035731642904301,-0.0152684888571522,0.0056337884893999,0.0248104646447626,0.1305944223113628,2022,7,6,2
21637.587890625,25814972520,3902.6201171875,1737.9000244140625,107.12999725341795,18.0,227544125.37384427,35.0,0.0516563933886174,0.0149645879652418,0.0017292062699769,0.0002801006510202,0.0244929494957549,0.070573532657336,2022,7,7,3
21731.1171875,49899834488,3899.3798828125,1740.5999755859375,107.01000213623048,20.0,214480636.4041969,35.0,0.0043132227124235,-0.000830271529819,0.0015535710535392,-0.0011200888664605,0.0244637180990984,0.0452743096287258,2022,7,8,4
21592.20703125,29641127858,3899.3798828125,1740.5999755859375,107.01000213623048,24.0,194191927.5551512,35.0,-0.0064127411638449,0.0,0.0,0.0,0.0243474930783843,0.0404438269377063,2022,7,9,5
20860.44921875,28688807249,3899.3798828125,1740.5999755859375,107.01000213623048,24.0,221726603.8502846,31.0,-0.0344774797250263,0.0,0.0,0.0,0.0253746002181844,0.0838292035522514,2022,7,10,6
19970.556640625,24150249025,3854.429931640625,1730.0,108.0199966430664,22.0,178250799.1737582,31.0,-0.0435959633947673,-0.0115274614227772,-0.0060898401324918,0.0094383187241706,0.0276274256556929,0.0696597774555802,2022,7,11,0
19323.9140625,25810220018,3818.800048828125,1723.300048828125,108.06999969482422,16.0,218828216.87184957,31.0,-0.0329156213890198,-0.0092438787173215,-0.0038728041455924,0.0004629055111253,0.028329636875515,0.0991434673924513,2022,7,12,1
20212.07421875,33042430345,3801.780029296875,1734.199951171875,107.95999908447266,15.0,159411283.8139301,31.0,0.0449367599448216,-0.00445690251221,0.0063250171385778,-0.0010178644458423,0.0311236959417184,0.1344975572498725,2022,7,13,2
20569.919921875,31158743333,3790.3798828125,1704.5,108.54000091552734,18.0,179699992.6629758,31.0,0.0175496512632417,-0.0029986339021522,-0.0171260246846423,0.0053723771394336,0.0310308206732233,0.1591628362827661,2022,7,14,3
20836.328125,25905575359,3863.159912109375,1702.4000244140625,108.05999755859376,15.0,205785475.4688916,31.0,0.0128681970428928,0.0192012493594366,-0.0012320185309108,-0.0044223636713174,0.0299315417004509,0.1424581466414203,2022,7,15,4
21190.31640625,24302954056,3863.159912109375,1702.4000244140625,108.05999755859376,21.0,214480636.4041969,31.0,0.01684629629197,0.0,0.0,0.0,0.0299844675368864,0.1163687496555121,2022,7,16,5
20779.34375,22927802083,3863.159912109375,1702.4000244140625,108.05999755859376,24.0,179699992.6629758,32.0,-0.0195848997097472,0.0,0.0,0.0,0.0308177643074466,0.1230814969493441,2022,7,17,6
22485.689453125,39974475562,3830.85009765625,1709.199951171875,107.37000274658205,20.0,189844347.0874986,32.0,0.0789196782301286,-0.0083635715808313,0.0039943178220718,-0.0063852936109644,0.0353860017643397,0.0368460912596058,2022,7,18,0
23389.43359375,48765202697,3936.68994140625,1710.0,106.68000030517578,30.0,199988701.51202145,32.0,0.0394052820034178,0.0276282916459595,0.0004680838117134,-0.0064263986565671,0.0362407826639998,-0.0175855650630167,2022,7,19,1
23231.732421875,42932549127,3959.89990234375,1699.5,107.08000183105467,31.0,182598379.6414109,32.0,-0.0067652436363693,0.0058958061932632,-0.006140350877193,0.0037495456011871,0.0364888481726233,-0.0165818287839899,2022,7,20,2
23164.62890625,33631012204,3998.949951171875,1712.699951171875,106.91000366210938,34.0,199187652.45519632,32.0,-0.0028926217700481,0.0098613727091971,0.0077669615603854,-0.0015875809305039,0.0343464686364217,-0.0230382225055205,2022,7,21,3
22714.978515625,31421555646,3961.6298828125,1727.0999755859375,106.7300033569336,33.0,181711862.6387281,32.0,-0.0196019457648818,-0.0093324669763467,0.0084077916883278,-0.0016836619493969,0.0349846373134866,0.0252844587594449,2022,7,22,4
22465.478515625,24021799169,3961.6298828125,1727.0999755859375,106.7300033569336,31.0,211997173.07851613,32.0,-0.011044710597189,0.0,0.0,0.0,0.0351080938790607,0.0220694511761752,2022,7,23,5
22609.1640625,23565495303,3961.6298828125,1727.0999755859375,106.7300033569336,30.0,216126988.1384872,28.0,0.0063754707902582,0.0,0.0,0.0,0.033427559597234,0.0250662324769443,2022,7,24,6
21361.701171875,35574561406,3966.840087890625,1719.0,106.4800033569336,30.0,195477912.8386317,28.0,-0.0567556597820324,0.0013151670479691,-0.0046899286089038,-0.0023423591505373,0.0349687610634504,0.1145875572621892,2022,7,25,0
21239.75390625,28624673855,3921.050048828125,1717.699951171875,107.19000244140624,26.0,220256803.19845837,28.0,-0.0057250438268413,-0.0115432026620586,-0.000756282040794,0.0066679100496704,0.0334467059273021,0.0906114290033595,2022,7,26,1
22930.548828125,31758955233,4023.610107421875,1719.0999755859375,106.4499969482422,28.0,227139828.2984101,28.0,0.0765954215493611,0.0261562737829377,0.0008150576083485,-0.0069036801596172,0.0374127262900027,0.0443554036854323,2022,7,27,2
23843.88671875,40212386158,4072.429931640625,1750.300048828125,106.3499984741211,32.0,194101307.8186414,28.0,0.0390578308920142,0.0121333386971809,0.0181490743326624,-0.0009393938655509,0.0382356455146358,0.0047661096307607,2022,7,28,3
23804.6328125,35887249746,4130.2900390625,1762.9000244140625,105.9000015258789,39.0,200984332.91859323,28.0,-0.0016476446914401,0.0142077600825818,0.0071987517765159,-0.0042312830719192,0.0383850099921216,0.025128955005804,2022,7,29,4
23656.20703125,28148218301,4130.2900390625,1762.9000244140625,105.9000015258789,42.0,177582047.57875702,28.0,-0.0062546834661819,0.0,0.0,0.0,0.0385716865165194,0.032459190398133,2022,7,30,5
23336.896484375,23553591896,4130.2900390625,1762.9000244140625,105.9000015258789,39.0,209243963.0385354,24.0,-0.0135898860596065,0.0,0.0,0.0,0.0382739131582793,0.0420980356431619,2022,7,31,6
23314.19921875,25849159141,4118.6298828125,1769.0,105.4499969482422,33.0,187218282.7186896,24.0,-0.0009730647082914,-0.0028230841271976,0.0034601937157299,-0.0042493349495066,0.0319879826959175,0.0352906582713894,2022,8,1,0
22978.1171875,28389250717,4091.18994140625,1771.0999755859375,106.23999786376952,31.0,213373778.09850645,24.0,-0.0145202470826133,-0.0066623955507048,0.0011870975612988,0.0074917111274559,0.0304011664396663,0.0393928632506674,2022,8,2,1
22846.5078125,26288169966,4155.169921875,1758.0,106.51000213623048,34.0,199607727.89860287,24.0,-0.005744061707541,0.0156384771631401,-0.0073965195452072,0.0025414559289351,0.0303872328009234,0.0214251665240139,2022,8,3,2
22630.95703125,25120229769,4151.93994140625,1788.5,105.69000244140624,30.0,183173748.8020644,24.0,-0.0094795255685209,-0.0007773401640558,0.0173492605233218,-0.007698804604054,0.0304725255017119,0.0257073198096149,2022,8,4,3
23289.314453125,28881249043,4145.18994140625,1772.9000244140625,106.62000274658205,31.0,210085555.0395456,24.0,0.0286758990881604,-0.0016257460597355,-0.0087223794162356,0.0087993214466179,0.0310004205563962,-0.1035565784301729,2022,8,5,4
22961.279296875,15978259885,4145.18994140625,1772.9000244140625,106.62000274658205,31.0,225491829.07577893,24.0,-0.0141853598130545,0.0,0.0,0.0,0.0311129310321442,-0.0781846136179497,2022,8,6,5
23175.890625,15886817043,4145.18994140625,1772.9000244140625,106.62000274658205,30.0,222690688.3419183,23.0,0.0093032527300449,0.0,0.0,0.0,0.0311549554077077,-0.0708395443271125,2022,8,7,6
23809.486328125,28575544847,4140.06005859375,1786.800048828125,106.44000244140624,30.0,201682132.83796376,23.0,0.0269715453445785,-0.0012375507238541,0.0078402753808164,-0.0016882414231746,0.0269898404370412,-0.1012444406308967,2022,8,8,0
23164.318359375,23555719219,4122.47021484375,1794.0,106.37000274658205,42.0,200281562.47103348,23.0,-0.0274709934963751,-0.004248692893594,0.0040295225963291,-0.0006576446187396,0.0284004597734033,-0.0706358133818252,2022,8,9,1
23947.642578125,32837431722,4210.240234375,1795.5999755859375,105.1999969482422,31.0,207284414.30568492,23.0,0.0332567950538816,0.0212906376412902,0.0008918481526964,-0.0109993961467433,0.0210216862097676,-0.1065918300119735,2022,8,10,2
23957.529296875,37127036580,4207.27001953125,1789.699951171875,105.08999633789062,41.0,196079851.3702425,23.0,0.0004127620673678,-0.0007054739583503,-0.0032858233984645,-0.0010456332085796,0.0182046862868796,-0.098366779428603,2022,8,11,3
24402.818359375,27265804688,4280.14990234375,1798.5999755859375,105.62999725341795,42.0,215687836.5072668,23.0,0.0184159820568986,0.0173223687745669,0.0049729142632175,0.0051384616456842,0.0188147339744438,-0.1697672279945251,2022,8,12,4
24424.068359375,22987346289,4280.14990234375,1798.5999755859375,105.62999725341795,46.0,194679281.00331223,23.0,0.000870422128859,0.0,0.0,0.0,0.018672609413641,-0.1794267037597311,2022,8,13,5
24319.333984375,22994133555,4280.14990234375,1798.5999755859375,105.62999725341795,47.0,186275858.8017304,24.0,-0.0042973830773317,0.0,0.0,0.0,0.018224579329236,-0.1933654735064428,2022,8,14,6
24136.97265625,35123501685,4297.14013671875,1781.4000244140625,106.5500030517578,45.0,203082703.20489404,24.0,-0.0075268711844549,0.0039695418998517,-0.0095629664212976,0.0087097020000166,0.0184192630671962,-0.1590497105953732,2022,8,15,0
23883.291015625,27753685646,4305.2001953125,1773.199951171875,106.5,44.0,207284414.30568492,24.0,-0.0105657062741354,0.001875679716581,-0.0046031621925483,-0.0004692918848019,0.0181690266029766,-0.171102149163678,2022,8,16,1
23335.998046875,30931623076,4274.0400390625,1760.300048828125,106.56999969482422,41.0,180673577.3340092,24.0,-0.0231819448838646,-0.0072377949540946,-0.0072749282083076,0.0006572741298047,0.0193408930558892,-0.1408225338551598,2022,8,17,2
23212.73828125,23747613147,4283.740234375,1755.300048828125,107.4800033569336,30.0,202403376.0331685,24.0,-0.0052959570307789,0.0022695611701915,-0.0028404248487799,0.0085390228461601,0.0191884267115437,-0.1329269136137367,2022,8,18,3
20877.552734375,40509610260,4228.47998046875,1747.5999755859375,108.16999816894533,33.0,250867150.7861116,24.0,-0.1060266419016861,-0.0129000011398479,-0.0043867561260129,0.0064197505625329,0.0320742861689779,-0.043481209773468,2022,8,19,4
21166.060546875,27595671000,4228.47998046875,1747.5999755859375,108.16999816894533,29.0,209995536.3321945,24.0,0.0137244313026617,0.0,0.0,0.0,0.0324831981591497,-0.0630241349492384,2022,8,20,5
21534.12109375,23102307723,4228.47998046875,1747.5999755859375,108.16999816894533,27.0,205767438.2852376,22.0,0.0172397235125559,0.0,0.0,0.0,0.032831130408289,-0.0718584332459296,2022,8,21,6
21398.908203125,31666498758,4137.990234375,1734.0,109.0500030517578,29.0,204358072.2695853,22.0,-0.0062988025716225,-0.0214000649197158,-0.0077820873059795,0.0081353877942944,0.0315094895329453,-0.0741410306691866,2022,8,22,0
21528.087890625,31878280659,4128.72998046875,1746.800048828125,108.62000274658205,28.0,242410954.69219768,22.0,0.0060185938546632,-0.0022378626777133,0.0073818043991493,-0.0039431480343168,0.0311350951856783,-0.1249725444983257,2022,8,23,1
21395.01953125,31962253368,4140.77001953125,1747.800048828125,108.68000030517578,25.0,205767438.2852376,22.0,-0.0062003332785291,0.002916160446301,0.0005724753675562,0.0005523619690355,0.0290925623968741,-0.0983731428441015,2022,8,24,2
21600.904296875,31028679593,4199.1201171875,1757.699951171875,108.47000122070312,25.0,224089196.48871768,22.0,0.0095770166529556,0.0140916055180615,0.0056642076136728,-0.0019322698185771,0.0293903720910696,-0.1051377424429659,2022,8,25,3
20260.01953125,42326789564,4057.659912109375,1736.0999755859375,108.8000030517578,27.0,248048418.754807,22.0,-0.0640857165596632,-0.0336880587195187,-0.0122887729339337,0.0030423326942095,0.0318072327198817,0.0553372029464587,2022,8,26,4
20041.73828125,30116729776,4057.659912109375,1736.0999755859375,108.8000030517578,28.0,204358072.2695853,22.0,-0.0108324498139265,0.0,0.0,0.0,0.031576290652705,0.0817693933656031,2022,8,27,5
19616.814453125,24366810591,4057.659912109375,1736.0999755859375,108.8000030517578,28.0,226907928.52002236,22.0,-0.0214299343072556,0.0,0.0,0.0,0.0315186672670989,0.1097243087756845,2022,8,28,6
20297.994140625,32637854078,4030.610107421875,1736.5999755859375,108.83999633789062,24.0,221270464.45741308,22.0,0.034134991629983,-0.0066663557995026,0.0002880018472617,0.000367585340175,0.0341737805601259,0.1021014718876645,2022,8,29,0
19796.80859375,34483360283,3986.159912109375,1723.199951171875,108.7699966430664,27.0,228317294.5356746,22.0,-0.0250013277835669,-0.0110281555714482,-0.0077162412774659,-0.0006431431199878,0.034344574084542,0.0252514659184925,2022,8,30,1
20049.763671875,33225232872,3955.0,1712.800048828125,108.6999969482422,23.0,219862688.89188156,22.0,0.0126966241687939,-0.0078170251059712,-0.0060352266936157,-0.0006435570192571,0.0348524343365685,0.0095425649402234,2022,8,31,2
20127.140625,30182031010,3966.85009765625,1696.5999755859375,109.69000244140624,20.0,212503108.15739748,22.0,0.0038518173635346,0.0029962320243361,-0.0094582395961929,0.0091076864853589,0.0350366763647947,-0.0211619571520731,2022,9,1,3
19969.771484375,29123998928,3924.260009765625,1709.800048828125,109.52999877929688,25.0,198644209.79930627,22.0,-0.0078494796911592,-0.010736500458081,0.0077803096971216,-0.0014586895664884,0.0232955211204075,-0.0098742992704892,2022,9,2,4
19832.087890625,23613051457,3924.260009765625,1709.800048828125,109.52999877929688,21.0,226362006.5154886,22.0,-0.0069184779354978,0.0,0.0,0.0,0.0228036279542272,0.014899504423318,2022,9,3,5
19986.712890625,25245861652,3924.260009765625,1709.800048828125,109.52999877929688,20.0,258699436.01770127,22.0,0.0077664708222695,0.0,0.0,0.0,0.0222358302851671,-0.0283792054428346,2022,9,4,6
19812.37109375,28813460025,3924.260009765625,1709.800048828125,109.52999877929688,23.0,235601272.08754936,22.0,-0.008761151996171,0.0,0.0,0.0,0.0222555641481951,-0.0135391259446285,2022,9,5,0
18837.66796875,43403978910,3908.18994140625,1700.4000244140625,110.20999908447266,22.0,218662618.53877124,22.0,-0.0504480646723607,-0.0040950569838349,-0.0054977331533621,0.0062083476011534,0.0248452252776712,0.0028199400179536,2022,9,6,1
19290.32421875,35239757134,3979.8701171875,1715.300048828125,109.83999633789062,24.0,224822128.92014512,22.0,0.0237451537491359,0.018341016392734,0.0087626583157671,-0.0033572520611168,0.02639126778542,-0.0385127704283417,2022,9,7,2
19329.833984375,32194477850,4006.179931640625,1708.0,109.70999908447266,20.0,195564454.60861945,22.0,0.0020460703035366,0.006610721877456,-0.0042558436543579,-0.0011835147282605,0.0260993975426889,0.0043309630565204,2022,9,8,3
21381.15234375,48469528171,4067.360107421875,1716.199951171875,109.0,22.0,226362006.5154886,22.0,0.1008600976678907,0.0152714498163328,0.0048009081802546,-0.0064715986728427,0.035941664784255,-0.0974462759713715,2022,9,9,4
21680.5390625,36913738894,4067.360107421875,1716.199951171875,109.0,28.0,241760782.4689232,22.0,0.0139052384133987,0.0,0.0,0.0,0.0357447500217286,-0.1265433177579691,2022,9,10,5
21769.255859375,34493951963,4067.360107421875,1716.199951171875,109.0,26.0,281797599.94785315,22.0,0.0040836519630453,0.0,0.0,0.0,0.0348818787418489,-0.1363003964073114,2022,9,11,6
22370.44921875,50212088965,4110.41015625,1728.0999755859375,108.33000183105467,25.0,235601272.08754936,22.0,0.0272421638716643,0.0105842727693497,0.0069339382080373,-0.0061467721921588,0.0345129147803149,-0.1407114051653313,2022,9,12,0
20296.70703125,51091116622,3932.68994140625,1705.0,109.81999969482422,34.0,211972242.0735515,22.0,-0.097282198923424,-0.0432366134006168,-0.013367268047154,0.0137542494099949,0.0431084726430501,-0.0584410148120932,2022,9,13,1
20241.08984375,37872380889,3946.010009765625,1696.5,109.66000366210938,27.0,202308899.97494468,22.0,-0.0027439686753737,0.0033870120853238,-0.0049853372434017,-0.00145689339974,0.0430272850795109,-0.0402334630650562,2022,9,14,2
19701.2109375,36389011503,3901.35009765625,1665.4000244140625,109.73999786376952,28.0,234168569.26233757,22.0,-0.0270345862412617,-0.0113177391843534,-0.0183318453203286,0.0007294747308839,0.0436693872869151,-0.0065051918207755,2022,9,15,3
19772.583984375,30123362273,3873.330078125,1671.699951171875,109.76000213623048,20.0,203901883.4393143,22.0,0.0036162281734326,-0.0071821340894484,0.0037828309507974,0.0001822878881934,0.0436318643101645,-0.0172357301475775,2022,9,16,4
20127.576171875,24957448100,3873.330078125,1671.699951171875,109.76000213623048,22.0,270807188.94283926,22.0,0.0177944927157367,0.0,0.0,0.0,0.0438272690230294,-0.0405155822929886,2022,9,17,5
19419.505859375,31254779144,3873.330078125,1671.699951171875,109.76000213623048,27.0,245319453.51292503,23.0,-0.0358128060475007,0.0,0.0,0.0,0.0448784246280676,-0.0193309984413826,2022,9,18,6
19544.12890625,40177002624,3899.889892578125,1666.199951171875,109.73999786376952,21.0,207087850.3680536,23.0,0.0063969120229135,0.0068571007162865,-0.0032900641027981,-0.0001822546653753,0.0448636228554065,0.0040652193943313,2022,9,19,0
18890.7890625,36791346508,3855.929931640625,1659.699951171875,110.22000122070312,23.0,242133486.58418572,23.0,-0.0340004775470874,-0.0112721030973618,-0.0039010924201674,0.0043740055246717,0.0437179934919975,0.0765481358515909,2022,9,20,1
18547.400390625,46363793975,3789.929931640625,1664.5999755859375,110.63999938964844,23.0,224610668.47611964,23.0,-0.0183448135152237,-0.0171164936007844,0.002952355581262,0.0038105440418596,0.0434685917790307,0.086983424753448,2022,9,21,2
19413.55078125,41135767926,3757.989990234375,1670.800048828125,111.3499984741211,22.0,203901883.4393143,23.0,0.0456416775491289,-0.0084275809796894,0.0037246625814739,0.0064172007265854,0.0453790315916213,0.0279131099833818,2022,9,22,3
19297.638671875,38896078052,3693.22998046875,1645.300048828125,113.19000244140624,20.0,215052767.68990183,23.0,-0.0059885762967109,-0.017232619015461,-0.0152621494222994,0.0165245082397804,0.0338877395279133,0.0129140638260165,2022,9,23,4
18937.01171875,26149643168,3693.22998046875,1645.300048828125,113.19000244140624,24.0,232575585.79796788,23.0,-0.018864440709329,0.0,0.0,0.0,0.0334716929674554,0.025323775881185,2022,9,24,5
18802.09765625,23359966112,3693.22998046875,1645.300048828125,113.19000244140624,24.0,234168569.26233757,21.0,-0.0071498580370883,0.0,0.0,0.0,0.0332656972496247,0.034268948964097,2022,9,25,6
19222.671875,44148798321,3655.0400390625,1623.300048828125,114.0999984741211,21.0,238947519.65544644,21.0,0.0221219681572952,-0.010340526208282,-0.0133714212284072,0.0080395442449603,0.0328374170568971,-0.004223528369414,2022,9,26,0
19110.546875,58571439619,3647.2900390625,1626.699951171875,114.11000061035156,20.0,205494866.90368396,21.0,-0.0058500341701693,-0.0021203598092424,0.0020944386382568,8.766114254354918e-05,0.0227051869839861,-0.0030940457453549,2022,9,27,1
19426.720703125,53071298734,3719.0400390625,1660.4000244140625,112.5999984741211,20.0,234283743.87934905,21.0,0.0164090991571902,0.0196721399262347,0.0207168342372605,-0.013232864149976,0.023366359475464,-0.0138610831308078,2022,9,28,2
19573.05078125,41037843771,3640.469970703125,1658.5,112.25,22.0,222928606.67506388,21.0,0.0075041857550915,-0.0211264378802388,-0.0011443172645898,-0.0031083346257907,0.0224339354611803,-0.0097147085806955,2022,9,29,3
19431.7890625,43975248085,3585.6201171875,1662.4000244140625,112.12000274658205,21.0,263461080.61598453,21.0,-0.0072433234917515,-0.0150666957719832,0.0023515371806226,-0.0011581047075097,0.022477640528144,-0.0126665028993647,2022,9,30,4
19312.095703125,18719537670,3585.6201171875,1662.4000244140625,112.12000274658205,20.0,282168376.2810249,21.0,-0.0061787165065487,0.0,0.0,0.0,0.0218274128044417,-0.0126584365186447,2022,10,1,5
19044.107421875,20765955327,3585.6201171875,1662.4000244140625,112.12000274658205,24.0,244753784.95094424,19.0,-0.0139738879362779,0.0,0.0,0.0,0.0200624898724935,0.0117614505717247,2022,10,2,6
19623.580078125,30484729489,3678.429931640625,1692.9000244140625,111.75,24.0,240076961.03468412,19.0,0.0299741763073446,0.0258838949525761,0.0183469679692469,-0.0033000600920276,0.0217221207209205,-0.0037109571920659,2022,10,3,0
20336.84375,35887278685,3790.929931640625,1721.0999755859375,110.06999969482422,20.0,254107432.7834644,19.0,0.0357022957027779,0.0305837006795515,0.0166577770483731,-0.0150335597778593,0.0213382613643922,-0.049291214836373,2022,10,4,1
20160.716796875,33223790572,3783.280029296875,1711.4000244140625,111.06999969482422,25.0,272814728.44850475,19.0,-0.0086982060750251,-0.0020179487570848,-0.0056359022192029,0.0090851276712324,0.0206672781153809,-0.0506520502675424,2022,10,5,2
19955.443359375,34711412966,3744.52001953125,1711.699951171875,112.26000213623048,26.0,247871667.56178424,19.0,-0.0102340417585951,-0.0102450808466399,0.0001752522809008,0.0107139861769685,0.0174234839148976,-0.0451858226731095,2022,10,6,3
19546.849609375,29227315390,3639.659912109375,1700.5,112.8000030517578,23.0,266578963.2268246,19.0,-0.0206878280674757,-0.0280036177867735,-0.0065431743245696,0.0048102699559193,0.0183475386903096,-0.0191530024969057,2022,10,7,4
19416.568359375,16437423167,3639.659912109375,1700.5,112.8000030517578,24.0,272814728.44850475,19.0,-0.0066873874171619,0.0,0.0,0.0,0.0176184338135548,-0.0107320151734942,2022,10,8,5
19446.42578125,16837262532,3639.659912109375,1700.5,112.8000030517578,22.0,246312726.25636423,18.0,0.0015365479891413,0.0,0.0,0.0,0.0174270438196165,0.0062007297693884,2022,10,9,6
19141.484375,27425022774,3612.389892578125,1667.300048828125,113.13999938964844,22.0,281762541.4868823,18.0,-0.0158053521470878,-0.0074924636339018,-0.0195236407949868,0.0030141518501078,0.0170615488826161,0.0106620723151205,2022,10,10,0
19051.41796875,28711532910,3588.840087890625,1678.699951171875,113.22000122070312,24.0,277924882.20287925,18.0,-0.0047164037127047,-0.0065191757777544,0.0068373430155912,0.0007071047506299,0.0170353924512509,0.0548221373778157,2022,10,11,1
19157.4453125,24950173846,3577.030029296875,1670.300048828125,113.31999969482422,20.0,242520438.6101558,18.0,0.0055498963744709,-0.0032907731480149,-0.005003814015653,0.0008832226907167,0.0164535930721915,0.0841968262176136,2022,10,12,2
19382.904296875,44219840004,3669.909912109375,1670.0,112.36000061035156,20.0,253141771.68797284,18.0,0.0117000265222977,0.0259656424608649,-0.0001796376814665,-0.0084715768360216,0.0166577403737929,0.046583918838756,2022,10,13,3
19185.65625,38452356727,3583.070068359375,1641.699951171875,113.30999755859376,24.0,276154660.02324307,18.0,-0.0102285262293714,-0.0236626636156543,-0.0169461370228293,0.0084549389736712,0.0167669972193962,0.0734765229883653,2022,10,14,4
19067.634765625,16192235532,3583.070068359375,1641.699951171875,113.30999755859376,24.0,269073771.3046984,18.0,-0.0061705466755917,0.0,0.0,0.0,0.016766797002621,0.0918227047243114,2022,10,15,5
19268.09375,17988916650,3583.070068359375,1641.699951171875,113.30999755859376,24.0,254911993.867609,17.0,0.0104581714868171,0.0,0.0,0.0,0.0165672849398389,0.0709727585597304,2022,10,16,6
19550.7578125,27472552998,3677.949951171875,1657.0,112.04000091552734,20.0,265533326.945426,17.0,0.014563494131467,0.026480052302171,0.009319637743306,-0.0112081605368464,0.0148585549773283,0.0483365214823434,2022,10,17,0
19334.416015625,30580012344,3719.97998046875,1649.0,112.12999725341795,22.0,251371549.5083366,17.0,-0.0111273273493285,0.0114275696664887,-0.0048280024140011,0.0008032518489398,0.0107249041487028,0.0595237746485304,2022,10,18,1
19139.53515625,22425387184,3695.159912109375,1627.5,112.9800033569336,23.0,267303549.1250622,17.0,-0.0101306218959408,-0.0066720972934503,-0.0130382049727106,0.007580541552985,0.0107834560984185,0.053291197600843,2022,10,19,2
19053.740234375,24493974420,3665.780029296875,1630.800048828125,112.87999725341795,23.0,256682216.0472452,17.0,-0.0044926791591304,-0.0079509097065648,0.0020276797715053,-0.0008851664059496,0.0106243837141554,0.0606835210647516,2022,10,20,3
19172.46875,32459287866,3752.75,1651.0,112.01000213623048,23.0,276154660.02324307,17.0,0.0062119106533935,0.0237248198222648,0.0123865284320971,-0.0077072567182504,0.0096451211696576,0.1029998663448075,2022,10,21,4
19208.189453125,16104440957,3752.75,1651.0,112.01000213623048,20.0,240750216.4305196,17.0,0.0018613913940529,0.0,0.0,0.0,0.0095515997530866,0.1080009106630035,2022,10,22,5
19567.0078125,22128794335,3752.75,1651.0,112.01000213623048,23.0,274506216.9071191,18.0,0.018508150954172,0.0,0.0,0.0,0.0108719702819921,0.0694780994954438,2022,10,23,6
19345.572265625,30202235805,3797.340087890625,1648.699951171875,111.98999786376952,22.0,249031192.74934924,18.0,-0.0113813032552683,0.0118819766546198,-0.0013931246687614,-0.0001785936262781,0.0104258388080589,0.0649887283437455,2022,10,24,0
20095.857421875,47761524910,3859.110107421875,1652.800048828125,110.9499969482422,20.0,223395628.7898574,18.0,0.038050125599863,0.0162666545796699,0.0024868670938793,-0.0092865517936026,0.0143840148534154,-0.0773585274250494,2022,10,25,1
20770.44140625,58895950537,3830.60009765625,1664.0,109.6999969482422,33.0,283822315.2658024,18.0,0.0330171943589474,-0.0073877160723645,0.0067763497343893,-0.0112663364973603,0.0164324029829026,-0.2354144063275015,2022,10,26,2
20285.8359375,49625110402,3807.300048828125,1660.699951171875,110.58999633789062,32.0,247200081.03795695,18.0,-0.0236079843216214,-0.0060826106182112,-0.0019832024207482,0.0081130302133769,0.0180669245387397,-0.1330516751412527,2022,10,27,3
20595.3515625,43994715910,3901.06005859375,1639.5999755859375,110.66999816894533,30.0,291146762.1113715,18.0,0.0151424925794178,0.0246263778959276,-0.0127054713110867,0.0007234092929189,0.0178736494752431,-0.1729059386504463,2022,10,28,4
20818.4765625,40369840645,3901.06005859375,1639.5999755859375,110.66999816894533,34.0,261848974.7290952,18.0,0.0107754906532647,0.0,0.0,0.0,0.0176166998829989,-0.1930636472634547,2022,10,29,5
20635.603515625,31486345556,3901.06005859375,1639.5999755859375,110.66999816894533,34.0,247200081.03795695,18.0,-0.0088229787196242,0.0,0.0,0.0,0.0180235231060579,-0.2075169877153119,2022,10,30,6
20495.7734375,45668466815,3871.97998046875,1635.9000244140625,111.52999877929688,31.0,316782326.0708633,18.0,-0.0067992188528994,-0.0074544041076575,-0.0022566182160088,0.0077708559192231,0.0180551872385138,-0.1891889676949402,2022,10,31,0
20485.2734375,39819303159,3856.10009765625,1645.0,111.4800033569336,30.0,263680086.4404874,18.0,-0.0005124320157945,-0.0041012306087846,0.005562672198869,-0.0004482688326951,0.0176139742100701,-0.1757682252685332,2022,11,1,1
20159.50390625,55552169483,3759.68994140625,1645.699951171875,111.3499984741211,30.0,223395628.7898574,18.0,-0.0160304240158549,-0.0250019848573428,0.0004255022321428,-0.0011661722183148,0.0180427079252801,-0.1731225366137598,2022,11,2,2
20209.98828125,43228750179,3719.889892578125,1627.300048828125,112.93000030517578,30.0,300302320.6683329,18.0,0.0025011164907872,-0.0105859923154296,-0.0111805936013109,0.0141895092295118,0.0178900305954756,-0.174293554954359,2022,11,3,3
21147.23046875,64072727950,3770.550048828125,1672.5,110.87999725341795,30.0,236213410.7696033,18.0,0.0453319982476706,0.0136187246700705,0.0277760399530653,-0.0181528650156557,0.0211351339342952,-0.2104035860192242,2022,11,4,4
21282.69140625,37846047609,3770.550048828125,1672.5,110.87999725341795,38.0,276497868.4202333,18.0,0.0063851825197118,0.0,0.0,0.0,0.0210811768804962,-0.2147822586906282,2022,11,5,5
20926.486328125,35082693210,3770.550048828125,1672.5,110.87999725341795,40.0,250862304.46074155,35.0,-0.0168784872680532,0.0,0.0,0.0,0.0217577620987713,-0.2214731237821835,2022,11,6,6
20602.81640625,53510852236,3806.800048828125,1676.5,110.12000274658205,33.0,263186945.4874768,35.0,-0.0155878598652272,0.0096139819205598,0.0023916292974588,-0.0068542074825178,0.022024201982601,-0.2337317448065826,2022,11,7,0
18541.271484375,118992465607,3828.110107421875,1712.0999755859375,109.62000274658205,31.0,297875786.9173795,35.0,-0.1054286468114609,0.0055978928024627,0.0212347006179167,-0.0045405011580924,0.0336845177668822,-0.1268252803000401,2022,11,8,1
15880.7802734375,102905151606,3748.570068359375,1710.0999755859375,110.5500030517578,29.0,272291363.5011629,35.0,-0.1548895481701471,-0.0207778869547897,-0.0011681560823079,0.0084838558828148,0.0481477854860869,0.0459629026561994,2022,11,9,2
17586.771484375,83202283721,3956.3701171875,1750.300048828125,108.20999908447266,22.0,268636445.8702748,35.0,0.1020374090112842,0.0554344843603449,0.0235074403930177,-0.0211669281111607,0.0585565063156323,-0.0558548589488259,2022,11,10,3
17034.29296875,55871616488,3992.929931640625,1766.0,106.29000091552734,25.0,244879481.2695022,35.0,-0.0319184536013011,0.0092407467881479,0.0089698627286141,-0.0177432601902758,0.0584286281228991,-0.0300835011359209,2022,11,11,4
16799.185546875,29717699419,3992.929931640625,1766.0,106.29000091552734,21.0,305185622.17915577,35.0,-0.0138981397473809,0.0,0.0,0.0,0.0580634379368852,-0.0199357460479564,2022,11,12,5
16353.365234375,27209183682,3992.929931640625,1766.0,106.29000091552734,22.0,235742187.192282,32.0,-0.0268967049846987,0.0,0.0,0.0,0.0581442636835555,0.0055806078713491,2022,11,13,6
16618.19921875,49630243054,3957.25,1773.5999755859375,106.66000366210938,24.0,224777434.2996177,32.0,0.016064732404599,-0.0089357770488009,0.0043034969342794,0.0034810682415562,0.058711158605893,-0.0241227673256376,2022,11,14,0
16884.61328125,36599436183,3991.72998046875,1773.800048828125,106.4000015258789,22.0,283256116.39382714,32.0,0.0159043171795154,0.0087131165503191,0.000112806295073,-0.0024376722979884,0.0591513535530561,-0.0260373662133678,2022,11,15,1
16669.439453125,33925512989,3958.7900390625,1773.0,106.27999877929688,23.0,274118822.31660694,32.0,-0.012825680370738,-0.0082520464979902,-0.000451036647932,-0.0011278453464387,0.0591414857219935,0.0299426357154097,2022,11,16,2
16687.517578125,27868914022,3946.56005859375,1760.800048828125,106.69000244140624,20.0,252189316.5312784,32.0,0.0010839194206494,-0.0030893228355314,-0.0068809651279611,0.0038577687882814,0.0591162677612345,0.0167559514508939,2022,11,17,3
16697.77734375,26862218609,3965.340087890625,1751.9000244140625,106.93000030517578,23.0,254016775.34672245,32.0,0.0006146278457023,0.0047585819088147,-0.00505453439758,0.0022494878458863,0.0568680525528958,0.0234092720517864,2022,11,18,4
16711.546875,16106223492,3965.340087890625,1751.9000244140625,106.93000030517578,23.0,268636445.8702748,32.0,0.0008242927596795,0.0,0.0,0.0,0.0567244910838002,0.0117696736631389,2022,11,19,5
16291.83203125,21313378652,3965.340087890625,1751.9000244140625,106.93000030517578,24.0,272375605.3694332,23.0,-0.0254360302944207,0.0,0.0,0.0,0.056781836443311,0.0514769790939622,2022,11,20,6
15787.2841796875,37429485518,3949.93994140625,1737.4000244140625,107.83999633789062,21.0,236949653.97082296,23.0,-0.0314590625870741,-0.0038836886983297,-0.0082767280084088,0.0085102032181589,0.0569179504799073,0.0752214236895434,2022,11,21,0
16189.76953125,30726828760,4003.580078125,1738.300048828125,107.22000122070312,22.0,231439196.90173405,23.0,0.0251747150803918,0.013579987927526,0.0005180294701365,-0.0057492130771675,0.052599416506304,0.0555742546713406,2022,11,22,1
16610.70703125,32958875628,4027.260009765625,1744.9000244140625,106.08000183105467,22.0,258991482.2471786,23.0,0.0256679569857375,0.0059146891478476,0.0037967988267542,-0.010632338898242,0.0359702931907723,0.0142931858004802,2022,11,23,2
16604.46484375,26129037414,4027.260009765625,1744.9000244140625,106.08000183105467,20.0,236949653.97082296,23.0,-0.0003758636322568,0.0,0.0,0.0,0.0201297720636898,0.0378819655763709,2022,11,24,3
16521.841796875,18678255976,4026.1201171875,1753.300048828125,105.95999908447266,20.0,225928739.8326452,23.0,-0.004988374895103,-0.0002830441976333,0.0048140433815875,-0.0011312475915408,0.018527148852331,0.0370001452858981,2022,11,25,4
16464.28125,18000008764,4026.1201171875,1753.300048828125,105.95999908447266,22.0,200213273.51023027,23.0,-0.0034899891216231,0.0,0.0,0.0,0.0182251624922972,0.0403566574990936,2022,11,26,5
16444.626953125,20443898509,4026.1201171875,1753.300048828125,105.95999908447266,26.0,249807387.1320305,21.0,-0.0011944668045808,0.0,0.0,0.0,0.0167201423890902,0.0401083228053806,2022,11,27,6
16217.322265625,27743025156,3963.93994140625,1740.0999755859375,106.68000030517578,28.0,255317844.20111936,21.0,-0.0139188482409715,-0.0154441929131232,-0.007528701804925,0.0067950285666682,0.0164794424817946,0.0609912794587288,2022,11,28,0
16444.982421875,23581685468,3957.6298828125,1748.4000244140625,106.81999969482422,26.0,240623292.0168823,21.0,0.013940464110346,-0.0015918653377758,0.004769868941197,0.0013123302329203,0.016323103244381,0.0812610134336424,2022,11,29,1
17168.56640625,29523576583,4080.110107421875,1746.0,105.9499969482422,29.0,253481025.1780897,21.0,0.0430597665839438,0.030947872397389,-0.0013726975409227,-0.0081445679560714,0.0200134658987832,0.0376900417346108,2022,11,30,2
16967.1328125,22895392882,4076.570068359375,1801.0999755859375,104.7300033569336,27.0,281033310.52353424,21.0,-0.0118020685953673,-0.0008676332180498,0.0315578325234464,-0.0115148053463802,0.0203631711662021,0.0234413454689281,2022,12,1,3
17088.66015625,19539705127,4071.699951171875,1795.9000244140625,104.5500030517578,27.0,229602377.8787045,21.0,0.0071369860458051,-0.0011946604880656,-0.0028870974639724,-0.0017187081008898,0.0204193894422789,-0.0258168737171968,2022,12,2,4
16908.236328125,16217776704,4071.699951171875,1795.9000244140625,104.5500030517578,27.0,240623292.0168823,21.0,-0.0106142348677962,0.0,0.0,0.0,0.0206880567321236,-0.0066916814417714,2022,12,3,5
17130.486328125,16824520830,4071.699951171875,1795.9000244140625,104.5500030517578,26.0,257154663.22414896,19.0,0.0130588424633657,0.0,0.0,0.0,0.0194586531677981,-0.0217454285003811,2022,12,4,6
16974.826171875,22209086834,3998.840087890625,1767.4000244140625,105.29000091552734,26.0,268175577.3623268,19.0,-0.0091282692171541,-0.0178942122835648,-0.0158694802675881,0.007077932493251,0.0172018341093376,-0.0315258889226014,2022,12,5,0
17089.50390625,19889922369,3941.260009765625,1769.300048828125,105.58000183105467,25.0,231289584.0177272,19.0,0.0067330352508194,-0.014399194981406,0.0010750392598259,0.0027543063254411,0.0162126938774613,-0.0107199846031224,2022,12,6,1
16848.126953125,19675404389,3933.919921875,1785.5,105.0999984741211,29.0,292794732.7377177,19.0,-0.0142249778324377,-0.0018623708845491,0.0091561356043621,-0.0045463473063931,0.0155558960474741,-0.0018157387441413,2022,12,7,2
17233.474609375,20496603770,3963.510009765625,1788.699951171875,104.7699966430664,25.0,284283257.94883054,19.0,0.0226142000810396,0.0075217819575039,0.0017921877187763,-0.0031398842611395,0.0165898347367636,-0.0233924279135616,2022,12,8,3
17133.15234375,20328426366,3934.3798828125,1798.0999755859375,104.80999755859376,26.0,258748833.5821692,19.0,-0.0058383705058885,-0.0073495782479044,0.0052552270759016,0.0003817974306481,0.0166217665888928,-0.0196227297816937,2022,12,9,4
17128.724609375,12706781969,3934.3798828125,1798.0999755859375,104.80999755859376,27.0,262153423.49772403,19.0,-0.0002584642053152,0.0,0.0,0.0,0.0165512908613575,-0.0164033666491559,2022,12,10,5
17104.193359375,14122486832,3934.3798828125,1798.0999755859375,104.80999755859376,26.0,250237358.793282,20.0,-0.0014331967973886,0.0,0.0,0.0,0.0165560102982853,-0.0153299852112746,2022,12,11,6
17206.4375,19617581341,3990.56005859375,1780.5,105.12999725341795,27.0,243428178.9621724,20.0,0.0059599279123048,0.0142792962181093,-0.0097880962265194,0.003053140943404,0.0158445098243675,-0.0166584635837604,2022,12,12,0
17781.318359375,26634741631,4019.64990234375,1813.9000244140625,103.9800033569336,27.0,280878668.0332757,20.0,0.0328647887307288,0.0072896644387934,0.0187587893367382,-0.010938779858543,0.0175134939101882,-0.0598462110481781,2022,12,13,1
17815.650390625,25534481470,3995.320068359375,1807.5,103.7699966430664,30.0,251939653.75105944,20.0,0.0019289306421712,-0.0060527246341003,-0.0035283225800329,-0.0020196836611583,0.0136193650608194,-0.070897109973861,2022,12,14,2
17364.865234375,20964448341,3895.75,1777.199951171875,104.55999755859376,31.0,236618999.1310626,20.0,-0.0256283810210243,-0.024921675023714,-0.0167635124913554,0.0076129993358742,0.0151273673721016,-0.04160835271383,2022,12,15,3
16647.484375,24031608960,3852.360107421875,1790.0,104.6999969482422,29.0,221298344.51106572,20.0,-0.0421898089814994,-0.0111377507740807,0.0072023684333801,0.0013389383408313,0.0188787166331358,-0.0026970103403385,2022,12,16,4
16795.091796875,14463581825,3852.360107421875,1790.0,104.6999969482422,28.0,234916704.1732852,20.0,0.008827572352892,0.0,0.0,0.0,0.0188914444768417,-0.0147421464627581,2022,12,17,5
16757.9765625,10924354698,3852.360107421875,1790.0,104.6999969482422,26.0,246832768.8777272,17.0,-0.0022123311713591,0.0,0.0,0.0,0.0184915489714143,-0.0079303419407082,2022,12,18,6
16439.6796875,17221074814,3817.659912109375,1787.699951171875,104.72000122070312,29.0,233961255.1644386,17.0,-0.0191764518948535,-0.0090075160018523,-0.0012849434793994,0.00019106277979,0.0189907661879899,0.0151335683148479,2022,12,19,0
16906.3046875,22722096615,3821.6201171875,1815.9000244140625,103.97000122070312,29.0,246114015.1556391,17.0,0.0279887050824722,0.0010373383615349,0.0157745002027336,-0.0071619556078817,0.0205812201004153,-0.0133942496489152,2022,12,20,1
16817.53515625,14882945045,3878.43994140625,1815.9000244140625,104.16000366210938,26.0,251387886.90897432,17.0,-0.0052645094201766,0.0148679938027347,0.0,0.0018274736864041,0.0202659884083306,0.0027175875998104,2022,12,21,2
16830.341796875,16441573050,3822.389892578125,1787.0,104.43000030517578,28.0,237324228.90008065,17.0,0.0007612154110786,-0.0144516995686163,-0.0159149865221174,0.0025921335788567,0.0191843123297301,0.0003799406647337,2022,12,22,3
16796.953125,15329265213,3844.820068359375,1795.9000244140625,104.30999755859376,27.0,232050357.14674556,17.0,-0.0019858084288219,0.005868102525282,0.0049804277638849,-0.0011491213849597,0.0191454691380985,0.0092287942846778,2022,12,23,4
16847.755859375,9744636213,3844.820068359375,1795.9000244140625,104.30999755859376,29.0,156458195.34894204,17.0,0.0030199561547248,0.0,0.0,0.0,0.0191785419782186,0.0063701223190077,2022,12,24,5
16841.986328125,11656379938,3844.820068359375,1795.9000244140625,104.30999755859376,29.0,247871972.4067509,18.0,-0.0003425096739709,0.0,0.0,0.0,0.0191789047527284,0.014793872781438,2022,12,25,6
16919.8046875,11886957804,3844.820068359375,1795.9000244140625,104.30999755859376,28.0,226776485.39341035,18.0,0.0046098559846715,0.0,0.0,0.0,0.0191446941005732,0.016356571787407,2022,12,26,0
16717.173828125,15748580239,3829.25,1814.800048828125,104.18000030517578,27.0,202165083.87784645,18.0,-0.0120482468683785,-0.0040496221104097,0.0105239847191542,-0.0012462588098992,0.0165283143363461,0.043614976318445,2022,12,27,1
16552.572265625,17005713920,3783.219970703125,1807.9000244140625,104.45999908447266,28.0,295336818.18676704,18.0,-0.0098950503002502,-0.0120206383226153,-0.0038020852041071,0.0026876442549113,0.016488082258287,0.0835111423510106,2022,12,28,2
16642.341796875,14472237479,3849.280029296875,1819.5,103.83999633789062,28.0,247871972.4067509,18.0,0.0054086448255194,0.0174613316448191,0.006416270495763,-0.0059353125791304,0.0156155666496379,0.1338300895952167,2022,12,29,3
16602.5859375,15929162910,3839.5,1819.699951171875,103.5199966430664,28.0,277757245.6756499,18.0,-0.0023916958787596,-0.0025407424823445,0.0001098934717642,-0.0030816612683898,0.0110517953370934,0.1991851325871205,2022,12,30,4
16547.49609375,11239186456,3839.5,1819.699951171875,103.5199966430664,25.0,274241331.1734265,18.0,-0.0033236656495581,0.0,0.0,0.0,0.0107642905494913,0.2676418661339199,2022,12,31,5
16625.080078125,9244361700,3839.5,1819.699951171875,103.5199966430664,26.0,272483373.9223148,19.0,0.0046776063115772,0.0,0.0,0.0,0.0108624286459334,0.2559818497114852,2023,1,1,6
16688.470703125,12097775227,3839.5,1819.699951171875,103.5199966430664,27.0,274241331.1734265,19.0,0.0038057006847047,0.0,0.0,0.0,0.0095029280923689,0.2685184394119395,2023,1,2,0
16679.857421875,13903079207,3824.139892578125,1839.699951171875,104.5199966430664,26.0,261883481.8059322,19.0,-0.0005162548994983,-0.0040005488792486,0.0109908229579938,0.0096599694013512,0.0053591762842315,0.2686870754361168,2023,1,3,1
16863.23828125,18421743322,3852.969970703125,1852.800048828125,104.25,29.0,242356482.01087615,19.0,0.0109341539620353,0.0075389705750443,0.0071207794770584,-0.0025832056232114,0.0060679886652827,0.226856959793041,2023,1,4,2
16836.736328125,13692758566,3808.10009765625,1834.800048828125,105.04000091552734,29.0,266083690.039913,19.0,-0.0015728177184386,-0.0116455288746221,-0.0097150256507089,0.007577946431917,0.006083723662821,0.2524275820323607,2023,1,5,3
16951.96875,14413662913,3895.080078125,1864.199951171875,103.87999725341795,26.0,305064103.23047346,19.0,0.0068207922355531,0.0228407810294386,0.0160234911496364,-0.0110434468012071,0.0063106057631113,0.3376943450521048,2023,1,6,4
16955.078125,7714767174,3895.080078125,1864.199951171875,103.87999725341795,25.0,260999288.3194051,19.0,0.0001834058283035,0.0,0.0,0.0,0.0062748154323845,0.3434102061974426,2023,1,7,5
17091.14453125,9768827914,3895.080078125,1864.199951171875,103.87999725341795,25.0,259304487.74590245,21.0,0.007993082349021,0.0,0.0,0.0,0.0065822516086189,0.3293677304104625,2023,1,8,6
17196.5546875,18624736866,3892.090087890625,1872.699951171875,103.0,25.0,257609687.17239985,21.0,0.0061485891873065,-0.0007676325452631,0.0045595967292331,-0.0084712868375534,0.0066589867841608,0.3336643331990101,2023,1,9,0
17446.29296875,15808338949,3919.25,1871.5999755859373,103.23999786376952,26.0,286421296.9219445,21.0,0.0144181338708873,0.0069782331590619,-0.000587374173449,0.0023300763472771,0.0063924768348471,0.2974944757918889,2023,1,10,1
17934.896484375,18372283782,3969.610107421875,1874.5999755859373,103.19000244140624,26.0,249135684.30488667,21.0,0.0276211504977311,0.0128494246148815,0.0016029066248843,-0.0004842640778552,0.0082445656598807,0.2889876111155942,2023,1,11,2
18869.587890625,34971338710,3983.169921875,1895.5,102.25,30.0,255914886.5988972,21.0,0.0508031804901875,0.0034159058663651,0.0111490582984403,-0.0091094332703404,0.0148715280595172,0.2206295907073521,2023,1,12,3
19909.57421875,29225029694,3999.090087890625,1918.4000244140625,102.1999969482422,31.0,269473291.1869182,21.0,0.0536492128036686,0.0039968583635343,0.0120812579340872,-0.0004890274010543,0.0188575535657188,0.1591774018899119,2023,1,13,4
20976.298828125,38967784639,3999.090087890625,1918.4000244140625,102.1999969482422,46.0,289810898.0689498,21.0,0.052192440560842,0.0,0.0,0.0,0.0210257185725465,0.0979577490033627,2023,1,14,5
20880.798828125,19298407543,3999.090087890625,1918.4000244140625,102.1999969482422,52.0,280250606.7848099,24.0,-0.0045631527773636,0.0,0.0,0.0,0.0215890569665882,0.1385850992552686,2023,1,15,6
21169.6328125,26792494050,3999.090087890625,1918.4000244140625,102.1999969482422,45.0,274688843.2470833,24.0,0.0137377199522769,0.0,0.0,0.0,0.0212958128534324,0.078910478711214,2023,1,16,0
21161.51953125,24999983362,3990.969970703125,1907.199951171875,102.38999938964844,51.0,291506527.527517,24.0,-0.0003833243793347,-0.0020304911890052,-0.0058382366032383,0.0018591237483351,0.0212872713413436,0.0934603807138878,2023,1,17,1
20688.78125,30005625418,3928.860107421875,1904.4000244140625,102.36000061035156,52.0,261608422.1400793,24.0,-0.0225928311533006,-0.015562598500411,-0.0014680824399623,-0.0002929854426769,0.0237718428474283,0.146697296693105,2023,1,18,2
21086.79296875,21152848261,3898.85009765625,1922.0999755859373,102.05999755859376,45.0,270951580.07365364,24.0,0.0190553341028979,-0.0076383502962943,0.0092942401517353,-0.0029308621528815,0.0233041388105162,0.1131076749572406,2023,1,19,3
22676.552734375,28799154319,3972.610107421875,1926.4000244140625,102.01000213623048,51.0,246659369.44636056,24.0,0.0726845526110478,0.0189184010459815,0.0022371618972703,-0.0004898630566259,0.0278812568406978,0.0340779103553323,2023,1,20,4
22777.625,32442278429,3972.610107421875,1926.4000244140625,102.01000213623048,53.0,257871158.96664968,24.0,0.0044472229944531,0.0,0.0,0.0,0.0276541539370222,0.0243318895736495,2023,1,21,5
22720.416015625,24746386230,3972.610107421875,1926.4000244140625,102.01000213623048,53.0,282163369.5939428,23.0,-0.0025147902304318,0.0,0.0,0.0,0.0281917966827927,0.0103541237906126,2023,1,22,6
22934.431640625,26518700512,4019.81005859375,1927.0999755859373,102.13999938964844,50.0,295243790.7009466,23.0,0.0093754421985692,0.0118813449836652,0.0003633467415926,0.001274357912907,0.0280742001741316,-0.0076008975655718,2023,1,23,0
22636.46875,26405069715,4016.949951171875,1933.9000244140625,101.91999816894533,52.0,241053474.686216,23.0,-0.0130770792009061,-0.0007115031258156,0.0035286435131927,-0.0021539183671213,0.0294995875251553,0.0277349913786795,2023,1,24,1
23117.859375,30685366709,4016.219970703125,1941.199951171875,101.63999938964844,51.0,327010527.67509925,23.0,0.0210431847013235,-0.0001817250594663,0.0037747177546183,-0.0027472408195371,0.0293991097713334,-0.0077196134211712,2023,1,25,2
23032.77734375,26357839322,4060.429931640625,1929.0999755859373,101.83999633789062,54.0,289637895.9408021,23.0,-0.0036871485938446,0.0110078534691813,-0.0062332453586931,0.0019676992271071,0.0282796078015708,-0.0526961322612424,2023,1,26,3
23078.728515625,25383335641,4070.56005859375,1928.5999755859373,101.93000030517578,55.0,287769264.3540873,23.0,0.001993046474165,0.002494840970949,-0.0002591882257674,0.0008837781865833,0.0259042658670482,-0.0618554406456364,2023,1,27,4
23031.08984375,14712928379,4070.56005859375,1928.5999755859373,101.93000030517578,52.0,313930106.5680952,23.0,-0.0020663143130933,0.0,0.0,0.0,0.0229544927646697,-0.0503760287342568,2023,1,28,5
23774.56640625,27423687259,4070.56005859375,1928.5999755859373,101.93000030517578,55.0,311001352.7915209,22.0,0.0317713353850442,0.0,0.0,0.0,0.0236374035568431,-0.0835499267287505,2023,1,29,6
22840.138671875,27205595568,4017.77001953125,1922.9000244140625,102.27999877929688,61.0,269948142.5149194,22.0,-0.0400969146659518,-0.0129687409846833,-0.0029554864896974,0.0034337140495752,0.0269354078025218,-0.0451852383298283,2023,1,30,0
23139.283203125,22837828665,4076.60009765625,1929.5,102.0999984741211,51.0,224956785.42909947,22.0,0.0130122885395141,0.0146424702855101,0.0034323030329923,-0.0017598778580765,0.0269394887637683,-0.0396934731107382,2023,1,31,1
23723.76953125,26683255504,4119.2099609375,1927.800048828125,101.22000122070312,56.0,267991996.5546664,22.0,0.0249457345900039,0.0104523039445902,-0.0008810319626199,-0.0086189742073405,0.0259745508790601,0.0246197074565082,2023,2,1,2
23471.87109375,32066936882,4179.759765625,1916.300048828125,101.75,60.0,283641164.23669064,22.0,-0.0106747498773682,0.0146993732443099,-0.0059653489515111,0.0052361072209556,0.0263917236002975,0.006458944624375,2023,2,2,3
23449.322265625,27083066007,4136.47998046875,1862.9000244140625,102.91999816894533,60.0,260167412.7136542,22.0,-0.0009611362476715,-0.0103546106913104,-0.0278662125206948,0.0114987535031481,0.0179252395299658,0.0476039044638567,2023,2,3,4
23331.84765625,15639298538,4136.47998046875,1862.9000244140625,102.91999816894533,58.0,266035850.5944133,22.0,-0.0050223137428644,0.0,0.0,0.0,0.0180258830992789,0.0561219885708124,2023,2,4,5
22955.666015625,19564262605,4136.47998046875,1862.9000244140625,102.91999816894533,58.0,297334185.95846194,19.0,-0.0162544882312758,0.0,0.0,0.0,0.0186370985952993,0.0597663584043326,2023,2,5,6
22760.109375,23825006542,4111.080078125,1866.199951171875,103.62000274658205,56.0,289509602.11744976,19.0,-0.0085553764212852,-0.0061404630177543,0.0017713922994071,0.0068014437435923,0.0186227801972569,0.0909063760815076,2023,2,6,0
23264.291015625,27187964471,4164.0,1871.699951171875,103.43000030517578,54.0,277772726.3559315,19.0,0.0219101957149328,0.0128725105980265,0.0029471654398802,-0.0018336463652768,0.0191535653854509,0.0503803231834061,2023,2,7,1
22939.3984375,25371367758,4117.85986328125,1877.4000244140625,103.41000366210938,58.0,269948142.5149194,19.0,-0.0140637224840059,-0.0110807244761647,0.0030453990441248,-0.0001933350382616,0.01875578978396,0.0544672222292228,2023,2,8,2
21819.0390625,32572572185,4081.5,1866.199951171875,103.22000122070312,55.0,316895645.5609923,19.0,-0.0500729479211171,-0.0088297961777351,-0.0059657361758493,-0.0018373700287941,0.0228103320518223,0.0975502687768745,2023,2,9,3
21651.18359375,27078406594,4090.4599609375,1862.800048828125,103.62999725341795,48.0,287553456.1571967,19.0,-0.0077228177249046,0.0021952617756952,-0.001821831761176,0.0039720599483252,0.0227739541279575,0.0714484431152093,2023,2,10,4
21870.875,16356226232,4090.4599609375,1862.800048828125,103.62999725341795,49.0,291465748.0777028,19.0,0.010095720621826,0.0,0.0,0.0,0.0230980124500783,0.059645533157681,2023,2,11,5
21788.203125,17821046406,4090.4599609375,1862.800048828125,103.62999725341795,50.0,313943411.7760057,20.0,-0.0037871607629455,0.0,0.0,0.0,0.0206942522798575,0.0813747584164308,2023,2,12,6
21808.1015625,23918742607,4137.2900390625,1851.9000244140625,103.3499984741211,48.0,303650131.9290037,20.0,0.0009128497942385,0.0114486093427661,-0.0058514194375932,-0.0027019085855243,0.0183791424204379,0.0786299314654064,2023,2,13,0
22220.8046875,26792596581,4136.1298828125,1854.0,103.2300033569336,50.0,299757181.5196575,20.0,0.0187474660501362,-0.0002804145319874,0.0011339573185662,-0.0011610558196335,0.0188354173339855,0.0416973571009431,2023,2,14,1
24307.841796875,32483312909,4147.60009765625,1834.199951171875,103.91999816894533,53.0,317275458.3617154,20.0,0.0897700078631962,0.002773175690496,-0.0106796379871224,0.0066840529843437,0.0314184695361309,-0.0272048428301855,2023,2,15,2
23623.474609375,39316664596,4090.409912109375,1842.0,103.86000061035156,62.0,348419061.63648504,20.0,-0.0285581014815657,-0.0137887414891306,0.00425256189934,-0.0005773437225836,0.0323050929128408,-0.0062652854818089,2023,2,16,3
24565.6015625,41358451255,4079.090087890625,1840.4000244140625,103.86000061035156,61.0,321168408.7710616,20.0,0.0391062494261006,-0.0027674058253277,-0.0008686078099552,0.0,0.0339247340473129,-0.0896750632951246,2023,2,17,4
24641.27734375,19625427158,4079.090087890625,1840.4000244140625,103.86000061035156,60.0,327007834.38508093,20.0,0.0030758236488141,0.0,0.0,0.0,0.0338310414406269,-0.0928493966630876,2023,2,18,5
24327.642578125,25555105670,4079.090087890625,1840.4000244140625,103.86000061035156,60.0,315328983.1570423,20.0,-0.0128097190944396,0.0,0.0,0.0,0.0336842718900094,-0.0777769116006074,2023,2,19,6
24829.1484375,28987376573,4079.090087890625,1840.4000244140625,103.86000061035156,58.0,286131855.0869458,20.0,0.0204050447443161,0.0,0.0,0.0,0.0337068962426184,-0.0966360417490657,2023,2,20,0
24436.353515625,31252098714,3997.340087890625,1833.0,104.18000030517578,60.0,325061359.18040776,20.0,-0.0159463815377237,-0.0200412342553273,-0.0040208782416303,0.0030810677156141,0.03389924588299,-0.0907084595480942,2023,2,21,1
24188.84375,30199996781,3991.050048828125,1832.0,104.58999633789062,59.0,272506528.65423405,20.0,-0.0101803968810031,-0.0015735561458868,-0.0005455537370431,0.0039354581638879,0.0337577436819082,-0.1021447613375484,2023,2,22,2
23947.4921875,30476264066,4012.320068359375,1818.0,104.5999984741211,56.0,332847259.9991002,20.0,-0.0100279167620181,0.0053294294160743,-0.0076419213973799,9.563186328209738e-05,0.0304908036986029,-0.1496804206077162,2023,2,23,3
23198.126953125,26811744928,3970.0400390625,1808.800048828125,105.20999908447266,53.0,262774152.6308686,20.0,-0.0317920674064435,-0.0105375514855581,-0.0050604791924504,0.0058317458819321,0.0319863211895734,-0.1297899101329992,2023,2,24,4
23175.375,16100721565,3970.0400390625,1808.800048828125,105.20999908447266,52.0,227840889.7787333,20.0,-0.0009812480831641,0.0,0.0,0.0,0.0319975512997136,-0.1097270203286894,2023,2,25,5
23561.212890625,16644534842,3970.0400390625,1808.800048828125,105.20999908447266,51.0,359556658.1833338,18.0,0.0165115458338692,0.0,0.0,0.0,0.0320514965153316,-0.0593035544630629,2023,2,26,6
23522.87109375,22660763494,3982.239990234375,1817.0,104.66999816894533,50.0,299630548.4861114,18.0,-0.0016286524916948,0.0030730045671669,0.0045333651871513,-0.0051326007055069,0.0320900748329608,0.0286811123814838,2023,2,27,0
23147.353515625,20535363434,3970.14990234375,1828.9000244140625,104.87000274658205,53.0,293209893.8756949,18.0,-0.016092730875103,-0.0030360018281855,0.0065492704535292,0.0019108109404368,0.0323530090331487,0.0690671053192248,2023,2,28,1
23646.55078125,24662841200,3951.389892578125,1837.699951171875,104.4800033569336,50.0,363837094.5902782,18.0,0.0213368049391636,-0.00472526484568,0.0048115952979068,-0.0037188841368762,0.0203199783181185,0.0308463658398912,2023,3,1,2
23475.466796875,20386398516,3981.35009765625,1833.5,105.02999877929688,51.0,308191421.3000004,18.0,-0.0072613502094817,0.0075821940867943,-0.002285439018049,0.0052641214078481,0.0189544159222833,0.0671902407425171,2023,3,2,3
22362.6796875,26062404610,4045.639892578125,1847.699951171875,104.5199966430664,50.0,359556658.1833338,18.0,-0.0485624257297713,0.0161477371607488,0.0077447238461276,-0.0048557758941057,0.0190816073382768,0.2263257387185611,2023,3,3,4
22353.349609375,11166012913,4045.639892578125,1847.699951171875,104.5199966430664,50.0,325313166.92777824,18.0,-0.0004173035221196,0.0,0.0,0.0,0.0189688348184419,0.2063462245023226,2023,3,4,5
22435.513671875,13317001733,4045.639892578125,1847.699951171875,104.5199966430664,47.0,331733821.53819484,20.0,0.0036689546753233,0.0,0.0,0.0,0.0190786349632834,0.2497452116016887,2023,3,5,6
22429.7578125,17353192895,4048.419921875,1847.9000244140625,104.3499984741211,48.0,282508802.8583337,20.0,-0.0002565841781915,0.0006871667698291,0.0001082823226037,-0.0016264655033031,0.0176337417583268,0.2379641617285073,2023,3,6,0
22219.76953125,22765452204,3986.3701171875,1813.9000244140625,105.62000274658205,49.0,353136003.5729172,20.0,-0.0094061389660416,-0.0153269191153376,-0.0183992637863517,0.0121706209011196,0.0174714313060875,0.2680516945337072,2023,3,7,1
21718.080078125,22536575684,3992.010009765625,1812.699951171875,105.66000366210938,50.0,284649021.0618059,20.0,-0.022837315061132,0.0014147940136839,-0.0006615983384062,0.0003787248105202,0.0179731068044417,0.2573596469747223,2023,3,8,2
20363.021484375,30364664171,3918.320068359375,1829.300048828125,105.30999755859376,44.0,288929457.4687504,20.0,-0.0644245133285333,-0.0184593578738486,0.0091576643147799,-0.0033125694812098,0.0232193178240822,0.3914424574953814,2023,3,9,3
20187.244140625,39578257695,3861.590087890625,1862.0,104.58000183105467,34.0,291564668.6842239,20.0,-0.0086696568831137,-0.0144781384570513,0.0178756629853167,-0.0069318748880693,0.0224938533077563,0.3619137394252965,2023,3,10,4
20632.41015625,30180288176,3861.590087890625,1862.0,104.58000183105467,33.0,357219695.9219277,20.0,0.0218122212441108,0.0,0.0,0.0,0.0239697685999133,0.3325979283579365,2023,3,11,5
22163.94921875,29279035521,3861.590087890625,1862.0,104.58000183105467,33.0,348559824.50563854,27.0,0.07160391184533,0.0,0.0,0.0,0.0320886878595684,0.2630569490044978,2023,3,12,6
24197.533203125,49466362688,3855.760009765625,1911.699951171875,103.5999984741211,49.0,339899953.08934945,27.0,0.0877836343684854,-0.0015097610031894,0.0266917030998254,-0.0093708485348542,0.0410475967737932,0.1215973315978344,2023,3,13,0
24746.07421875,54622230164,3919.2900390625,1906.199951171875,103.5999984741211,56.0,316085306.6945542,27.0,0.0224161647975057,0.0164766554806239,-0.0028770205264839,0.0,0.0409885307781475,0.1019174442915897,2023,3,14,1
24375.9609375,43655701450,3891.929931640625,1926.5999755859373,104.6500015258789,50.0,318250274.5486265,27.0,-0.0150694198256179,-0.0069808835654376,0.0107019331322095,0.0101351647415333,0.04105280758992,0.1629671330264863,2023,3,15,2
25052.7890625,33866061747,3960.280029296875,1919.0,104.41999816894533,52.0,290105692.4456867,27.0,0.0273877219696504,0.0175620062171666,-0.0039447605534336,-0.0021978342434779,0.0414494185110207,0.1189797044178901,2023,3,16,3
27423.9296875,50730261335,3916.639892578125,1969.800048828125,103.70999908447266,51.0,318250274.5486265,27.0,0.0904308173547872,-0.0110194573100675,0.0264721463408676,-0.0067994550557635,0.0447721596740538,0.0384538138595313,2023,3,17,4
26965.87890625,35723036817,3916.639892578125,1969.800048828125,103.70999908447266,64.0,350724792.3597108,27.0,-0.0168436559149467,0.0,0.0,0.0,0.0454266830517762,0.0535920321760789,2023,3,18,5
28038.67578125,37769448859,3916.639892578125,1969.800048828125,103.70999908447266,63.0,320415242.4026988,28.0,0.0390125123969635,0.0,0.0,0.0,0.045793160577728,0.0057289728571068,2023,3,19,6
27767.236328125,44774027664,3951.570068359375,1979.199951171875,103.27999877929688,66.0,333405049.5271326,28.0,-0.0097280586770752,0.00891840371831,0.0047720083819382,-0.0041461798184526,0.046134365861513,0.000827751625275,2023,3,20,0
28175.81640625,36102192830,4002.8701171875,1938.0,103.26000213623048,68.0,313920338.84048194,28.0,0.0146072594573107,0.0129821938977849,-0.0208164673546402,-0.0001936158336827,0.0455480763522552,-0.0002742267478107,2023,3,21,1
27307.4375,33382021890,3936.969970703125,1946.800048828125,102.3499984741211,62.0,344229888.79749393,28.0,-0.0313049347860252,-0.0164632237757136,0.0045407888690014,-0.0088127410738265,0.0461626452410686,0.0318794788049958,2023,3,22,2
28333.97265625,24220433689,3948.719970703125,1993.800048828125,102.52999877929688,57.0,398152679.74955547,28.0,0.0369024309214414,0.0029845287333754,0.0241421814368103,0.0017586742340918,0.0402088254170412,-0.0102291349951616,2023,3,23,3
27493.28515625,25980310960,3970.989990234375,1982.0999755859373,103.12000274658205,61.0,377232885.4931189,28.0,-0.0301197331855556,0.0056398072531045,-0.0058682279845786,0.0057544521048438,0.0419038211192844,0.0157338134126785,2023,3,24,4
27494.70703125,13383005987,3970.989990234375,1982.0999755859373,103.12000274658205,64.0,337646718.49692744,28.0,5.171583626720892e-05,0.0,0.0,0.0,0.0423561491653343,0.0164790950530961,2023,3,25,5
27994.330078125,13878363192,3970.989990234375,1982.0999755859373,103.12000274658205,64.0,335318120.4383279,23.0,0.0180084779034715,0.0,0.0,0.0,0.0395471882526351,0.0120996181076566,2023,3,26,6
27139.888671875,18188895178,3977.530029296875,1952.4000244140625,102.86000061035156,64.0,344632512.6727259,23.0,-0.0309974400560333,0.0016469543057482,-0.0149840833145136,-0.0025213550165376,0.0351503361849191,0.092597719440143,2023,3,27,0
27268.130859375,17783600385,3971.27001953125,1972.4000244140625,102.43000030517578,59.0,312032139.85233283,23.0,0.004714100093914,-0.0015738434957162,0.0102438023713926,-0.0041804423743363,0.0349317371568393,0.1088056878440184,2023,3,28,1
28348.44140625,20684945906,4027.81005859375,1966.0999755859373,102.63999938964844,57.0,342303914.6141264,23.0,0.0388533993126916,0.0142372688798364,-0.0031941029964226,0.0020501716669627,0.035275526804619,0.0631643659862803,2023,3,29,2
28033.5625,22435349951,4050.830078125,1980.300048828125,102.13999938964844,60.0,360932699.0829224,23.0,-0.0111695987413331,0.0057152693886679,0.0072224573615364,-0.0048713951965438,0.03541828057186,0.0843811380109109,2023,3,30,3
28478.484375,19001327598,4109.31005859375,1969.0,102.51000213623048,63.0,328332326.2625294,23.0,0.0157464148884536,0.0144365424717638,-0.0057062306466194,0.0036225058624734,0.0255976877003002,0.0704818001309102,2023,3,31,4
28411.03515625,10876469901,4109.31005859375,1969.0,102.51000213623048,61.0,326003728.2039299,23.0,-0.0023712364214005,0.0,0.0,0.0,0.0250292807311324,0.0671380302410553,2023,4,1,5
28199.30859375,12284641999,4109.31005859375,1969.0,102.51000213623048,63.0,346961110.73132545,21.0,-0.0074801718449764,0.0,0.0,0.0,0.0229343257138235,0.0750389630286536,2023,4,2,6
27790.220703125,19556501327,4124.509765625,1983.9000244140625,102.08999633789062,63.0,305046345.6765345,21.0,-0.014613274150394,0.0036988464765423,0.0075673054413725,-0.0040972177308286,0.0231369540472627,0.0595469980763383,2023,4,3,0
28168.08984375,15284538859,4100.60009765625,2022.199951171875,101.58999633789062,62.0,377232885.4931189,21.0,0.0135055858746378,-0.0057969720833299,0.0193053713828772,-0.0048976395135242,0.0230853052862428,0.0791485295237255,2023,4,4,1
28177.984375,17052315986,4090.3798828125,2020.9000244140625,101.8499984741211,62.0,323675130.1453304,21.0,0.0003512057047058,-0.0024923705312281,-0.0006428280037585,0.002559328138626,0.0212942724758097,0.0228793977567816,2023,4,5,2
28044.140625,13837809380,4105.02001953125,2011.9000244140625,101.81999969482422,63.0,375327217.1632722,21.0,-0.0047612573465794,0.0035791630944272,-0.0044534612753094,-0.0002945388291242,0.0187779283230282,0.0071974983633502,2023,4,6,3
27925.859375,10861680497,4105.02001953125,2011.9000244140625,101.81999969482422,64.0,338032942.1664877,21.0,-0.0042266008962955,0.0,0.0,0.0,0.0168800337764992,-0.023238290003385,2023,4,7,4
27947.794921875,9373255556,4105.02001953125,2011.9000244140625,101.81999969482422,61.0,349935510.5526316,21.0,0.0007851839396583,0.0,0.0,0.0,0.0168771750665009,-0.0046620823660408,2023,4,8,5
28333.05078125,12175322951,4105.02001953125,2011.9000244140625,101.81999969482422,61.0,347554996.87540287,25.0,0.0136906925289077,0.0,0.0,0.0,0.0165779045777069,-0.0261767086555964,2023,4,9,6
29652.98046875,19282400094,4109.10986328125,1989.0999755859373,102.58000183105467,62.0,292803182.2991408,25.0,0.0455336467573902,0.0009963029974375,-0.0113325953334908,0.0074641734286815,0.0180483114690891,-0.0717513245335398,2023,4,10,0
30235.05859375,20121259843,4108.93994140625,2004.800048828125,102.1999969482422,68.0,366599106.2932332,25.0,0.0194394895643321,-4.1352477946232646e-05,0.0078930538609869,-0.0037044733479177,0.0183726150423269,-0.063749204636846,2023,4,11,1
30139.052734375,18651929926,4091.949951171875,2010.9000244140625,101.5,65.0,380882188.3566059,25.0,-0.0031803678161343,-0.0041348840520069,0.0030426852740268,-0.0068492854123732,0.0160403217483744,-0.0569477606886569,2023,4,12,2
30399.06640625,17487721001,4146.22021484375,2041.300048828125,101.01000213623048,61.0,338032942.1664877,25.0,0.0085901337682815,0.0132626899936381,0.0151176209881047,-0.0048275651602909,0.015418120459938,-0.0304377537293304,2023,4,13,3
30485.69921875,22659995079,4137.64013671875,2002.199951171875,101.5500030517578,68.0,333271914.81203014,25.0,0.0028457979620181,-0.0020693734728036,-0.0191545077749333,0.0053460142966739,0.0151617239106798,-0.0375729449989294,2023,4,14,4
30318.49609375,11940685378,4137.64013671875,2002.199951171875,101.5500030517578,68.0,376121161.0021483,25.0,-0.0054997371675221,0.0,0.0,0.0,0.0153001694287477,-0.0352922456704762,2023,4,15,5
30315.35546875,12854816417,4137.64013671875,2002.199951171875,101.5500030517578,68.0,295183695.9763696,22.0,-0.0001035931223855,0.0,0.0,0.0,0.0149715398184277,-0.0345220701503505,2023,4,16,6
29445.044921875,17872186762,4151.31982421875,1994.199951171875,102.0999984741211,69.0,368979619.9704619,22.0,-0.0291287232768213,0.0033061569029655,-0.0039956049321235,0.0054160059658783,0.0167866944623047,-0.0459661911228564,2023,4,17,0
30397.552734375,19480529496,4154.8701171875,2007.4000244140625,101.75,58.0,395165270.4199787,22.0,0.0318364609978162,0.0008552202959737,0.0066192325571117,-0.0034279968594691,0.0182706809632144,-0.0564853243287022,2023,4,18,1
28822.6796875,24571565421,4154.52001953125,1995.199951171875,101.97000122070312,63.0,330891401.13480145,22.0,-0.0531995366286723,-8.42619976980652e-05,-0.0060775496133356,0.0021621741592445,0.0238818912954742,0.0063709866064132,2023,4,19,2
28245.98828125,21340360360,4129.7900390625,2007.5999755859373,101.83999633789062,52.0,319313867.4340018,22.0,-0.020211126619281,-0.0059525481529729,0.0062149281864103,-0.0012749326395624,0.0245467916915755,0.0213029422181496,2023,4,20,3
27276.91015625,20759504330,4133.52001953125,1979.5,101.81999969482422,50.0,351118490.9644334,22.0,-0.0349108772717124,0.0009031888869577,-0.0139968001233593,-0.0001963535328503,0.0262758009853199,0.082761375699943,2023,4,21,4
27817.5,13125734602,4133.52001953125,1979.5,101.81999969482422,53.0,360804518.3013832,22.0,0.0196247565563981,0.0,0.0,0.0,0.0268805591081824,0.0390805445088522,2023,4,22,5
27591.384765625,12785446832,4133.52001953125,1979.5,101.81999969482422,56.0,355961504.6329083,21.0,-0.0081617412273785,0.0,0.0,0.0,0.0266533821007111,0.0312993986106822,2023,4,23,6
27525.33984375,17703288330,4137.0400390625,1989.0999755859373,101.3499984741211,53.0,341432463.6274834,21.0,-0.0023965485595713,0.0008515791660903,0.0048496971891576,-0.0046160010028659,0.0227804370731188,0.0061373844867662,2023,4,24,0
28307.59765625,17733373139,4071.6298828125,1994.0,101.86000061035156,53.0,302688354.2796839,21.0,0.0280232077739538,-0.0158108588827732,0.0024634379740611,0.0050320882477437,0.0236189593106082,-0.0229204284130323,2023,4,25,1
28422.701171875,31854242019,4055.989990234375,1985.699951171875,101.47000122070312,56.0,314795888.4508713,21.0,0.0040579258685806,-0.0038411871973298,-0.0041625119499122,-0.0038287785913169,0.0237276549197458,-0.0281797745983607,2023,4,26,2
29473.787109375,27153445027,4135.35009765625,1989.9000244140625,101.5,59.0,314795888.4508713,21.0,0.0363131328622946,0.019566149722497,0.002115160067214,0.0002956418541044,0.0259833619822562,-0.0839049979460695,2023,4,27,3
29340.26171875,17544464887,4169.47998046875,1990.0999755859373,101.66999816894533,64.0,355961504.6329083,21.0,-0.0045406028897519,0.0082532027534605,0.0001004830239819,0.0016748588073429,0.0259546484970593,-0.086409300253611,2023,4,28,4
29248.48828125,10662634333,4169.47998046875,1990.0999755859373,101.66999816894533,64.0,331746436.2905336,21.0,-0.0031328032278842,0.0,0.0,0.0,0.0259408626752302,-0.084257693339653,2023,4,29,5
29268.806640625,14652199272,4169.47998046875,1990.0999755859373,101.66999816894533,60.0,358383011.4671458,19.0,0.0006944394889976,0.0,0.0,0.0,0.0259468176085149,-0.0798860027830663,2023,4,30,6
28091.568359375,18655599976,4167.8701171875,1983.4000244140625,102.1500015258789,63.0,440714243.8312197,19.0,-0.0410528562110149,-0.0003861064902076,-0.0033666404974967,0.0047211897863514,0.0270124496006797,-0.0319980354425465,2023,5,1,0
28680.537109375,16432924527,4119.580078125,2014.300048828125,101.95999908447266,55.0,312374381.6166337,19.0,0.0207492702911204,-0.0115862629364003,0.0155793203759746,-0.0018600336619487,0.0260192309280019,-0.0573171524815221,2023,5,2,1
29006.30859375,19122972518,4090.75,2028.5999755859373,101.33999633789062,64.0,341432463.6274834,19.0,0.0112946008250287,-0.0069983050646564,0.0070992038977171,-0.0060808429987172,0.0222647425882449,-0.0554191807681923,2023,5,3,2
28847.7109375,15548678514,4061.219970703125,2048.0,101.4000015258789,64.0,351888475.1483047,19.0,-0.0054826978253753,-0.0072187323343824,0.0095632577381152,0.0005921175267089,0.0215529697749452,-0.0698669630145589,2023,5,4,3
29534.384765625,17936566518,4136.25,2017.4000244140625,101.20999908447266,61.0,283977798.47865146,19.0,0.0235245236353522,0.0184747513895153,-0.014941394329071,-0.0018737913071703,0.0195859521328376,-0.0895314353205232,2023,5,5,4
28904.623046875,15913866714,4136.25,2017.4000244140625,101.20999908447266,60.0,355568840.1119249,19.0,-0.0215536205091468,0.0,0.0,0.0,0.0204022205303236,-0.0614101455845453,2023,5,6,5
28454.978515625,11301355486,4136.25,2017.4000244140625,101.20999908447266,64.0,331705159.5675005,20.0,-0.0156784123199928,0.0,0.0,0.0,0.0208046679200865,-0.0597839967728626,2023,5,7,6
27694.2734375,19122903752,4138.1201171875,2026.300048828125,101.37000274658205,60.0,326932423.4586156,20.0,-0.0270974803125891,0.0004521286642489,0.0044116309637933,0.0015809076529664,0.0222062987639692,-0.0304393648619256,2023,5,8,0
27658.775390625,14128593256,4119.169921875,2036.199951171875,101.63999938964844,51.0,360341576.2208098,20.0,-0.0012826051136456,-0.0045794212772585,0.004885704044411,0.0026634767263584,0.0207199238747323,-0.0156568330307126,2023,5,9,1
27621.755859375,20656025026,4137.64013671875,2030.5,101.4800033569336,52.0,405682569.2552164,20.0,-0.0013393336115541,0.0044839652634049,-0.0027993081762891,-0.0015741443691029,0.0206593990449484,-0.0465914443148336,2023,5,10,2
27000.7890625,16724343943,4130.6201171875,2014.699951171875,102.05999755859376,52.0,360341576.2208098,20.0,-0.0227376278728039,-0.0016966239932159,-0.0077813586939793,0.0057153545770012,0.0180061250075061,-0.0194283963344821,2023,5,11,3
26804.990234375,19313599897,4124.080078125,2014.5,102.68000030517578,49.0,336477895.6763853,20.0,-0.0072780171559251,-0.0015833068345566,-9.924612931011544e-05,0.0060748849834733,0.0180026983724546,-0.0031971367271792,2023,5,12,4
26784.078125,9999171605,4124.080078125,2014.5,102.68000030517578,48.0,346023367.89415514,20.0,-0.0007804618022563,0.0,0.0,0.0,0.0180452321136845,0.0031464734470862,2023,5,13,5
26930.638671875,10014858959,4124.080078125,2014.5,102.68000030517578,48.0,415228041.47298616,17.0,0.0054570113859458,0.0,0.0,0.0,0.0182281520512564,0.0428882443737299,2023,5,14,6
27192.693359375,14413231792,4136.27978515625,2018.0,102.43000030517578,50.0,350796104.00304,17.0,0.0096836881797241,0.0029581644391338,0.0017374038222883,-0.0024347487266943,0.0156769647479098,0.0203433841193696,2023,5,15,0
27036.650390625,12732238816,4109.89990234375,1988.4000244140625,102.55999755859376,54.0,365114312.3296948,17.0,-0.0057549433066925,-0.006377683373153,-0.0146679760088888,0.0012691326079337,0.0141952744433117,0.024622104037741,2023,5,16,1
27398.802734375,15140006925,4158.77001953125,1980.699951171875,102.87999725341795,50.0,381818888.7107919,17.0,0.0133059491984704,0.0118908290587882,-0.0038724970567511,0.0031201219036827,0.0143752864792331,-0.0065384072795722,2023,5,17,2
26832.208984375,15222938600,4198.0498046875,1956.5,103.58000183105467,51.0,344768089.144806,17.0,-0.0208963229384923,0.0094450486494266,-0.0122178784108906,0.0068040882224407,0.015056136552075,-0.0004560313365226,2023,5,18,3
26890.12890625,11258983301,4191.97998046875,1978.699951171875,103.1999969482422,48.0,369469365.7613961,17.0,0.0021562704301694,-0.0014458676054706,0.0113467677852669,-0.0036687089794834,0.0128084123404382,0.0133677655006128,2023,5,19,4
27129.5859375,7044911360,4191.97998046875,1978.699951171875,103.1999969482422,48.0,322669912.76495266,17.0,0.0088656002854343,0.0,0.0,0.0,0.0126828947511586,-0.0020072931218138,2023,5,20,5
26753.826171875,8647416921,4191.97998046875,1978.699951171875,103.1999969482422,52.0,371932494.8664721,17.0,-0.0139473668145369,0.0,0.0,0.0,0.0125756555123001,0.0136518878469413,2023,5,21,6
26851.27734375,11056770492,4192.6298828125,1974.800048828125,103.1999969482422,49.0,354690591.1309403,17.0,0.0036358955711424,0.0001550346964389,-0.0019709417496271,0.0,0.0109228381742258,-0.0406379061052001,2023,5,22,0
27225.7265625,13697203143,4145.580078125,1972.4000244140625,103.48999786376952,50.0,379321882.1817001,17.0,0.0138489626434261,-0.0112220267475501,-0.0012153252758357,0.0028100864738667,0.0117432395529764,0.0004795699609716,2023,5,23,1
26334.818359375,16299104428,4115.240234375,1962.800048828125,103.88999938964844,50.0,347301203.81571233,17.0,-0.0332704001878959,-0.0073186003353533,-0.0048671544651746,0.0038651225638777,0.0144773640581697,0.000424521154748,2023,5,24,2
26476.20703125,13851122697,4151.27978515625,1943.0999755859373,104.20999908447266,51.0,371932494.8664721,17.0,0.0053545262051376,0.0087575812659024,-0.0100367193560797,0.0030801780412379,0.0135214294647973,0.0012090011831082,2023,5,25,3
26719.291015625,12711619225,4205.4501953125,1944.0999755859373,104.20999908447266,49.0,376858753.076624,17.0,0.0091393326620574,0.0130490867779973,0.0005146415586252,0.0,0.013678748519144,-0.0089417049084605,2023,5,26,4
26868.353515625,7892015141,4205.4501953125,1944.0999755859373,104.20999908447266,48.0,357153720.2360163,17.0,0.0055633303448489,0.0,0.0,0.0,0.0137612176952034,-0.0378554376492965,2023,5,27,5
28085.646484375,14545229578,4205.4501953125,1944.0999755859373,104.20999908447266,50.0,394100656.8121559,17.0,0.0443094997536007,0.0,0.0,0.0,0.0182845055033908,-0.0763905689982462,2023,5,28,6
27745.884765625,15181308984,4205.4501953125,1944.0999755859373,104.20999908447266,52.0,399026915.0223079,17.0,-0.0121711121073347,0.0,0.0,0.0,0.0186087619634959,-0.0664381324004059,2023,5,29,0
27702.349609375,13251081851,4205.52001953125,1958.0,104.16999816894533,51.0,379321882.1817001,17.0,-0.0015702994220325,1.660326849850513e-05,0.0071498506191138,-0.0003838491112059,0.0185154236886938,-0.0643851918303127,2023,5,30,1
27219.658203125,15656371534,4179.830078125,1963.9000244140625,104.31999969482422,51.0,349729770.9452385,17.0,-0.017577792723265,-0.0061086242098339,0.003013291324853,0.0014399685947543,0.0188719402189077,-0.0769657872351418,2023,5,31,2
26819.97265625,14678970415,4221.02001953125,1978.0,103.55999755859376,52.0,336187209.4940784,17.0,-0.014792581991188,0.0098544535630327,0.0071795791082309,-0.0072852965726012,0.0184370026005794,-0.0463676134550495,2023,6,1,3
27249.58984375,14837415000,4282.3701171875,1952.4000244140625,104.0199966430664,50.0,417687139.0684004,17.0,0.0158916110657963,0.0145344247059655,-0.012942353683487,0.0044418607118292,0.0189204229307506,-0.0338400305623866,2023,6,2,4
27075.12890625,8385597470,4282.3701171875,1952.4000244140625,104.0199966430664,53.0,331093463.8956832,17.0,-0.0064229154344191,0.0,0.0,0.0,0.0188778150712868,-0.0208476615921006,2023,6,3,5
27119.06640625,9360912318,4282.3701171875,1952.4000244140625,104.0199966430664,52.0,376937174.2812394,18.0,0.0016214839752998,0.0,0.0,0.0,0.0184513613944698,-0.02886727381753,2023,6,4,6
25760.09765625,21513292646,4273.7900390625,1958.0,104.0,53.0,351468446.2892638,18.0,-0.0514103456988917,-0.0020035816359177,0.0028682521593483,-0.0001922384513721,0.0229353850456053,0.0423496702218562,2023,6,5,0
27238.783203125,21929670693,4283.85009765625,1965.5,104.12999725341795,44.0,384577792.6788321,18.0,0.0558151185623361,0.0023538963079141,0.0038304392236976,0.0012499735905573,0.0277902898549978,0.0399689321658134,2023,6,6,1
26345.998046875,19530045082,4267.52001953125,1942.699951171875,104.0999984741211,53.0,343827827.89167106,18.0,-0.0333254241208089,-0.0038120096998572,-0.0116001265978759,-0.0002880896964192,0.0277951712703651,0.1397289569966264,2023,6,7,2
26508.216796875,11904824295,4293.93017578125,1963.5999755859373,103.33999633789062,50.0,392218411.0764248,18.0,0.0061383660637044,0.0061886426142414,0.0107582359290507,-0.0073006930583136,0.0278068373605363,0.1284154448867454,2023,6,8,3
26480.375,11015551640,4298.85986328125,1962.199951171875,103.55999755859376,50.0,430421503.0643882,18.0,-0.00105086013774,0.001148059539441,-0.0007129886084077,0.0021289067979428,0.0276937363514383,0.1591780233474791,2023,6,9,4
25851.240234375,19872933189,4298.85986328125,1962.199951171875,103.55999755859376,49.0,392218411.0764248,18.0,-0.0240453146774719,0.0,0.0,0.0,0.0283185735386585,0.1817110140765581,2023,6,10,5
25940.16796875,10732609603,4298.85986328125,1962.199951171875,103.55999755859376,47.0,415140266.2692028,18.0,0.0034340762243438,0.0,0.0,0.0,0.0248993380542891,0.1750217560452742,2023,6,11,6
25902.5,11677889997,4338.93017578125,1955.300048828125,103.62999725341795,47.0,399859029.4740175,18.0,-0.0014531650030546,0.0093211488102371,-0.0035164114338241,0.0006759337241641,0.0248406911517721,0.1686567265466654,2023,6,12,0
25918.728515625,14143474486,4369.009765625,1944.5999755859373,103.33999633789062,45.0,374390301.4820418,18.0,0.0006263269559741,0.0069324899514737,-0.0054723433616239,-0.0027984263554323,0.0248683046329252,0.1840150277433465,2023,6,13,1
25124.67578125,14265717766,4372.58984375,1955.300048828125,103.01000213623048,46.0,312388214.96659184,18.0,-0.0311153540326201,0.0008194255259321,0.0055024546829809,-0.0031932863688244,0.0256370712273127,0.1974779836244777,2023,6,14,2
25576.39453125,15837384409,4425.83984375,1957.800048828125,102.12000274658205,41.0,385148460.1631553,18.0,0.0178193754101164,0.0121781374203466,0.0012785761456397,-0.0086399317657659,0.0262071316133722,0.1903691712802195,2023,6,15,3
26327.462890625,16324646965,4409.58984375,1958.4000244140625,102.3000030517578,47.0,398160232.4659646,18.0,0.0289427732653721,-0.0036716195284263,0.0003064539641302,0.0017626351384112,0.0271795733603752,0.1576220648278914,2023,6,16,4
26510.67578125,11090276850,4409.58984375,1958.4000244140625,102.3000030517578,47.0,364329624.4786604,18.0,0.0069349007932065,0.0,0.0,0.0,0.0272518915091061,0.1538777199574523,2023,6,17,5
26336.212890625,9565695129,4409.58984375,1958.4000244140625,102.3000030517578,49.0,392955523.5448409,22.0,-0.0066026034383138,0.0,0.0,0.0,0.0272756533201123,0.1626868926986153,2023,6,18,6
26851.029296875,12826986222,4409.58984375,1958.4000244140625,102.3000030517578,47.0,369534333.3997841,22.0,0.0193592472017419,0.0,0.0,0.0,0.0239214297768616,0.1603443245563429,2023,6,19,0
28327.48828125,22211859147,4388.7099609375,1935.5,102.54000091552734,49.0,353920206.636413,22.0,0.05352849528514,-0.0047351076976228,-0.0116932312748075,0.002346020103715,0.0235058181529923,0.0864917399549933,2023,6,20,1
30027.296875,33346760979,4365.68994140625,1933.300048828125,102.06999969482422,59.0,314884889.72798514,22.0,0.0582742132068211,-0.0052452815830036,-0.0011366319668689,-0.0045835890043566,0.0256108509500398,0.0162142181046724,2023,6,21,2
29912.28125,20653160491,4381.89013671875,1912.699951171875,102.38999938964844,65.0,356522561.09697485,22.0,-0.0038377235796951,0.0037107984144384,-0.0106554063704373,0.0031351003799449,0.0258546214960645,-9.839969577718488e-05,2023,6,22,3
30695.46875,24115570085,4348.330078125,1919.0999755859373,102.9000015258789,65.0,325294307.5702325,22.0,0.0258459057681537,-0.0076588087666845,0.0033460681640846,0.0049809760647583,0.0260662049002797,-0.0115066861456546,2023,6,23,4
30548.6953125,12147822496,4348.330078125,1919.0999755859373,102.9000015258789,62.0,379943751.2420316,22.0,-0.0047930679024939,0.0,0.0,0.0,0.0245750793552873,-0.0083851141351423,2023,6,24,5
30480.26171875,12703464114,4348.330078125,1919.0999755859373,102.9000015258789,64.0,398160232.4659646,21.0,-0.0022426607224285,0.0,0.0,0.0,0.0247781630143932,-0.0101386053243729,2023,6,25,6
30271.130859375,16493186997,4328.81982421875,1923.699951171875,102.69000244140624,55.0,379943751.2420316,21.0,-0.0068848359381765,-0.0044868382932564,0.0023969442157556,-0.0020408073990149,0.0250425758224866,0.0047351995013298,2023,6,26,0
30688.1640625,16428827944,4378.41015625,1914.0,102.48999786376952,59.0,364329624.4786604,21.0,0.0136825634152429,0.011455854954693,-0.005042341018913,-0.0019476538405074,0.0248500370693572,-0.0021901893670834,2023,6,27,1
30086.24609375,14571500779,4376.85986328125,1912.300048828125,102.91000366210938,62.0,280545974.4417444,21.0,-0.0198089179130376,-0.0003540766884383,-0.0008881667564655,0.0040980174367659,0.0235200177000802,0.0101508307042812,2023,6,28,2
30445.3515625,13180860821,4396.43994140625,1909.199951171875,103.33999633789062,54.0,367574940.3012432,21.0,0.011865197537731,0.0044735446728059,-0.0016211355839005,0.0041783369981509,0.0234811188439753,0.0338540109648306,2023,6,29,3
30477.251953125,26387306197,4450.3798828125,1921.0999755859373,102.91000366210938,56.0,397786579.2301125,21.0,0.0010472432791648,0.0122690044957141,0.0062329901102071,-0.0041609511420467,0.0231595227284094,-0.0046980480382621,2023,6,30,4
30590.078125,9086606733,4450.3798828125,1921.0999755859373,102.91000366210938,59.0,334845664.7949681,21.0,0.0036951443630783,0.0,0.0,0.0,0.0232168483725932,-0.0096198343519268,2023,7,1,5
30620.76953125,10533418042,4450.3798828125,1921.0999755859373,102.91000366210938,63.0,430515854.7363876,20.0,0.0010028094691439,0.0,0.0,0.0,0.0228730762599182,-0.0121367530744361,2023,7,2,6
31156.439453125,15271884873,4455.58984375,1921.699951171875,102.98999786376952,62.0,344916211.10459125,20.0,0.0173424263179603,0.0011706778016009,0.000312308361648,0.0007773219202558,0.022820979796156,-0.0324347325621201,2023,7,3,0
30777.58203125,12810828427,4455.58984375,1921.699951171875,102.98999786376952,64.0,357504393.99162006,20.0,-0.0122343790504439,0.0,0.0,0.0,0.019686757880373,-0.0299250126379272,2023,7,4,1
30514.166015625,12481622280,4446.81982421875,1919.5999755859373,103.37000274658205,61.0,390233669.4978951,20.0,-0.0085955335212928,-0.0019683184132291,-0.0010927697555785,0.0036897260966559,0.012447464954482,-0.0196709353679416,2023,7,5,2
29909.337890625,21129219509,4411.58984375,1908.699951171875,103.16999816894533,56.0,349951484.25940275,20.0,-0.0200202996399463,-0.0079225113365009,-0.0056782790960056,-0.0019348415625666,0.013624669427562,-0.0039225965500818,2023,7,6,3
30342.265625,13384770155,4398.9501953125,1926.199951171875,102.2699966430664,55.0,440586401.04601073,20.0,0.014370909980298,-0.0028651005386203,0.0091685442697557,-0.0087234810686447,0.0121820956826332,-0.0142877097489321,2023,7,7,4
30292.541015625,7509378699,4398.9501953125,1926.199951171875,102.2699966430664,58.0,448139310.7782279,20.0,-0.0016401345457067,0.0,0.0,0.0,0.0121310844046519,-0.0171903136478844,2023,7,8,5
30171.234375,7903327692,4398.9501953125,1926.199951171875,102.2699966430664,55.0,425480581.581576,20.0,-0.004012544787339,0.0,0.0,0.0,0.0121593169679019,-0.0028734426779646,2023,7,9,6
30414.470703125,14828209155,4409.52978515625,1925.0,101.97000122070312,56.0,387716032.92048943,20.0,0.008029538805166,0.0024050260571313,-0.0006229629333885,-0.0029333668936188,0.0122276882616827,-0.0406896670857679,2023,7,10,0
30620.951171875,12151839152,4439.259765625,1931.300048828125,101.7300033569336,57.0,339880937.9497796,20.0,0.0067659483655845,0.0067422110558885,0.0032727526379869,-0.0023536124438213,0.0117741829913802,-0.0455100345855673,2023,7,11,1
30391.646484375,14805659717,4472.16015625,1956.199951171875,100.5199966430664,64.0,382989765.58074266,20.0,-0.0075166695389679,0.0074112334853124,0.0128928191965089,-0.0118942954284756,0.0106167753017413,-0.034110485875057,2023,7,12,2
31476.048828125,23686079548,4510.0400390625,1959.199951171875,99.7699966430664,57.0,321592673.5118464,20.0,0.0350591179994657,0.0084701534580691,0.0015335855612319,-0.0074612020000672,0.0139199319181136,-0.0719708940397824,2023,7,13,3
30334.068359375,20917902660,4505.419921875,1960.0999755859373,99.91000366210938,60.0,369831574.5386234,20.0,-0.036955452769762,-0.0010244071333035,0.0004593836445965,0.0014032978225293,0.0173627102210686,-0.0334548684206205,2023,7,14,4
30295.806640625,8011667756,4505.419921875,1960.0999755859373,99.91000366210938,56.0,369831574.5386234,20.0,-0.0012621409438578,0.0,0.0,0.0,0.0173276280929811,-0.0309907137648549,2023,7,15,5
30249.1328125,8516564470,4505.419921875,1960.0999755859373,99.91000366210938,57.0,415390536.6194682,19.0,-0.0015417915284865,0.0,0.0,0.0,0.0173234156655505,-0.0321934590583562,2023,7,16,6
30145.888671875,13240156074,4522.7900390625,1952.4000244140625,99.83999633789062,54.0,364471696.6467593,19.0,-0.0034189652941136,0.0038553825145495,-0.0039283461393714,-0.0007007038499919,0.0165135897291975,-0.0303781836958877,2023,7,17,0
29856.5625,13138897269,4554.97998046875,1977.199951171875,99.94000244140624,56.0,434150109.2409926,19.0,-0.0096438864949102,0.0071172752058423,0.0127022774266023,0.0010016637338123,0.0164088875402344,-0.0060566275211688,2023,7,18,1
29913.923828125,12128602812,4565.72021484375,1977.5,100.27999877929688,50.0,396630963.9979439,19.0,0.0019193869502834,0.002357910335732,0.0001517544181341,0.0034020044985485,0.0163276120893283,-0.0254719122816513,2023,7,19,2
29792.015625,14655207121,4534.8701171875,1968.300048828125,100.87999725341795,56.0,343032185.0793028,19.0,-0.0040836263076462,-0.0067568962189037,-0.004652314119785,0.0059832317653056,0.0154731942057151,-0.0205872588555343,2023,7,20,3
29908.744140625,10972789818,4536.33984375,1964.300048828125,101.06999969482422,50.0,300153161.94439,19.0,0.0039104582531672,0.000324094521898,-0.002032210486598,0.0018834501048701,0.0149531406853805,-0.0279066329173043,2023,7,21,4
29771.802734375,7873300598,4536.33984375,1964.300048828125,101.06999969482422,52.0,359111818.75489503,19.0,-0.0045891552191319,0.0,0.0,0.0,0.0149845670357353,-0.0245089552607946,2023,7,22,5
30084.5390625,9220145050,4536.33984375,1964.300048828125,101.06999969482422,54.0,393951025.0520118,18.0,0.0104496587833917,0.0,0.0,0.0,0.015269748645401,-0.034658453353194,2023,7,23,6
29176.916015625,15395817395,4554.64013671875,1960.300048828125,101.3499984741211,55.0,401990841.889808,18.0,-0.0306335381648588,0.0040341538771535,-0.0020363487759348,0.0027703451087595,0.0170169535624788,0.000125513929335,2023,7,24,0
29227.390625,10266772793,4567.4599609375,1962.0999755859373,101.3499984741211,50.0,369831574.5386234,18.0,0.0017284554802405,0.0028146733515561,0.0009181894164052,0.0,0.0168499255953309,0.0184108656637902,2023,7,25,1
29354.97265625,13497554655,4566.75,1968.9000244140625,100.88999938964844,51.0,381190141.57452464,18.0,0.0043556533334645,-0.0001554388967985,0.0034656994611572,-0.0045387182180384,0.0169149696882572,0.007035315167668,2023,7,26,2
29210.689453125,10770779217,4537.41015625,1945.4000244140625,101.7699966430664,51.0,358973121.2673339,18.0,-0.0049272385842934,-0.0064246660644878,-0.0119355984095705,0.0087223437282353,0.0128978835173807,0.0074939122577464,2023,7,27,3
29319.24609375,11218474952,4582.22998046875,1960.4000244140625,101.62000274658205,52.0,364175630.2712082,18.0,0.0037094442045335,0.0098778427947523,0.0077104964592142,-0.0014738518368084,0.0094674086955218,0.002676356334303,2023,7,28,4
29356.91796875,6481775959,4582.22998046875,1960.4000244140625,101.62000274658205,52.0,343365594.25571066,18.0,0.0012840607690722,0.0,0.0,0.0,0.0095150008443304,0.0020113444831932,2023,7,29,5
29275.30859375,8678454527,4582.22998046875,1960.4000244140625,101.62000274658205,52.0,437010756.32545,17.0,-0.0027837737874393,0.0,0.0,0.0,0.0095141238533664,0.0002597912409922,2023,7,30,6
29230.111328125,11656781982,4588.9599609375,1970.5,101.86000061035156,50.0,366776884.7731455,17.0,-0.0015450628224417,0.0014687129405193,0.0051519972761457,0.0023617187294122,0.0095102961881357,0.0061009699637513,2023,7,31,0
29675.732421875,18272392391,4576.72998046875,1940.699951171875,102.3000030517578,53.0,361574375.7692712,17.0,0.0151302338260884,-0.0026650876392156,-0.0151230899914361,0.004319678370015,0.0103003535954925,-0.0170302373144618,2023,8,1,1
29151.958984375,19212655598,4513.39013671875,1937.4000244140625,102.58999633789062,53.0,400593193.2983291,17.0,-0.0178075075169093,-0.0138395413363479,-0.0017003796778681,0.0028347338952285,0.0112479089053458,-0.0154425192400033,2023,8,2,2
29178.6796875,12780357746,4501.89013671875,1932.0,102.54000091552734,52.0,392789429.7925176,17.0,0.000916180779175,-0.0025479738404268,-0.0027872531981079,-0.000487332334028,0.0112487399361995,-0.0861632168821895,2023,8,3,3
29074.091796875,12036639988,4478.02978515625,1939.5999755859373,102.0199966430664,54.0,314751794.7344015,17.0,-0.0035908335462961,-0.0053000741550505,0.0039337347753298,-0.0050712333510638,0.011152893235229,-0.1040285343177973,2023,8,4,4
29042.126953125,6598366353,4478.02978515625,1939.5999755859373,102.0199966430664,50.0,400593193.2983291,17.0,-0.0011000318899209,0.0,0.0,0.0,0.0111288229385209,-0.1014361613305671,2023,8,5,5
29041.85546875,7269806994,4478.02978515625,1939.5999755859373,102.0199966430664,49.0,426605738.3177011,18.0,-9.347994530765628e-06,0.0,0.0,0.0,0.0105822937977559,-0.0982124398850528,2023,8,6,6
29180.578125,13618163710,4518.43994140625,1933.5,102.0500030517578,49.0,379783157.2828315,18.0,0.0047652738023778,0.0090240927793627,-0.0031449657984733,0.0002941228159063,0.0070896173621832,-0.1047421845758924,2023,8,7,0
29765.4921875,17570561357,4499.3798828125,1924.0999755859373,102.52999877929688,54.0,325156812.74215025,18.0,0.0198463869790533,-0.0042182830447931,-0.0048616624846457,0.0047035346710926,0.0088884774465534,-0.1254417670630027,2023,8,8,1
29561.494140625,18379521213,4467.7099609375,1915.4000244140625,102.48999786376952,50.0,421650114.697692,18.0,-0.0068771014170617,-0.0070387303805971,-0.0045215691919675,-0.0003901386521367,0.0090980542893451,-0.1058760257765113,2023,8,9,2
29429.591796875,11865344789,4468.830078125,1914.4000244140625,102.5199966430664,53.0,330756213.4390739,18.0,-0.004471948989328,0.0002507139445697,-0.000522084153312,0.0002926995796872,0.0090779405677843,-0.1110181470592783,2023,8,10,3
29397.71484375,10195168197,4464.0498046875,1912.9000244140625,102.83999633789062,51.0,393261324.6401588,18.0,-0.0010837469218066,-0.001069692370023,-0.0007835353013323,0.0031213393025979,0.0090405937447087,-0.1139560300113675,2023,8,11,4
29415.96484375,6194358008,4464.0498046875,1912.9000244140625,102.83999633789062,54.0,434931398.7742153,18.0,0.0006206039371356,0.0,0.0,0.0,0.0090363673050533,-0.1158385241220123,2023,8,12,5
29282.9140625,7329897180,4464.0498046875,1912.9000244140625,102.83999633789062,54.0,351591250.5061022,20.0,-0.0045333407244437,0.0,0.0,0.0,0.0090921464120876,-0.1090472313072923,2023,8,13,6
29408.443359375,14013695304,4489.72021484375,1910.5999755859373,103.19000244140624,50.0,445348917.3077294,20.0,0.0042776140747162,0.005750475751703,-0.0012023884148516,0.0034034044727659,0.0091465621464576,-0.1122906414459123,2023,8,14,0
29170.34765625,12640195779,4437.85986328125,1902.5,103.20999908447266,53.0,445348917.3077294,20.0,-0.0081291201187537,-0.0115509094288417,-0.004239493190328,0.0001937846941884,0.0083384308631577,-0.0494665025980872,2023,8,15,1
28701.779296875,14949271904,4404.330078125,1896.0999755859373,103.41999816894533,52.0,424513880.24070114,20.0,-0.0161935848387037,-0.0075553952105776,-0.0033640075763797,0.0020346777088988,0.0081050725426958,-0.0489347248248097,2023,8,16,2
26664.55078125,31120851211,4370.35986328125,1884.0999755859373,103.44000244140624,50.0,406283222.8070514,20.0,-0.0736241200960619,-0.0077129130290369,-0.0063287802091194,0.000193427507398,0.0203178623071698,-0.0274926111080591,2023,8,17,3
26049.556640625,24026236529,4369.7099609375,1886.0999755859373,103.37999725341795,37.0,362008769.0396163,20.0,-0.0233342486538112,-0.0001487068260008,0.0010615147953483,-0.0005800965445865,0.0207854046414487,-0.009552255905267,2023,8,18,4
26096.205078125,10631443812,4369.7099609375,1886.0999755859373,103.37999725341795,39.0,364613148.6729948,20.0,0.0017891559507894,0.0,0.0,0.0,0.0208691986283739,-0.0087141501731461,2023,8,19,5
26189.583984375,9036580420,4369.7099609375,1886.0999755859373,103.37999725341795,37.0,421909500.6073226,19.0,0.0035718694201078,0.0,0.0,0.0,0.0209886289745021,-0.0084009573522154,2023,8,20,6
26124.140625,13371557893,4399.77001953125,1893.300048828125,103.33000183105467,38.0,429722639.5074582,19.0,-0.0025019588646069,0.0068791885187959,0.0038174398681865,-0.0004836082771478,0.0207595707599951,-0.0119324349784233,2023,8,21,0
26031.65625,14503820706,4387.5498046875,1896.4000244140625,103.55999755859376,37.0,380936887.228172,19.0,-0.0035464695192522,-0.0027774667288296,0.00163733983309,0.0022258368669643,0.0192393081073375,-0.0096679913758849,2023,8,22,1
26431.640625,16985265785,4436.009765625,1918.5,103.36000061035156,37.0,392623891.9211836,19.0,0.0152484555491608,0.0110448799659725,0.0116536465415653,-0.001931218162969,0.0203456138747066,-0.025666371092884,2023,8,23,2
26162.373046875,12871532023,4376.31005859375,1918.199951171875,103.9800033569336,41.0,384329020.9651023,19.0,-0.010239565761125,-0.0134579746631461,-0.0001563976169532,0.0059984785499307,0.0203317157025112,0.0029745874155056,2023,8,24,3
26047.66796875,12406045118,4405.7099609375,1911.0999755859373,104.08000183105467,39.0,373269193.0236605,19.0,-0.0043939924369393,0.006717966037625,-0.003701374083343,0.0009617087025648,0.0202622152095539,-0.0054520685707978,2023,8,25,4
26008.462890625,6034817316,4405.7099609375,1911.0999755859373,104.08000183105467,38.0,378799106.9943814,19.0,-0.0015062619864454,0.0,0.0,0.0,0.0201972174556968,-0.004336479119289,2023,8,26,5
26089.693359375,6913768611,4405.7099609375,1911.0999755859373,104.08000183105467,38.0,320735010.301812,18.0,0.0031183650409933,0.0,0.0,0.0,0.020416928076513,-0.0098685252190778,2023,8,27,6
26106.150390625,11002805166,4433.31005859375,1917.9000244140625,104.05999755859376,39.0,326264924.27253294,18.0,0.0006305878251208,0.0062646197550364,0.0035581858170659,-0.0001922009234147,0.0202703692757887,-0.0361407591556975,2023,8,28,0
27727.392578125,29368391712,4497.6298828125,1936.5,103.5500030517578,39.0,436863203.68695074,18.0,0.060249892570851,0.0145083071945462,0.0096980944518314,-0.0049009659696442,0.0276547932085838,-0.0683096624678396,2023,8,29,1
27297.265625,16343655235,4514.8701171875,1944.300048828125,103.16000366210938,49.0,348384580.1554164,18.0,-0.0156342893713229,0.003833182103508,0.0040279105748128,-0.003766290469866,0.0276355734658054,-0.0391592850703338,2023,8,30,2
25931.47265625,20181001451,4507.66015625,1938.199951171875,103.62000274658205,52.0,398153805.8919045,18.0,-0.0513291454495893,-0.0015969365120942,-0.0031374260675077,0.0044590836384548,0.0240149692671731,0.023454170148274,2023,8,31,3
25800.724609375,17202862221,4515.77001953125,1939.800048828125,104.23999786376952,40.0,417508504.7894277,18.0,-0.0050548143006733,0.001799129260001,0.0008255586093077,0.0059833536069651,0.0232540393110933,0.0313157386946572,2023,9,1,4
25868.798828125,10100387473,4515.77001953125,1939.800048828125,104.23999786376952,39.0,420273461.77478814,18.0,0.0026349868784771,0.0,0.0,0.0,0.0232613880616891,0.0270396173599878,2023,9,2,5
25969.56640625,8962524523,4515.77001953125,1939.800048828125,104.23999786376952,40.0,436863203.68695074,17.0,0.0038877655416867,0.0,0.0,0.0,0.023265688422014,0.0217416450054444,2023,9,3,6
25812.416015625,10680635106,4515.77001953125,1939.800048828125,104.23999786376952,40.0,411978590.8187068,17.0,-0.0060697125040342,0.0,0.0,0.0,0.0233102163258836,0.0364888445081956,2023,9,4,0
25779.982421875,11094740040,4496.830078125,1926.199951171875,104.80999755859376,40.0,342854666.18469554,17.0,-0.0012573014244295,-0.004194177587506,-0.0070110822321435,0.0054681476065372,0.0232960998778733,0.0555134112275672,2023,9,5,1
25753.236328125,12752705327,4465.47998046875,1918.0999755859373,104.86000061035156,42.0,364419397.2930779,17.0,-0.0010380138015933,-0.0069715993514528,-0.0042051582344863,0.0004770828444096,0.0228479959093265,0.053537794893345,2023,9,6,2
26240.1953125,11088307100,4451.14013671875,1917.5,105.05999755859376,41.0,393005453.9397736,17.0,0.0187321055019505,-0.003211265936186,-0.0003127968268464,0.0019072758638001,0.0233266345574197,0.0124784703810501,2023,9,7,3
25905.654296875,10817356400,4457.490234375,1918.4000244140625,105.08999633789062,46.0,358011817.6300677,17.0,-0.0128311498605087,0.0014266227216406,0.0004693738795631,0.0002855395011802,0.0235662288078392,0.0260141687516186,2023,9,8,4
25895.677734375,5481314132,4457.490234375,1918.4000244140625,105.08999633789062,41.0,406464544.828122,17.0,-0.0003851855630789,0.0,0.0,0.0,0.0235631206871228,0.0264025872440252,2023,9,9,5
25832.2265625,7899553047,4457.490234375,1918.4000244140625,105.08999633789062,40.0,395697272.1174433,16.0,-0.0024532679048573,0.0,0.0,0.0,0.0235523733407495,0.0164368181096468,2023,9,10,6
25162.654296875,14600006467,4487.4599609375,1923.300048828125,104.56999969482422,40.0,427999090.2494795,16.0,-0.0262618810674803,0.0067234531062752,0.0025542245369596,-0.0049481079188021,0.0245079610406516,0.0451393624247367,2023,9,11,0
25833.34375,18657279324,4461.89990234375,1911.300048828125,104.70999908447266,30.0,379546363.0514252,16.0,0.0263051279529175,-0.0056958856048289,-0.0062392760855549,0.0013388102711773,0.0184094210886009,0.0148608811044834,2023,9,12,1
26228.32421875,13072077070,4467.43994140625,1909.0999755859373,104.7699966430664,41.0,395697272.1174433,16.0,0.0151738529586858,0.0012416323054647,-0.0011510873154303,0.0005729878628435,0.0188758540465135,0.0047426811216584,2023,9,13,2
26539.673828125,13811359124,4505.10009765625,1910.0,105.41000366210938,45.0,436074544.7824885,16.0,0.0118008351309716,0.0084299188671679,0.0004714391208278,0.0061086860699572,0.0133809170425526,0.018156705692605,2023,9,14,3
26608.693359375,11479735788,4450.31982421875,1923.699951171875,105.31999969482422,45.0,506061817.4019002,16.0,0.0025972414093191,-0.0121596129386778,0.0071727493046465,-0.0008538465435753,0.0132380656796074,0.0113882835078495,2023,9,15,4
26568.28125,7402031417,4450.31982421875,1923.699951171875,105.31999969482422,43.0,417231817.5388007,16.0,-0.0015199103541191,0.0,0.0,0.0,0.0132761283863791,0.0150417997259419,2023,9,16,5
26534.1875,6774210670,4450.31982421875,1923.699951171875,105.31999969482422,46.0,401080908.4727827,16.0,-0.0012840741866492,0.0,0.0,0.0,0.0132910722638352,0.0546299938522707,2023,9,17,6
26754.28125,15615339655,4453.52978515625,1931.5,105.1999969482422,46.0,419923635.7164705,16.0,0.0082605113897513,0.0007212876971294,0.0040547117669642,-0.001139410813993,0.0132069404244172,0.0290235382888486,2023,9,18,0
27211.1171875,13807690550,4443.9501953125,1932.0,105.1999969482422,46.0,385677556.7313763,16.0,0.0169311026624323,-0.0021510106153728,0.0002588661661919,0.0,0.0136903692914035,0.008043084986806,2023,9,19,1
27132.0078125,13281116604,4402.2001953125,1945.5999755859373,105.16000366210938,47.0,414558853.7494199,16.0,-0.0029114788993918,-0.0093947947580596,0.0070393248374418,-0.00038016432788,0.0137517864055106,0.0245977637689802,2023,9,20,2
26567.6328125,13371443708,4330.0,1919.199951171875,105.36000061035156,47.0,391843300.11931473,16.0,-0.021020467716698,-0.0164009341032194,-0.0135690916659843,0.0019018347401813,0.0144763663581709,0.0319290507687191,2023,9,21,3
26579.568359375,10578746709,4320.06005859375,1925.4000244140625,105.58000183105467,43.0,366288302.2854464,16.0,0.0004491505408555,-0.0022955984771939,0.0032305509586958,0.0020880905412743,0.0139328095533,0.0514315837786292,2023,9,22,4
26579.390625,7404700301,4320.06005859375,1925.4000244140625,105.58000183105467,47.0,442953295.7870514,16.0,-6.686902016047694e-06,0.0,0.0,0.0,0.0139283466735993,0.0522754354436971,2023,9,23,5
26256.826171875,8192867686,4320.06005859375,1925.4000244140625,105.58000183105467,44.0,414558853.7494199,15.0,-0.0122101270753157,0.0,0.0,0.0,0.0143965781817077,0.0639172328326822,2023,9,24,6
26298.48046875,11997833257,4337.43994140625,1916.5999755859373,106.0,47.0,411719409.5456568,15.0,0.0015851607862177,0.0040230650909416,-0.0045705041635714,0.0039780087295071,0.0120945760469797,0.0488696397174801,2023,9,25,0
26217.25,9985498161,4273.52978515625,1900.4000244140625,106.2300033569336,46.0,386164411.7117884,15.0,-0.0030935695955251,-0.0147345339908682,-0.0084524425431667,0.0021698429899394,0.010112632007621,0.0447708867730216,2023,9,26,1
26352.716796875,11718380997,4274.509765625,1871.5999755859373,106.66999816894533,44.0,445792739.99081457,15.0,0.0051537828527894,0.0002293140607452,-0.0151547297716988,0.0041419071647144,0.0093535837407017,0.0197552123235633,2023,9,27,2
27021.546875,14079002707,4299.7001953125,1860.4000244140625,106.22000122070312,46.0,414558853.7494199,15.0,0.0250632062349595,0.0058931739705165,-0.0059841586439264,-0.0042185896312614,0.0111538941681302,-0.0097976643639132,2023,9,28,3
26911.720703125,10396435377,4288.0498046875,1848.0999755859373,106.16999816894533,48.0,417398297.9531831,15.0,-0.0040726745702974,-0.002709582086142,-0.0066115075611219,-0.0004707498699224,0.0112380398171421,-0.0018336138245991,2023,9,29,4
26967.916015625,5331172801,4288.0498046875,1848.0999755859373,106.16999816894533,47.0,391843300.11931473,15.0,0.0020859581206851,0.0,0.0,0.0,0.0112204540841442,-0.0039383460076583,2023,9,30,5
27983.75,9503917434,4288.0498046875,1848.0999755859373,106.16999816894533,48.0,400361632.7306042,16.0,0.0369761208563826,0.0,0.0,0.0,0.0148269466126766,-0.0294491501764416,2023,10,1,6
27530.78515625,19793041322,4288.39013671875,1830.0,106.9000015258789,50.0,445792739.99081457,16.0,-0.0163191457885158,7.936755559079245e-05,-0.0097938292435716,0.0068757970191537,0.0156883539282688,0.035911857762638,2023,10,2,0
27429.978515625,11407814187,4229.4501953125,1824.5999755859373,107.0,50.0,466751379.41330886,16.0,-0.0036683170659445,-0.0137440716742595,-0.0029508330131489,0.0009354394077991,0.0151410800538145,0.035937670555902,2023,10,3,1
27799.39453125,11143355314,4263.75,1818.5,106.8000030517578,49.0,373280259.4846018,16.0,0.0133777193024828,0.0081097549571607,-0.0033431851734946,-0.0018691303574036,0.0154717106593943,0.0190272944624889,2023,10,4,2
27415.912109375,11877253670,4258.18994140625,1816.5999755859373,106.33000183105467,48.0,401774935.7811363,16.0,-0.0138906622558427,-0.0013040301597772,-0.0010448305823824,-0.0044007603677254,0.0147806397843395,0.0475597720786435,2023,10,5,3
27946.59765625,13492391599,4308.5,1830.199951171875,106.04000091552734,50.0,455914820.74455184,16.0,0.0191718837881559,0.0118148930146444,0.0074864999277295,-0.002727366787674,0.0154428125876,0.0621310537997343,2023,10,6,4
27968.83984375,6553044316,4308.5,1830.199951171875,106.04000091552734,49.0,487258964.67073977,16.0,0.0007955652201821,0.0,0.0,0.0,0.0154294851517628,0.0697051531817705,2023,10,7,5
27935.08984375,7916875290,4308.5,1830.199951171875,106.04000091552734,50.0,421721209.1887104,16.0,-0.0012074286830624,0.0,0.0,0.0,0.0148283790720695,0.0736996606111013,2023,10,8,6
27583.677734375,12007668568,4335.66015625,1849.5,106.08000183105467,50.0,444516950.225938,16.0,-0.0126593877279259,0.0063038542996403,0.0105453225565694,0.0003772247753865,0.0155126920834583,0.1994859675208455,2023,10,9,0
27391.01953125,9973350678,4358.240234375,1861.0,105.83000183105467,50.0,461613756.0038587,16.0,-0.0070090060125914,0.0052079907813922,0.0062178967288455,-0.002356711874856,0.0156745396405091,0.2376876773452065,2023,10,10,1
26873.3203125,13648094333,4376.9501953125,1872.800048828125,105.81999969482422,47.0,455914820.74455184,16.0,-0.0190812208422717,0.0042930081710337,0.0063407032929205,-9.451134893145864e-05,0.0167317889271895,0.2839061162252874,2023,10,11,2
26756.798828125,9392909295,4349.60986328125,1869.300048828125,106.56999969482422,45.0,470162158.8928191,16.0,-0.0043453816471778,-0.0062464343461184,-0.001868859413043,0.0070875071079468,0.0152963666719242,0.2765596010534998,2023,10,12,3
26862.375,15165312851,4327.77978515625,1927.4000244140625,106.6500015258789,44.0,393226532.892176,16.0,0.0039380057832304,-0.0050188588887675,0.0310811395005101,0.0007506974878839,0.0153064403366019,0.2623530414287642,2023,10,13,4
26861.70703125,5388116782,4327.77978515625,1927.4000244140625,106.6500015258789,47.0,416022273.9294035,16.0,-2.4866641728645303e-05,0.0,0.0,0.0,0.0152944309413283,0.2690769867712184,2023,10,14,5
27159.65234375,7098201980,4327.77978515625,1927.4000244140625,106.6500015258789,45.0,475861094.152126,18.0,0.0110307603158706,0.0,0.0,0.0,0.0113861280764764,0.2716834527779963,2023,10,15,6
28519.466796875,27833876539,4373.6298828125,1921.0999755859373,106.23999786376952,47.0,416156889.9191482,18.0,0.0488543973047657,0.0105943693839298,-0.0032686773624174,-0.0038443849624314,0.0173009754223083,0.2097829011666716,2023,10,16,0
28415.748046875,14872527508,4373.2001953125,1922.699951171875,106.25,52.0,491483968.444345,18.0,-0.0036433994327744,-9.824505308242416e-05,0.0008328434783564,9.414661550821712e-05,0.0173002789011927,0.2200200111857537,2023,10,17,1
28328.341796875,12724128586,4314.60009765625,1955.300048828125,106.56999969482422,50.0,439908490.27425945,18.0,-0.0030807197496875,-0.0133998205065164,0.0169553744651527,0.0030117618336396,0.017068854723794,0.2509469901326595,2023,10,18,2
28719.806640625,14448058195,4278.0,1968.4000244140625,106.25,52.0,424739231.98894006,18.0,0.013724231161473,-0.008482848196321,0.0066997265170574,-0.0030027183610826,0.0167606902822756,0.2165208012953277,2023,10,19,3
29682.94921875,21536125230,4224.16015625,1982.5,106.16000366210938,53.0,406536122.04655695,18.0,0.0329857689825514,-0.0125852837190275,0.0071631657239663,-0.0008470243566176,0.0181652123432288,0.1701102866426234,2023,10,20,4
29918.412109375,11541146996,4224.16015625,1982.5,106.16000366210938,63.0,455077748.5595787,18.0,0.0079012999160777,0.0,0.0,0.0,0.0181544591828822,0.1725954968548253,2023,10,21,5
29993.896484375,10446520040,4224.16015625,1982.5,106.16000366210938,53.0,464179303.53077024,26.0,0.0025198299552359,0.0,0.0,0.0,0.018083999612718,0.168549590981238,2023,10,22,6
33086.234375,38363572311,4217.0400390625,1976.300048828125,105.54000091552734,53.0,476314710.1590258,26.0,0.0981234055291609,-0.0016855698941634,-0.0031273398092686,-0.0058402668160731,0.0310757413244242,0.0589712536227537,2023,10,23,0
33901.52734375,44934999645,4247.68017578125,1975.0,106.2699966430664,66.0,382265308.7900461,26.0,0.0243427517877734,0.0072657922227272,-0.0006578195597859,0.0069167682509623,0.0306179236259701,0.0454857133902637,2023,10,24,1
34502.8203125,25254318008,4186.77001953125,1984.0999755859373,106.52999877929688,72.0,436874638.6171956,26.0,0.017581001125127,-0.0143396286277125,0.0046075825751581,0.0024466184665814,0.0289474569001701,0.033401821092071,2023,10,25,2
34156.6484375,19427195376,4137.22998046875,1987.199951171875,106.5999984741211,71.0,455077748.5595787,26.0,-0.0100838184339324,-0.0118325197781096,0.0015624089632992,0.0006570890418315,0.0293288924972249,0.0742601127022535,2023,10,26,3
33909.80078125,16418032871,4117.3701171875,1988.5999755859373,106.55999755859376,70.0,467213155.1878341,26.0,-0.0072531692565719,-0.0048002802297685,0.0007045211596532,-0.0003752431153838,0.0298866409503587,0.1003889108847932,2023,10,27,4
34089.57421875,10160330825,4117.3701171875,1988.5999755859373,106.55999755859376,65.0,485416265.1302173,26.0,0.0052875149613998,0.0,0.0,0.0,0.0296840616513173,0.0894254807331467,2023,10,28,5
34538.48046875,11160323986,4117.3701171875,1988.5999755859373,106.55999755859376,72.0,415637677.0177486,21.0,0.0130824822181374,0.0,0.0,0.0,0.0296544529187689,0.0728474162254035,2023,10,29,6
34502.36328125,17184860315,4166.81982421875,1996.199951171875,106.12000274658205,68.0,482540025.495944,21.0,-0.0010462557765204,0.0120100223258599,0.0038217719396773,-0.0041290805376547,0.0284868953624721,0.0579668172639895,2023,10,30,0
34667.78125,15758270810,4193.7998046875,1985.199951171875,106.66000366210938,66.0,481286782.8761844,21.0,0.0047829388016928,0.0064749573072333,-0.0055104700275854,0.0050885874627886,0.0281715380343611,0.0250912906345859,2023,10,31,1
35437.25390625,22446272005,4237.85986328125,1978.800048828125,106.87999725341795,66.0,462656326.7648482,21.0,0.0219528756206894,0.0105059994863139,-0.0032238074255301,0.0020625687582527,0.0277545817549992,0.0689480096698202,2023,11,1,2
34938.2421875,20998158544,4317.77978515625,1985.5999755859373,106.12000274658205,72.0,447130946.6720681,21.0,-0.014181643038139,0.0188585570201276,0.0034363890186073,-0.0071107272302221,0.0289353819350161,0.0348193631843689,2023,11,2,3
34732.32421875,17158456701,4358.33984375,1991.5,105.0199966430664,65.0,422290338.52361983,21.0,-0.0059112069551451,0.0093937302530313,0.0029714063691612,-0.0103656810690296,0.028855394841686,0.0536779330763454,2023,11,3,4
35082.1953125,9561294264,4358.33984375,1991.5,105.0199966430664,68.0,521652771.1174128,21.0,0.0100229586936839,0.0,0.0,0.0,0.0288398435383618,0.0428567197436555,2023,11,4,5
35049.35546875,12412743996,4358.33984375,1991.5,105.0199966430664,70.0,506127391.02463263,23.0,-0.0009365213169939,0.0,0.0,0.0,0.0289401128872745,0.066682864063901,2023,11,5,6
35037.37109375,12693436420,4365.97998046875,1981.5999755859373,105.22000122070312,74.0,394344654.35661566,23.0,-0.0003419870125084,0.0017529924220356,-0.0049711395501192,0.0019044428111769,0.0120422170441911,0.0696281102532596,2023,11,6,0
35443.5625,18834737789,4378.3798828125,1966.800048828125,105.54000091552734,68.0,412975110.4679518,23.0,0.0115264053036002,0.0028401189192852,-0.0074686752826772,0.0030412439755918,0.0107739117090569,0.0104461846915078,2023,11,7,1
35655.27734375,17295394918,4382.77978515625,1951.5,105.58999633789062,66.0,462656326.7648482,23.0,0.0059555252934752,0.0010049156221052,-0.00777915825111,0.0004737106493233,0.0099859464547444,0.0498400975223798,2023,11,8,2
36693.125,37762672382,4347.35009765625,1964.199951171875,105.91000366210938,69.0,444025870.65351206,23.0,0.0286922398244658,-0.0080838393067328,0.006507789480848,0.0030306594878053,0.0115890402288104,0.0162563448534296,2023,11,9,3
37313.96875,22711265155,4415.240234375,1932.5999755859373,105.86000061035156,70.0,478181706.8576284,23.0,0.016778346050334,0.0156164410948524,-0.0160879627184006,-0.0004721277502486,0.0113938723107631,0.0108890186064702,2023,11,10,4
37138.05078125,13924272142,4415.240234375,1932.5999755859373,105.86000061035156,70.0,496812162.9689646,23.0,-0.0047256823184078,0.0,0.0,0.0,0.011809928870548,0.0177376618762281,2023,11,11,5
37054.51953125,11545715999,4415.240234375,1932.5999755859373,105.86000061035156,73.0,506083624.1310116,21.0,-0.002251742592082,0.0,0.0,0.0,0.0118290576155621,0.0114588333048526,2023,11,12,6
36502.35546875,19057712790,4411.5498046875,1945.5,105.66000366210938,72.0,389037994.7160368,21.0,-0.0150135370550292,-0.0008358389332403,0.0066749583861251,-0.0018892588993867,0.0129127502889862,0.0205962735923612,2023,11,13,0
35537.640625,23857403554,4495.7001953125,1961.800048828125,104.11000061035156,69.0,443696225.3786205,21.0,-0.0267843578397946,0.0190750177036618,0.0083783340159984,-0.0146697236232792,0.0152671625541645,0.0645356661884473,2023,11,14,1
37880.58203125,27365821679,4502.8798828125,1960.0999755859373,104.38999938964844,60.0,475848125.7683755,21.0,0.0638461992762783,0.0015970120755575,-0.0008665884391241,0.0026894513270134,0.0225030178360982,-0.0005831442540079,2023,11,15,2
36154.76953125,26007385366,4508.240234375,1983.9000244140625,104.37000274658205,70.0,475848125.7683755,21.0,-0.0466297561906654,0.0011904273935798,0.0121422627032126,-0.0001915570761885,0.0258763262845239,0.0430918681739453,2023,11,16,3
36596.68359375,22445028430,4514.02001953125,1981.5999755859373,103.81999969482422,63.0,482278505.8463265,21.0,0.0121487469666794,0.001282049060336,-0.001159357225576,-0.0052697426203318,0.0258635298902944,0.0571654642118251,2023,11,17,4
36585.703125,11886022717,4514.02001953125,1981.5999755859373,103.81999969482422,69.0,479063315.8073509,21.0,-0.0003000850156637,0.0,0.0,0.0,0.0258262322385927,0.0790097950659516,2023,11,18,5
37386.546875,12915986553,4514.02001953125,1981.5999755859373,103.81999969482422,66.0,546582306.6258367,21.0,0.0216533913915043,0.0,0.0,0.0,0.0262546183475175,0.0693255720745138,2023,11,19,6
37476.95703125,20888209068,4547.3798828125,1977.699951171875,103.47000122070312,69.0,533721546.4699348,21.0,0.0024153344549947,0.0073902780973298,-0.0019681189251676,-0.0033712047307831,0.0262222586886727,0.1201575843322892,2023,11,20,0
35813.8125,25172163756,4538.18994140625,1999.300048828125,103.58999633789062,71.0,488708885.9242776,21.0,-0.0453926219219483,-0.0020209310950652,0.0109218274710736,0.0011597092468527,0.0292535471742076,0.230828145914373,2023,11,21,1
37432.33984375,24397247860,4556.6201171875,1991.4000244140625,103.91999816894533,62.0,456556985.5345224,21.0,0.0442013894678362,0.0040611292209464,-0.0039513950988462,0.0031856534677179,0.0315407005374136,0.1686804911236199,2023,11,22,2
37289.62109375,14214948217,4556.6201171875,1991.4000244140625,103.91999816894533,66.0,472632935.7294,21.0,-0.0038199994154339,0.0,0.0,0.0,0.0307368792691153,0.1609842844382281,2023,11,23,3
37720.28125,22922957823,4559.33984375,2002.199951171875,103.4000015258789,66.0,540151926.5478858,21.0,0.0114828809236324,0.000596873667884,0.0054232834314593,-0.0050038168998139,0.0305638260636285,0.1708979917136752,2023,11,24,4
37796.79296875,9099571165,4559.33984375,2002.199951171875,103.4000015258789,73.0,511215216.1971062,21.0,0.0020263429356001,0.0,0.0,0.0,0.0305164758292673,0.1568702247080113,2023,11,25,5
37479.12109375,13744796068,4559.33984375,2002.199951171875,103.4000015258789,73.0,492891191.481606,20.0,-0.0084402498410913,0.0,0.0,0.0,0.0306216940803067,0.1681090148629627,2023,11,26,6
37254.16796875,19002925720,4550.43017578125,2011.800048828125,103.1999969482422,66.0,439166010.2949663,20.0,-0.0060201767439216,-0.00195415746009,0.0047947746930225,-0.001934280219393,0.0303518909492816,0.1070930926667497,2023,11,27,0
37831.0859375,21696137014,4554.89013671875,2039.699951171875,102.75,68.0,496595411.6412311,20.0,0.0153673136112338,0.0009801185306033,0.0138681288729471,-0.0043604356739261,0.0293967360379885,0.095665684160616,2023,11,28,1
37858.4921875,20728546658,4550.580078125,2047.0999755859373,102.7699966430664,72.0,459435210.7701186,20.0,0.0007241750284948,-0.0009462486392383,0.0036279965638137,0.0001946145310598,0.0235670680498359,0.1329226207709755,2023,11,29,2
37712.74609375,18115982627,4567.7998046875,2038.0999755859373,103.5,74.0,452678810.6117344,20.0,-0.0038571889984724,0.0037840728581564,-0.0043964633419645,0.0071032731417612,0.0196449132757312,0.1408337263294705,2023,11,30,3
38688.75,23512784002,4594.6298828125,2071.0,103.2699966430664,71.0,570915813.3834561,20.0,0.0255507301146281,0.0058737421236076,0.0161424978206008,-0.0022222546563632,0.0204501449662121,0.0837713240283029,2023,12,1,4
39476.33203125,15534035612,4594.6298828125,2071.0,103.2699966430664,74.0,429031410.0573902,20.0,0.0201524431387205,0.0,0.0,0.0,0.0208440032567801,0.0700111944053503,2023,12,2,5
39978.390625,15769696322,4594.6298828125,2071.0,103.2699966430664,73.0,557403013.066688,31.0,0.0126377705204897,0.0,0.0,0.0,0.0204343961481005,0.0346755688717772,2023,12,3,6
41980.09765625,39856129827,4569.77978515625,2024.0999755859373,103.63999938964844,74.0,523621012.2747674,31.0,0.0488565668865632,-0.0054085091269721,-0.0226460764915801,0.0035828678087486,0.0236828384937178,0.0153272965565434,2023,12,4,0
44080.6484375,36312154535,4567.18017578125,2018.5,104.0500030517578,75.0,466191610.9285027,31.0,0.04882523455973,-0.0005688697261614,-0.0027666496978818,0.0039560369020064,0.020761226125407,-0.0410638490564967,2023,12,5,1
43746.4453125,29909761586,4549.33984375,2030.5,104.1500015258789,72.0,459435210.7701186,31.0,-0.0076105157033984,-0.0039062028088695,0.0059450086698042,0.0009610617125244,0.0196461548935858,-0.002153210662652,2023,12,6,2
43292.6640625,27635760671,4585.58984375,2029.9000244140625,103.54000091552734,72.0,388493009.1070856,31.0,-0.0104271600369865,0.0079681890658929,-0.0002954816970881,-0.0058569428844414,0.0201089608178307,0.0133160731438874,2023,12,7,3
44166.6015625,24421116687,4604.3701171875,1998.300048828125,104.01000213623048,72.0,456057010.69092655,31.0,0.0199856832348002,0.0040954978699407,-0.0155672571091568,0.0045393202293533,0.0202622421540063,-0.0038196105831523,2023,12,8,4
43725.984375,17368210171,4604.3701171875,1998.300048828125,104.01000213623048,73.0,530377412.4331516,31.0,-0.0100263491847279,0.0,0.0,0.0,0.0209375578258508,0.0003100809265657,2023,12,9,5
43779.69921875,13000481418,4604.3701171875,1998.300048828125,104.01000213623048,74.0,469318617.5512489,25.0,0.0012276882664226,0.0,0.0,0.0,0.0204145054171603,-0.0174414636207225,2023,12,10,6
41243.83203125,40632672038,4622.43994140625,1978.0,104.0999984741211,74.0,528635575.20314026,25.0,-0.0596686466968369,0.0039244942866989,-0.0101586590262207,0.0008652661863495,0.0273481153731064,0.0574463738469985,2023,12,11,0
41450.22265625,24779520132,4643.7001953125,1977.800048828125,103.87000274658205,67.0,481794448.2864064,25.0,0.0049916781642923,0.0045993575202152,-0.0001010875489761,-0.0022093730154687,0.0272601808386153,0.0258184303706903,2023,12,12,1
42890.7421875,26797884674,4707.08984375,1982.300048828125,102.87000274658205,65.0,498523422.18524,25.0,0.0341627495710368,0.0136506763510459,0.002275255278038,-0.0096274186344228,0.0281697456108273,0.0128725513500418,2023,12,13,2
43023.97265625,25578530178,4719.5498046875,2030.199951171875,101.95999908447266,72.0,488486037.84593976,25.0,0.0031014611592039,0.0026470624846992,0.0241638002138309,-0.008846151820868,0.0279802287860947,-0.0092068947390068,2023,12,14,3
41929.7578125,19639442462,4719.18994140625,2021.0999755859373,102.5500030517578,70.0,545364549.1019738,25.0,-0.0257616788095846,-7.62494933082003e-05,-0.0044823050954585,0.0057866219358861,0.0290548718844314,0.0040459220396313,2023,12,15,4
42240.1171875,14386729590,4719.18994140625,2021.0999755859373,102.5500030517578,67.0,508560806.52454,25.0,0.0073746285491585,0.0,0.0,0.0,0.0287727057888706,-0.001970042918693,2023,12,16,5
41364.6640625,16678702876,4719.18994140625,2021.0999755859373,102.5500030517578,73.0,501869216.9650066,24.0,-0.0209434224084723,0.0,0.0,0.0,0.029482741943405,0.0217703553965615,2023,12,17,6
42623.5390625,25224642008,4740.56005859375,2026.300048828125,102.51000213623048,65.0,562093523.0008074,24.0,0.0299796695117895,0.0045283443669004,0.0025728926351997,-0.0003900625483858,0.0274608467098375,0.0362192582480374,2023,12,18,0
42270.52734375,23171001281,4768.3701171875,2038.4000244140625,102.16999816894533,73.0,542018754.3222071,24.0,-0.0083165707186152,0.0058664078189105,0.0059714629099156,-0.0033167882177322,0.0236854829126819,0.0635771913701321,2023,12,19,1
43652.25,27868908174,4698.35009765625,2034.5,102.41000366210938,74.0,485140243.06617314,24.0,0.0321647372447505,-0.0146842669110067,-0.0019132772602784,0.0023490799399565,0.0254314159348055,-0.018419994816991,2023,12,20,2
43869.15234375,22452766169,4746.75,2039.0999755859373,101.83999633789062,70.0,488486037.84593976,24.0,0.0049565656400486,0.0103014678212025,0.0022609857881237,-0.0055659340282754,0.0252731852831772,0.0070840103956162,2023,12,21,3
43997.90234375,21028503216,4754.6298828125,2057.10009765625,101.6999969482422,74.0,562093523.0008074,24.0,0.0029305657871948,0.0016600585268868,0.0088274838339597,-0.0013746994764605,0.0246924922876943,0.0037453845233921,2023,12,22,4
43739.54296875,13507796558,4754.6298828125,2057.10009765625,101.6999969482422,70.0,560327733.6667341,24.0,-0.0058893923989777,0.0,0.0,0.0,0.0245889235582379,0.0057077035287809,2023,12,23,5
43016.1171875,18830554085,4754.6298828125,2057.10009765625,101.6999969482422,71.0,612085087.5512694,23.0,-0.0166777025964807,0.0,0.0,0.0,0.0249928621578829,0.021549608131981,2023,12,24,6
43613.140625,21115795370,4754.6298828125,2057.10009765625,101.6999969482422,73.0,497542848.9451839,23.0,0.0137836316469731,0.0,0.0,0.0,0.0190705973573894,0.0769805437796307,2023,12,25,0
42520.40234375,30026850982,4774.75,2058.199951171875,101.47000122070312,71.0,497542848.9451839,23.0,-0.0253744795398311,0.0042316894655107,0.0005346621279529,-0.0022615116464174,0.0205997577578241,0.0851197995668071,2023,12,26,1
43442.85546875,25260941032,4781.580078125,2081.89990234375,100.98999786376952,73.0,461748399.3807821,23.0,0.0214623912043401,0.0014304577464787,0.0115148924954453,-0.0047304952316848,0.0192552892553637,0.0733129035979467,2023,12,27,2
42627.85546875,22992093014,4783.35009765625,2073.89990234375,101.2300033569336,73.0,433112839.72926086,23.0,-0.0189384832630336,0.0003701746080437,-0.0038426439191403,0.0023765273615294,0.0199529940832557,0.0877531939530076,2023,12,28,3
42099.40234375,26000021055,4769.830078125,2062.39990234375,101.33000183105467,65.0,540496188.4224659,23.0,-0.012474379352009,-0.0028264750133749,-0.0055451085112659,0.0009878343455991,0.0189791901461795,0.017904425788408,2023,12,29,4
42156.90234375,16013925945,4769.830078125,2062.39990234375,101.33000183105467,68.0,519019518.6838249,23.0,0.0013648832366832,0.0,0.0,0.0,0.0188775248189369,0.0162602191015019,2023,12,30,5
42265.1875,16397498810,4769.830078125,2062.39990234375,101.33000183105467,67.0,558393413.2046669,30.0,0.0025653289520551,0.0,0.0,0.0,0.0179097585878067,-0.0110946619780167,2023,12,31,6
44167.33203125,18426978443,4769.830078125,2062.39990234375,101.33000183105467,65.0,554813968.2482265,30.0,0.0440216648373266,0.0,0.0,0.0,0.0200091727870648,-0.037479358727821,2024,1,1,0
44957.96875,39335274536,4742.830078125,2064.39990234375,102.1999969482422,71.0,468907289.29366255,30.0,0.017742604013605,-0.0056605790054923,0.0009697440335054,0.0085857604013273,0.020124183560467,-0.0401046463537123,2024,1,2,1
42848.17578125,46342323118,4704.81005859375,2034.199951171875,102.45999908447266,70.0,565552303.117547,30.0,-0.0480649535787553,-0.0080163149227308,-0.0146289249178845,0.0025440522895723,0.0226648387317233,-0.0024627288227793,2024,1,3,2
44179.921875,30448091210,4688.68017578125,2042.300048828125,102.41999816894533,68.0,608505642.5948291,30.0,0.0306073577182859,-0.003428381297357,0.0039819574528963,-0.0003904051911455,0.024222483927718,-0.0660450077187919,2024,1,4,3
44162.69140625,32336029347,4697.240234375,2042.4000244140625,102.41000366210938,72.0,493963403.98874366,30.0,-0.0003900828451526,0.0018256861788026,4.895244750890981e-05,-9.758354827782424e-05,0.0242159975506207,-0.0576116417553738,2024,1,5,4
43989.1953125,16092503468,4697.240234375,2042.4000244140625,102.41000366210938,70.0,509059003.5142141,30.0,-0.0039363041275099,0.0,0.0,0.0,0.0241819617760969,-0.0528222750721635,2024,1,6,5
43943.09765625,19330573863,4697.240234375,2042.4000244140625,102.41000366210938,71.0,429363547.6531167,43.0,-0.0010484808007761,0.0,0.0,0.0,0.0236827821314164,-0.054554927346116,2024,1,7,6
46970.50390625,42746192015,4763.5400390625,2026.5999755859373,102.20999908447266,71.0,447556918.3163843,43.0,0.0666242663558736,0.0141146293098466,-0.0077360206811875,-0.0019529789130426,0.0296550949656218,-0.1588898584874866,2024,1,8,0
46139.73046875,39821290992,4756.5,2026.4000244140625,102.56999969482422,76.0,553078468.1633366,43.0,-0.0178454171064382,-0.0014779006799081,-9.866336439545707e-05,0.0035221662613853,0.029127706018178,-0.1364156145594085,2024,1,9,1
46627.77734375,50114613298,4783.4501953125,2021.699951171875,102.36000061035156,73.0,483943659.64291966,43.0,0.0105220327519483,0.0056659718937244,-0.0023194202455394,-0.0020473733557323,0.0288239595795242,-0.1404892855326731,2024,1,10,2
46368.5859375,45833734549,4780.240234375,2014.300048828125,102.29000091552734,76.0,629490624.9490609,43.0,-0.0055742411475225,-0.0006710555783868,-0.0036602376823824,-0.0006838578976828,0.0281798651425923,-0.1387745003141438,2024,1,11,3
42853.16796875,43332698900,4783.830078125,2046.699951171875,102.4000015258789,71.0,611297254.2857933,43.0,-0.0788426288329936,0.0007509755941104,0.0160849434336256,0.0010753798940954,0.0355621889957984,-0.0241825032808706,2024,1,12,4
42842.3828125,20601860469,4783.830078125,2046.699951171875,102.4000015258789,64.0,578549187.0919114,43.0,-0.0002517086641866,0.0,0.0,0.0,0.035566544513741,-0.0168601295628507,2024,1,13,5
41796.26953125,17521429522,4783.830078125,2046.699951171875,102.4000015258789,60.0,465750288.9796519,25.0,-0.0247207753553582,0.0,0.0,0.0,0.0362432796630256,0.0057259707967731,2024,1,14,6
42511.96875,22320220558,4783.830078125,2046.699951171875,102.4000015258789,52.0,414808851.1225025,25.0,0.0169785640464198,0.0,0.0,0.0,0.0342821937221182,0.0182602068682129,2024,1,15,0
43154.9453125,24062872740,4765.97998046875,2026.0,103.36000061035156,64.0,454834266.5816914,25.0,0.0150113645058064,-0.0037313402367431,-0.0101138181783914,0.009374990919605,0.034164959009813,-0.0046885921424488,2024,1,16,1
42742.65234375,20851232595,4739.2099609375,2002.5999755859373,103.4499969482422,60.0,440279570.0510773,25.0,-0.0095997128258615,-0.0056168971839904,-0.0115498639753516,0.0008707075982894,0.0317935905623593,-0.0037444301236351,2024,1,17,2
41262.05859375,25218357242,4780.93994140625,2018.5999755859373,103.54000091552734,63.0,516691726.83680135,25.0,-0.0352539060043804,0.008805260963896,0.0079896135998496,0.0008700238756911,0.0317504447705365,0.0439559950609136,2024,1,18,3
41618.40625,25752407154,4839.81005859375,2026.5,103.29000091552734,51.0,480304985.51026607,25.0,0.008599127738074,0.0123135027649361,0.003913615629451,-0.0024145257657856,0.0319292302816486,0.037662497587831,2024,1,19,4
41665.5859375,11586690904,4839.81005859375,2026.5,103.29000091552734,52.0,513378340.1866717,25.0,0.0011329834535463,0.0,0.0,0.0,0.0319557436515164,0.0318407633697999,2024,1,20,5
41545.78515625,9344043642,4839.81005859375,2026.5,103.29000091552734,56.0,489551347.763542,24.0,-0.0028794349245567,0.0,0.0,0.0,0.0319491658119899,0.0249795947073074,2024,1,21,6
39507.3671875,31338708143,4850.43017578125,2019.800048828125,103.33000183105467,55.0,559487254.5869052,24.0,-0.0503089102812547,0.002194325202627,-0.0033061688486922,0.000387268033428,0.0264661062186408,0.0797648895785458,2024,1,22,0
39845.55078125,29244553045,4864.60009765625,2023.699951171875,103.62000274658205,50.0,538506482.5398962,24.0,0.0085235842579221,0.002921374261968,0.0019308358498222,0.0028065509570154,0.0269534190494178,0.0812919141595658,2024,1,23,1
40077.07421875,22359526178,4868.5498046875,2013.9000244140625,103.23999786376952,48.0,524519301.1752236,24.0,0.0057937057279857,0.0008119284117831,-0.004842578936733,-0.0036672927305537,0.0267014057577538,0.1058248018393464,2024,1,24,2
39933.80859375,18491782013,4894.16015625,2016.9000244140625,103.56999969482422,52.0,632919956.7514365,24.0,-0.0035811572894929,0.0052603655277063,0.0014896469356133,0.0031964532921644,0.0267343973538094,0.134416375535493,2024,1,25,3
41816.87109375,25598119893,4890.97021484375,2016.800048828125,103.47000122070312,49.0,531512891.8575599,24.0,0.0460765744948169,-0.0006517852510764,-4.956893486407488e-05,-0.00096551582906,0.023555592722297,0.1274683634997424,2024,1,26,4
42120.0546875,11422941934,4890.97021484375,2016.800048828125,103.47000122070312,55.0,597952003.3397549,24.0,0.0072241128553969,0.0,0.0,0.0,0.0236709309818559,0.1341694045313555,2024,1,27,5
42035.59375,16858971687,4890.97021484375,2016.800048828125,103.47000122070312,54.0,559487254.5869052,20.0,-0.0020072560173076,0.0,0.0,0.0,0.0226998336426967,0.1488815468141211,2024,1,28,6
43288.24609375,20668476578,4927.93017578125,2025.199951171875,103.61000061035156,55.0,545500073.2222326,20.0,0.0293644157369146,0.0075567748961808,0.0041649653611575,0.0013530432782136,0.0236408448306185,0.1540828553796043,2024,1,29,0
42952.609375,23842814518,4924.97021484375,2031.5,103.4000015258789,61.0,503538529.1282147,20.0,-0.0077837449899358,-0.0006006499345398,0.0031108280564986,-0.0020268225387084,0.023420320137385,0.1580772886687982,2024,1,30,1
42582.60546875,24673628793,4845.64990234375,2048.39990234375,103.2699966430664,60.0,458080189.69302857,20.0,-0.0086515528090469,-0.0161057446115979,0.0083189280550086,-0.0012573005889169,0.0233924148341685,0.2170860552563871,2024,1,31,2
43075.7734375,21423953779,4906.18994140625,2053.0,103.0500030517578,63.0,535009687.19872814,20.0,0.0115148902942397,0.0124936882116097,0.0022457029269462,-0.0021302759606834,0.0212973237128804,0.2057486271920174,2024,2,1,3
43185.859375,18603843039,4958.60986328125,2036.0999755859373,103.91999816894533,63.0,676117474.0216229,20.0,0.0025523745302443,0.0106844460775146,-0.0082318677126461,0.0084424560060472,0.0212418059805167,0.2078074601242088,2024,2,2,4
42992.25,11169245236,4958.60986328125,2036.0999755859373,103.91999816894533,60.0,566738184.6284933,20.0,-0.0044932454921507,0.0,0.0,0.0,0.021329663388404,0.2016816075862511,2024,2,3,5
42583.58203125,14802225490,4958.60986328125,2036.0999755859373,103.91999816894533,60.0,581751116.6716322,21.0,-0.0095510862287458,0.0,0.0,0.0,0.0215297406166585,0.2240056939491332,2024,2,4,6
42658.66796875,18715487317,4942.81005859375,2025.699951171875,104.4499969482422,60.0,585504349.682417,21.0,0.0017617075316479,-0.0031863375266721,-0.0051078161872034,0.0051000653255905,0.015777140319982,0.213801250643393,2024,2,5,0
43084.671875,16798476726,4954.22998046875,2034.5,104.18000030517578,64.0,638049611.833403,21.0,0.0099368047086992,0.0023104108269635,0.0043442015304557,-0.0025849368210149,0.0158022410514525,0.2135377322053702,2024,2,6,1
44318.22265625,21126587775,4995.06005859375,2035.199951171875,104.04000091552734,62.0,600517281.7255559,21.0,0.0282286462102806,0.00824145796339,0.0003440408807446,-0.0013438221274556,0.0169486004771091,0.169703489455919,2024,2,7,2
45301.56640625,26154524080,4997.91015625,2032.199951171875,104.1500015258789,66.0,517946155.488292,21.0,0.0219456712821148,0.0005705832608251,-0.0014740566391389,0.0010572915165665,0.0170703309882356,0.1325209419065858,2024,2,8,3
47147.19921875,39316770844,5026.60986328125,2023.300048828125,104.08000183105467,72.0,623036679.7902641,21.0,0.0399329954084116,0.0057423415255595,-0.0043794422584342,-0.0006721045972027,0.0160270638348944,0.0760331485093683,2024,2,9,4
47771.27734375,16398681570,5026.60986328125,2023.300048828125,104.08000183105467,74.0,570491417.639278,21.0,0.0131499606950641,0.0,0.0,0.0,0.0160645392019707,0.0795420267163347,2024,2,10,5
48293.91796875,19315867136,5026.60986328125,2023.300048828125,104.08000183105467,71.0,514192922.4775072,30.0,0.0108810642585838,0.0,0.0,0.0,0.0157422948355923,0.071216427599134,2024,2,11,6
49958.22265625,34511985805,5021.83984375,2018.199951171875,104.16999816894533,70.0,671828708.9304657,30.0,0.0338814785316512,-0.0009489536011326,-0.0025206828118271,0.000864684245843,0.016233279081664,0.0913599292533879,2024,2,12,0
49742.44140625,35593051468,4953.169921875,1992.9000244140625,104.95999908447266,79.0,506686456.4559378,30.0,-0.0043285887601175,-0.0136742556536254,-0.0125358871122368,0.0075837662418511,0.0159613734023778,0.1476190046147871,2024,2,13,1
51826.6953125,39105608050,5000.6201171875,1990.300048828125,104.72000122070312,74.0,521699388.4990767,30.0,0.0410468495104089,0.0095797632750176,-0.0013046191751149,-0.0022865650329929,0.0169495384253747,0.206034625314506,2024,2,14,2
51938.5546875,38564360533,5029.72998046875,2002.0999755859373,104.3000030517578,72.0,605343973.9976323,30.0,0.0021560092291083,0.0058212506847294,0.0059287175141056,-0.0040106776551706,0.0172486670340646,0.1782842857432949,2024,2,15,3
52160.203125,28180567298,5005.56982421875,2011.5,104.27999877929688,72.0,544386616.4219546,30.0,0.0042584326097615,-0.0048034698371121,0.0046950824277951,-0.0001917955117509,0.017170318586158,0.1970933599101085,2024,2,16,4
51662.99609375,20009091006,5005.56982421875,2011.5,104.27999877929688,76.0,609388003.457412,30.0,-0.0095780294977882,0.0,0.0,0.0,0.0176288017602402,0.2006629956901424,2024,2,17,5
52122.546875,17595377311,5005.56982421875,2011.5,104.27999877929688,72.0,491572989.4556458,24.0,0.0088558342807137,0.0,0.0,0.0,0.0164394058824264,0.2119010846733493,2024,2,18,6
51779.14453125,21362184346,5005.56982421875,2011.5,104.27999877929688,75.0,552511789.8013868,24.0,-0.0066101636940465,0.0,0.0,0.0,0.0170825654887832,0.3196512742936666,2024,2,19,0
52284.875,33353758256,4975.509765625,2027.5,104.08000183105467,72.0,572824723.2499672,24.0,0.0097196793373194,-0.0060053220011653,0.0079542629878199,-0.0019178840677345,0.0170866967538277,0.2202611026372349,2024,2,20,1
51839.1796875,28624907020,4981.7998046875,2022.300048828125,104.01000213623048,78.0,560636963.180819,24.0,-0.0085609043152299,0.0012641999229821,-0.0025647108122688,-0.0006725566256027,0.0175281487727831,0.2752286028831656,2024,2,21,2
51304.97265625,25413900611,5087.02978515625,2019.699951171875,103.95999908447266,74.0,548449203.1116709,24.0,-0.0103585476400142,0.021122884217414,-0.0012857130957182,-0.0004807523385329,0.0181306066422003,0.3044638932644885,2024,2,22,3
50731.94921875,21427078270,5088.7998046875,2038.5999755859373,103.94000244140624,76.0,645951283.6648567,24.0,-0.0112318061155125,0.0003479475462115,0.0093578377338159,-0.0001923493963303,0.0163808552176156,0.346293505410137,2024,2,23,4
51571.1015625,15174077879,5088.7998046875,2038.5999755859373,103.94000244140624,72.0,556574376.491103,24.0,0.0164055941302177,0.0,0.0,0.0,0.01652606213241,0.3282416069682921,2024,2,24,5
51733.23828125,15413239245,5088.7998046875,2038.5999755859373,103.94000244140624,74.0,666264217.113437,44.0,0.0031390133682369,0.0,0.0,0.0,0.0164637454581461,0.3341478584284809,2024,2,25,6
54522.40234375,34074411896,5069.52978515625,2028.5,103.83000183105467,72.0,540324029.7322387,44.0,0.0525111876569454,-0.0037867513501905,-0.004954368540613,-0.0010583087143333,0.0196495296939663,0.3228306741745705,2024,2,26,0
57085.37109375,49756832031,5078.18017578125,2034.0,103.83000183105467,79.0,524073682.9733743,44.0,0.0459362164404731,0.0017063496993998,0.0027113630761645,0.0,0.0221206879954899,0.2521822612856088,2024,2,27,1
62504.7890625,83239156760,5069.759765625,2033.0,103.9800033569336,82.0,605325416.7676959,44.0,0.0906952929770428,-0.0016581550604305,-0.0004916420845624,0.0014446838412174,0.0308164182219878,0.1692464064941023,2024,2,28,2
61198.3828125,65496611844,5096.27001953125,2045.699951171875,104.16000366210938,80.0,540324029.7322387,44.0,-0.0211224142700197,0.0052290946971491,0.0062469017077595,0.0017311050140851,0.0320821466872857,0.1666418370685602,2024,2,29,3
62440.6328125,40186368423,5137.080078125,2086.89990234375,103.86000061035156,80.0,608054004.3789,44.0,0.0200954657884248,0.0080078289488876,0.0201397820576147,-0.0028802135292833,0.0320615379827822,0.1115161764280845,2024,3,1,4
62029.84765625,23888473685,5137.080078125,2086.89990234375,103.86000061035156,80.0,500960510.1218159,44.0,-0.0066005473120911,0.0,0.0,0.0,0.0319084475160766,0.0529627212605121,2024,3,2,5
63167.37109375,26253811450,5137.080078125,2086.89990234375,103.86000061035156,83.0,611408496.6053661,52.0,0.0181722046590126,0.0,0.0,0.0,0.0319010906256107,0.0826891133160805,2024,3,3,6
68330.4140625,70670471105,5130.9501953125,2117.699951171875,103.83000183105467,82.0,508849652.0134983,52.0,0.0785670808490068,-0.0011932620709189,0.0147587571370979,-0.0002888386204562,0.0359357619785101,-0.0114417616697725,2024,3,4,0
63801.19921875,102802940877,5078.64990234375,2133.5,103.8000030517578,90.0,658743347.9554589,52.0,-0.0685829818149203,-0.0101931008834446,0.0074609478171738,-0.000288922072309,0.0427912223547773,-0.0295985938254124,2024,3,5,1
66106.8046875,68750229073,5104.759765625,2150.300048828125,103.37000274658205,75.0,552239932.41775,52.0,0.0354997002008663,0.0051411032032746,0.007874407700082,-0.0041425847064895,0.0425543378932369,0.0273325446002332,2024,3,6,2
66925.484375,46989543159,5157.35986328125,2158.0,102.81999969482422,82.0,710022770.2513928,52.0,0.0123081400525153,0.0103041279259514,0.0035808729000732,-0.0053207220387347,0.0418047785854673,-0.0214282162227533,2024,3,7,3
68300.09375,59202881172,5123.68994140625,2178.60009765625,102.73999786376952,81.0,607463925.659525,52.0,0.0203313122369879,-0.0065285190034379,0.009545921064064,-0.0007780765540958,0.0408360054400046,-0.066198035507821,2024,3,8,4
68498.8828125,21609650379,5123.68994140625,2178.60009765625,102.73999786376952,84.0,642965064.1720946,52.0,0.0029062966320191,0.0,0.0,0.0,0.0411433912049995,-0.0647701028883112,2024,3,9,5
69019.7890625,35683977532,5123.68994140625,2178.60009765625,102.73999786376952,79.0,564073645.2552733,48.0,0.0075758256572068,0.0,0.0,0.0,0.0410093954688646,-0.0258710901866573,2024,3,10,6
72123.90625,65716656765,5117.93994140625,2182.5,102.87000274658205,82.0,670577060.7929822,48.0,0.0439922985827462,-0.0011222380873464,0.0017900955517011,0.0012653775113455,0.0405339290047813,-0.030019086077995,2024,3,11,0
71481.2890625,62554434520,5175.27001953125,2160.39990234375,102.95999908447266,81.0,556184503.3635911,48.0,-0.0089498360493478,0.0112017879813663,-0.0101260470360824,0.0008748550159207,0.0405222524309862,-0.0208929237928851,2024,3,12,1
73083.5,48212536929,5165.31005859375,2175.39990234375,102.79000091552734,81.0,631131351.3345715,48.0,0.0221668990640754,-0.0019245297153407,0.0069431589881701,-0.0016511088816719,0.0338753185351695,-0.0496439859886294,2024,3,13,2
71396.59375,59594605698,5150.47998046875,2163.0,103.36000061035156,88.0,579720256.0482558,48.0,-0.0233524614583823,-0.0028710915621273,-0.0057000564955392,0.0055452834881541,0.0340416886126955,-0.0091270548183539,2024,3,14,3
69403.7734375,78320453976,5117.08984375,2157.300048828125,103.43000030517578,83.0,529980321.6844611,48.0,-0.0283089232920005,-0.0064829174844615,-0.0026352062745608,0.000677241625492,0.0355018490220087,0.0070465143792275,2024,3,15,4
65315.1171875,46842198371,5117.08984375,2157.300048828125,103.43000030517578,81.0,600922569.4689952,48.0,-0.0607177252062967,0.0,0.0,0.0,0.0396822825532624,0.0662968648983564,2024,3,16,5
68390.625,44716864318,5117.08984375,2157.300048828125,103.43000030517578,79.0,609268716.2671757,39.0,0.0460122407046103,0.0,0.0,0.0,0.0411735318684162,0.0430325565455791,2024,3,17,6
67548.59375,49261579492,5149.419921875,2160.699951171875,103.58000183105467,77.0,600922569.4689952,39.0,-0.0123885075543686,0.0063180595049523,0.0015759988257531,0.0014502709604207,0.0351872586083861,0.0318815621161616,2024,3,18,0
61912.7734375,74215844794,5178.509765625,2156.300048828125,103.80999755859376,79.0,655172523.6571684,39.0,-0.0871207318570082,0.0056491496501236,-0.0020363319494517,0.0022204646019816,0.037860282371009,0.0570835228746087,2024,3,19,1
67913.671875,66792634382,5224.6201171875,2157.89990234375,103.41000366210938,74.0,621787936.4644464,39.0,0.092510852968774,0.0089041739128465,0.0007419438294287,-0.0038531346295292,0.0452658192017779,-0.0284605341109749,2024,3,20,2
65491.390625,44480350565,5241.52978515625,2182.39990234375,104.0,78.0,500768807.8908293,39.0,-0.0363186742262133,0.003236535401516,0.011353631358614,0.0057054087321999,0.046299418175004,0.0460740426520756,2024,3,21,3
63778.76171875,41401116964,5234.18017578125,2158.10009765625,104.43000030517578,75.0,563364908.877183,39.0,-0.0264984466521593,-0.0014021878490156,-0.0111344417956597,0.0041346183189978,0.0463446106098612,0.0636399766453406,2024,3,22,4
64062.203125,24738964812,5234.18017578125,2158.10009765625,104.43000030517578,73.0,650999450.2580782,39.0,0.0044342886654,0.0,0.0,0.0,0.046363730218315,0.0754564472371945,2024,3,23,5
67234.171875,27206630673,5234.18017578125,2158.10009765625,104.43000030517578,74.0,709422477.8453414,34.0,0.0483270931506797,0.0,0.0,0.0,0.0484608998395736,0.031656265752139,2024,3,24,6
69958.8125,42700139523,5218.18994140625,2174.800048828125,104.2300033569336,75.0,550845688.6799122,34.0,0.0397250476948794,-0.0030549644525015,0.0077382653334807,-0.0019151292507683,0.0481512872415694,0.0239075938431629,2024,3,25,0
69987.8359375,36010437368,5203.580078125,2175.60009765625,104.29000091552734,81.0,559191835.4780927,34.0,0.000414778606564,-0.0027997952250302,0.0003678723607516,0.0005756265629992,0.0480994842376699,-0.0121281119944615,2024,3,26,1
69455.34375,40827113309,5248.490234375,2190.60009765625,104.3499984741211,83.0,567537982.2762733,34.0,-0.0076374445429517,0.0086306265255329,0.0068946494423121,0.0005752954076809,0.0476695609931701,0.0163060032727864,2024,3,27,2
70744.953125,34374900617,5254.35009765625,2217.39990234375,104.5500030517578,80.0,630675249.3060845,34.0,0.0183971899718808,0.001116485507179,0.0122340014118385,0.0019166706330744,0.0475914438468797,-0.009673393221292,2024,3,28,3
69892.828125,25230851763,5254.35009765625,2217.39990234375,104.5500030517578,79.0,595046224.9834774,34.0,-0.0121181580122044,0.0,0.0,0.0,0.0470514330579791,-0.0385870912631638,2024,3,29,4
69645.3046875,17130241883,5254.35009765625,2217.39990234375,104.5500030517578,75.0,640501144.9474928,34.0,-0.003547757048682,0.0,0.0,0.0,0.0437950153918709,-0.0836213160008655,2024,3,30,5
71333.6484375,20050941373,5254.35009765625,2217.39990234375,104.5500030517578,75.0,566120366.8245583,31.0,0.0239528586963024,0.0,0.0,0.0,0.0425328968253759,-0.0784331377624975,2024,3,31,6
69702.1484375,34873527352,5243.77001953125,2236.5,105.0199966430664,79.0,619839817.691122,31.0,-0.0231370023332579,-0.0020135845401164,0.0086137361312506,0.0044953952901936,0.0429332501558472,-0.0900393695271453,2024,4,1,0
65446.97265625,50705240709,5205.81005859375,2261.0,104.81999969482422,79.0,611575286.7885739,31.0,-0.0629909043698857,-0.0072390590731691,0.0109546165884193,-0.0019043701641119,0.0397625797820699,-0.024983728179272,2024,4,2,1
65980.8125,34488018367,5211.490234375,2294.39990234375,104.25,71.0,586781694.0809289,31.0,0.0081237430733199,0.0010911223646881,0.0147721814877266,-0.0054378906361737,0.0297375697310222,-0.0712952889713203,2024,4,3,2
68508.84375,34439527442,5147.2099609375,2288.800048828125,104.12000274658205,70.0,570252632.2758324,31.0,0.0375988627118614,-0.0123343363503796,-0.0024406615036484,-0.0012469760519708,0.0298005199790154,-0.072926202958286,2024,4,4,3
67837.640625,33748230056,5204.33984375,2325.699951171875,104.3000030517578,79.0,611575286.7885739,31.0,-0.0098456304182885,0.0110991941743316,0.0161219423088718,0.001728777376369,0.0288484369507257,-0.0588769048525558,2024,4,5,4
68896.109375,19967785809,5204.33984375,2325.699951171875,104.3000030517578,75.0,640501144.9474928,31.0,0.015482496362565,0.0,0.0,0.0,0.0289915062701957,-0.0566311799627654,2024,4,6,5
69362.5546875,21204930369,5204.33984375,2325.699951171875,104.3000030517578,78.0,702485126.7166051,32.0,0.0067474553636263,0.0,0.0,0.0,0.0261198315934433,-0.0639525198608264,2024,4,7,6
71631.359375,37261432669,5202.39013671875,2331.699951171875,104.13999938964844,76.0,652897941.3013152,32.0,0.0321857940970219,-0.0003746309983179,0.0025798684808746,-0.0015340714997867,0.0253169505045607,-0.0669215233289715,2024,4,8,0
69139.015625,36426900409,5209.91015625,2343.5,104.1500015258789,80.0,603310755.8860255,32.0,-0.0354137612037884,0.0014454931932483,0.0050607063838528,9.604509591976118e-05,0.0271667141758401,-0.0395108631907138,2024,4,9,1
70587.8828125,38318601774,5160.64013671875,2329.60009765625,105.25,78.0,626404079.729565,32.0,0.0207393012425347,-0.0094569806491084,-0.0059312576674844,0.0105616750648609,0.0276618812502519,-0.0894060584273881,2024,4,10,2
70060.609375,30153382941,5199.06005859375,2354.800048828125,105.27999877929688,76.0,566860609.5352726,32.0,-0.007497782584512,0.0074447977105855,0.0108172862789746,0.0002850240313241,0.0273001779550057,-0.0796296577137786,2024,4,11,3
67195.8671875,44129299406,5123.41015625,2356.199951171875,106.04000091552734,79.0,584038203.763614,32.0,-0.0417489701814346,-0.0145506882958016,0.0005944888375752,0.0072188653594467,0.0292686414410771,-0.0512017631292661,2024,4,12,4
63821.47265625,52869738185,5123.41015625,2356.199951171875,106.04000091552734,72.0,704281363.3620051,32.0,-0.0515220497152343,0.0,0.0,0.0,0.0319442678304102,-0.0063040229957871,2024,4,13,5
65738.7265625,49084320047,5123.41015625,2356.199951171875,106.04000091552734,72.0,674220573.4624075,43.0,0.0295985014949586,0.0,0.0,0.0,0.0323972918107981,-0.039938347318819,2024,4,14,6
63426.2109375,43595917654,5061.81982421875,2365.800048828125,106.20999908447266,74.0,605510196.549041,43.0,-0.0358109994965086,-0.012021354947762,0.004074398546471,0.0016031513341907,0.033069965201472,0.0065416197833234,2024,4,15,0
63811.86328125,42847528078,5051.41015625,2390.800048828125,106.26000213623048,65.0,708575761.9190906,43.0,0.0060619201772289,-0.0020565070133361,0.0105672497607662,0.0004707942019475,0.0291391004109066,-0.0497557609077514,2024,4,16,1
61276.69140625,41915247049,5022.2099609375,2371.699951171875,105.9499969482422,67.0,588332602.3206996,43.0,-0.0405395853499448,-0.0057806027246414,-0.0079889983545935,-0.0029174212474684,0.03069869948682,-0.049328376224825,2024,4,17,2
63512.75390625,36006307335,5011.1201171875,2382.300048828125,106.1500015258789,57.0,622687790.7773827,43.0,0.0358412020861476,-0.0022081601199982,0.0044694092315566,0.0018877261292835,0.0305048350379218,-0.0691092740046982,2024,4,18,3
63843.5703125,49920425401,4967.22998046875,2398.39990234375,106.1500015258789,66.0,648454182.1198951,43.0,0.0051951428769122,-0.0087585481274361,0.0067581132458711,0.0,0.0305852731871278,-0.0149386127738734,2024,4,19,4
64994.44140625,23097485495,4967.22998046875,2398.39990234375,106.1500015258789,66.0,558271812.4211017,43.0,0.0178658718865042,0.0,0.0,0.0,0.0307106664458703,-0.016970201237762,2024,4,20,5
64926.64453125,20506644853,4967.22998046875,2398.39990234375,106.1500015258789,72.0,601215797.9919556,26.0,-0.0010436624765665,0.0,0.0,0.0,0.0305761860406008,-0.0137926690223298,2024,4,21,6
66837.6796875,28282686673,5010.60009765625,2332.199951171875,106.08000183105467,73.0,652748580.6769805,26.0,0.0290089017592759,0.0087312480714667,-0.0276017152549011,-0.0006594412983325,0.0302825568397327,-0.0549948844115459,2024,4,22,0
66407.2734375,24310975583,5070.5498046875,2327.699951171875,105.69000244140624,71.0,721458957.5903468,26.0,-0.0064603984899146,0.0119645762708726,-0.0019295086588689,-0.0036764647710844,0.0290230335369117,-0.0613254666310436,2024,4,23,1
64276.8984375,30276655120,5071.6298828125,2324.5,105.86000061035156,72.0,671772263.1512126,26.0,-0.0326063013162719,0.0002130100613548,-0.0013747266567858,0.0016084602613153,0.0291894881146832,-0.0480570330295816,2024,4,24,2
64481.70703125,32155786816,5048.419921875,2329.800048828125,105.5999984741211,72.0,630674365.8262494,26.0,0.0031812827691917,-0.0045764303535156,0.0022800812338674,-0.0024560942256884,0.0292945119523529,-0.022203911150431,2024,4,25,3
63755.3203125,24139372950,5099.9599609375,2334.800048828125,105.94000244140624,70.0,578118168.6740619,26.0,-0.011328935219016,0.010209142634743,0.0021461069169927,0.0032197345852091,0.0275608166389666,-0.0464673842783464,2024,4,26,4
63419.140625,19530783039,5099.9599609375,2334.800048828125,105.94000244140624,67.0,613155633.4421867,26.0,-0.0052869179563566,0.0,0.0,0.0,0.0240854267489162,-0.0413980647108461,2024,4,27,5
63113.23046875,17334827993,5099.9599609375,2334.800048828125,105.94000244140624,65.0,613155633.4421867,28.0,-0.0048352962901543,0.0,0.0,0.0,0.0224683371200092,-0.02637855684355,2024,4,28,6
63841.12109375,26635912073,5116.169921875,2345.39990234375,105.58000183105467,67.0,573738485.5780463,28.0,0.0114670917875564,0.0031784486665891,0.0045399405918915,-0.0033981555791512,0.0206659374399848,-0.0147189124956014,2024,4,29,0
60636.85546875,37840840057,5035.68994140625,2291.39990234375,106.22000122070312,67.0,617535316.5382024,28.0,-0.0514946297165421,-0.0157305135868621,-0.0230237922096091,0.0060617482340314,0.0246246858263812,0.0151052290998505,2024,4,30,1
58254.01171875,48439780271,5018.39013671875,2299.89990234375,105.76000213623048,54.0,578118168.6740619,28.0,-0.0400899234806571,-0.003435438815494,0.0037095227207202,-0.0043306258631731,0.0245758333014374,0.1375610062263013,2024,5,1,2
59123.43359375,32711813559,5064.2001953125,2299.199951171875,105.3000030517578,43.0,635054048.9222649,28.0,0.0148143925496977,0.009128437077573,-0.0003043398415564,-0.004349461754739,0.0224742184306309,0.1033118015349112,2024,5,2,3
62889.8359375,33172023048,5127.7900390625,2299.0,105.02999877929688,48.0,564979119.3860149,28.0,0.0617572064982481,0.0125567397214785,-8.696554285025915e-05,-0.0025641430639676,0.0289853029524656,0.0661798365420485,2024,5,3,4
63891.47265625,20620477992,5127.7900390625,2299.0,105.02999877929688,67.0,617535316.5382024,28.0,0.0158013443890475,0.0,0.0,0.0,0.0288862998103066,0.0477267451269447,2024,5,4,5
64031.1328125,18296164805,5127.7900390625,2299.0,105.02999877929688,69.0,608775950.3461711,22.0,0.0021835110569647,0.0,0.0,0.0,0.0288974079310677,0.0350959646705062,2024,5,5,6
63161.94921875,28697928697,5180.740234375,2321.60009765625,105.0500030517578,71.0,534321337.7139056,22.0,-0.0136673647637241,0.0103261239070118,0.0098304035042409,0.0001904624649475,0.0277204552503173,0.1311904745854515,2024,5,6,0
62334.81640625,25930730982,5187.7001953125,2315.199951171875,105.41000366210938,68.0,534321337.7139056,22.0,-0.0131819299956466,0.001343429823275,-0.0027567824841308,0.0034269452631447,0.0278283377038004,0.1251582228606318,2024,5,7,1
61187.94140625,26088172222,5187.669921875,2313.60009765625,105.5500030517578,64.0,556219753.1939834,22.0,-0.0185699862584938,-5.835618166138978e-06,-0.0006910217473075,0.0013281413982035,0.0270000457292645,0.1296725195994181,2024,5,8,2
63049.9609375,25453338161,5214.080078125,2332.10009765625,105.2300033569336,55.0,613867438.0566123,22.0,0.029977308604179,0.0050909476986258,0.0079961960663561,-0.0030317355336058,0.0284374447195483,0.0773926183290905,2024,5,9,3
60792.77734375,27804954694,5222.68017578125,2367.300048828125,105.30999755859376,66.0,599332437.5790136,22.0,-0.0364564546354889,0.0016493988445498,0.0150936708108073,0.0007601843495985,0.0298255883454232,0.1272079440460873,2024,5,10,4
60793.7109375,13842272968,5222.68017578125,2367.300048828125,105.30999755859376,53.0,657199017.7590562,22.0,1.5356866757304103e-05,0.0,0.0,0.0,0.0298278289933574,0.1393603753472134,2024,5,11,5
61448.39453125,13800459405,5222.68017578125,2367.300048828125,105.30999755859376,56.0,545599184.5546882,22.0,0.0107113641527937,0.0,0.0,0.0,0.0300290133405892,0.1150509996669588,2024,5,12,6
62901.44921875,27889181179,5221.419921875,2336.10009765625,105.22000122070312,57.0,607599091.8904481,22.0,0.0233714942378763,-0.0002413040553572,-0.0131795507659959,-0.0008545849394835,0.030602195034383,0.103226643414354,2024,5,13,0
61552.7890625,28186271527,5246.68017578125,2353.39990234375,105.01000213623048,66.0,562132493.1775575,22.0,-0.0216740381115793,0.0048378131397597,0.0074054209855376,-0.0019958095612655,0.0278621370301347,0.109555225526057,2024,5,14,1
66267.4921875,39815167074,5308.14990234375,2388.699951171875,104.3499984741211,64.0,582799128.9561441,22.0,0.0738042976614984,0.0117159278825962,0.0149995964531866,-0.0062851504493176,0.0317734054225166,0.0197774431963069,2024,5,15,2
65231.58203125,31573077994,5297.10009765625,2380.0,104.45999908447266,70.0,586932456.1118613,22.0,-0.0157557243971512,-0.0020816677921287,-0.0036421280821004,0.0010541505698138,0.0324301227341435,0.0480351703680725,2024,5,16,3
67051.875,28031279310,5303.27001953125,2412.199951171875,104.4499969482422,74.0,640665709.1361867,22.0,0.0275228349050477,0.0011647735102702,0.0135293912486869,-9.57508741923352e-05,0.0288762677868514,0.0065552091198046,2024,5,17,4
66940.8046875,16712277406,5303.27001953125,2412.199951171875,104.4499969482422,73.0,529065875.9318188,22.0,-0.0016578568052922,0.0,0.0,0.0,0.028744986211948,0.0114449298313119,2024,5,18,5
66278.3671875,19249094538,5303.27001953125,2412.199951171875,104.4499969482422,72.0,636532381.9804695,23.0,-0.0099451595532183,0.0,0.0,0.0,0.0289747303794565,0.0222279823344508,2024,5,19,6
71448.1953125,43850655717,5308.1298828125,2433.89990234375,104.56999969482422,70.0,644799036.2919042,23.0,0.0751090888252983,0.0009163899374069,0.0089959172585725,0.0011489013890684,0.0347445221273922,-0.0369976323535988,2024,5,20,0
70136.53125,46932005990,5321.41015625,2421.699951171875,104.66000366210938,76.0,570399147.4889922,23.0,-0.0185288571822953,0.0025018742439781,-0.0050125114677587,0.0008607054370071,0.0350337700153669,0.0061484987539928,2024,5,21,1
69122.3359375,32802561717,5307.009765625,2389.199951171875,104.94000244140624,76.0,632399054.8247522,23.0,-0.0145658695101849,-0.0027061230392261,-0.0134203248359785,0.002675317881708,0.0348118411949965,0.0283625306987984,2024,5,22,2
67929.5625,41895680979,5267.83984375,2335.0,105.11000061035156,76.0,706194547.0096976,23.0,-0.0174065965877577,-0.0073807894850155,-0.0226853977396452,0.0016199558318119,0.0349174412813545,0.0416254935029207,2024,5,23,3
68526.1015625,29197308153,5304.72021484375,2332.5,104.72000122070312,74.0,671140034.7624127,23.0,0.0087433946680479,0.0070010425881694,-0.0010706638115631,-0.0037103928016725,0.0327912652800835,0.0119149398022491,2024,5,24,4
69265.9453125,15473071741,5304.72021484375,2332.5,104.72000122070312,76.0,671140034.7624127,23.0,0.0107386583854285,0.0,0.0,0.0,0.0326886347558594,0.0005750029804734,2024,5,25,5
68518.09375,15628433737,5304.72021484375,2332.5,104.72000122070312,75.0,704697036.5005332,19.0,-0.0108555230580381,0.0,0.0,0.0,0.0331465483127226,0.0164905118584097,2024,5,26,6
69394.5546875,25870990717,5304.72021484375,2332.5,104.72000122070312,74.0,515938901.7236049,19.0,0.0127105489937593,0.0,0.0,0.0,0.0328859354348948,0.0016964812733528,2024,5,27,0
68296.21875,32722265965,5306.0400390625,2355.199951171875,104.61000061035156,72.0,562079779.1135205,19.0,-0.0159539990459575,0.000248801852934,0.0097320262258842,-0.0010504259842371,0.0325379600063234,-0.0141177288823182,2024,5,28,1
67578.09375,26707072906,5266.9501953125,2340.300048828125,105.0999984741211,72.0,574663654.7653158,19.0,-0.0105705290938477,-0.0073670465096804,-0.0063263852974929,0.0046840441727427,0.0260858391646672,0.0098122588727209,2024,5,29,2
68364.9921875,29509712534,5235.47998046875,2342.89990234375,104.72000122070312,73.0,515938901.7236049,19.0,0.0115770099062721,-0.0059750355854433,0.0011109060639156,-0.0036155781059458,0.0257071604671048,-0.0235294951192011,2024,5,30,3
67491.4140625,27387283769,5277.509765625,2322.89990234375,104.66999816894533,73.0,620804532.1552316,19.0,-0.0128604927708056,0.0080278762048646,-0.0085364295674743,-0.0004774928492641,0.0250458456185757,-0.0219334612122537,2024,5,31,4
67706.9375,11641495604,5277.509765625,2322.89990234375,104.66999816894533,72.0,591442155.634376,19.0,0.003188258104855,0.0,0.0,0.0,0.0250435700411303,-0.0223896923413498,2024,6,1,5
67751.6015625,17110588415,5277.509765625,2322.89990234375,104.66999816894533,73.0,587247530.4171109,21.0,0.0006594499605225,0.0,0.0,0.0,0.0248453517344187,-0.0164210832193196,2024,6,2,6
68804.78125,32401285324,5283.39990234375,2346.60009765625,104.13999938964844,73.0,658556159.1106174,21.0,0.0154251386581295,0.0011160825806737,0.0102028482969012,-0.0050635214346848,0.012813482590181,-0.0336384235652228,2024,6,3,0
70567.765625,33149696545,5291.33984375,2325.5,104.11000061035156,73.0,562079779.1135205,21.0,0.0253002252489253,0.0015028090913065,-0.0089917739615388,-0.0002880620268167,0.0139933667395964,-0.0769050781640077,2024,6,4,1
71082.8203125,32810771409,5354.02978515625,2354.10009765625,104.2699966430664,75.0,515938901.7236049,21.0,0.0072722178166028,0.0118476497933313,0.0122984724387229,0.0015367979231279,0.0133961306042972,-0.086132252639719,2024,6,5,2
70757.1640625,25223152007,5352.9599609375,2370.300048828125,104.0999984741211,78.0,554910858.050012,21.0,-0.0045918902720176,-0.0001998166356331,0.0068815897794676,-0.001630365152185,0.0123782623069301,-0.0837866792861191,2024,6,6,3
69342.5859375,36188381096,5346.990234375,2305.199951171875,104.88999938964844,77.0,590944002.9609013,21.0,-0.020194557079892,-0.0011152197300303,-0.0274649184977384,0.007588865774323,0.0136642893907251,-0.0756589424495747,2024,6,7,4
69305.7734375,14262185861,5346.990234375,2305.199951171875,104.88999938964844,72.0,715791327.5301057,21.0,-0.000531019638905,0.0,0.0,0.0,0.0133674523766535,-0.0729116069537406,2024,6,8,5
69647.9921875,13534028500,5346.990234375,2305.199951171875,104.88999938964844,75.0,636721355.302943,20.0,0.0049256591265892,0.0,0.0,0.0,0.0130359953214137,-0.0928554450656611,2024,6,9,6
69512.28125,20597699541,5360.7900390625,2307.699951171875,105.1500015258789,72.0,578459270.5039809,20.0,-0.0019504270460231,0.0025808546645145,0.001084504621271,0.0024788076817943,0.0126205506592404,-0.1328523107202729,2024,6,10,0
67332.03125,37116136345,5375.31982421875,2307.5,105.2300033569336,74.0,511874030.7337383,20.0,-0.0318673749178795,0.0027103813151374,-8.664522082846293e-05,0.0007608352819186,0.0146568016075194,-0.0820915472530022,2024,6,11,1
68241.1875,34497940694,5421.02978515625,2336.0,104.6500015258789,72.0,607590312.9034619,20.0,0.013412234174301,0.0085036727919987,0.0123510292524378,-0.0055117534215727,0.014851023895957,-0.1088772107937013,2024,6,12,2
66756.3984375,28955204146,5433.740234375,2300.199951171875,105.1999969482422,70.0,603428735.4178218,20.0,-0.0219981554211618,0.0023446558536817,-0.0153253633682042,0.0052555701322878,0.015637225492829,-0.0771700957036071,2024,6,13,3
66011.09375,27403884779,5431.60009765625,2331.39990234375,105.5500030517578,74.0,532681918.1619392,20.0,-0.0112273344053877,-0.0003938606975009,0.0135640169699071,0.0033270543124428,0.0155541057095785,-0.0862121305367705,2024,6,14,4
66191.0,14121265576,5431.60009765625,2331.39990234375,105.5500030517578,74.0,557651383.07578,20.0,0.0027216870164859,0.0,0.0,0.0,0.0155438128315391,-0.0801260155270353,2024,6,15,5
66639.046875,13281140541,5431.60009765625,2331.39990234375,105.5500030517578,71.0,678337130.1593444,19.0,0.0067461931211994,0.0,0.0,0.0,0.0156942417880721,-0.0594359327149365,2024,6,16,6
66490.296875,30006354476,5473.22998046875,2312.39990234375,105.31999969482422,71.0,582620847.9896209,19.0,-0.0022346697987336,0.0076643865645527,-0.008149610017955,-0.0021790937970964,0.0149482517681169,-0.0547195091201042,2024,6,17,0
65140.74609375,39481285950,5487.02978515625,2330.39990234375,105.26000213623048,74.0,632559777.8173028,19.0,-0.020505771883152,0.0025213273947457,0.007784120723131,-0.0005696691869312,0.0132869175685191,-0.0477693403184487,2024,6,18,1
64960.296875,21103423504,5487.02978515625,2330.39990234375,105.26000213623048,64.0,570136115.5327007,19.0,-0.0027739875153266,0.0,0.0,0.0,0.01279753118136,-0.0736815444241302,2024,6,19,2
64828.65625,25641109124,5473.169921875,2353.800048828125,105.58999633789062,60.0,553323137.1046984,19.0,-0.0020285342777122,-0.0025259318472709,0.010041257923518,0.0031350389033155,0.012842614486771,-0.1211031290657054,2024,6,20,3
64096.19921875,26188171739,5464.6201171875,2316.39990234375,105.8000030517578,63.0,582332779.002438,19.0,-0.0113626640759909,-0.0015621303211011,-0.0158892623453701,0.0019888883525969,0.0123216297954019,-0.1159791736383549,2024,6,21,4
64252.578125,9858198793,5464.6201171875,2316.39990234375,105.8000030517578,53.0,632247017.2026471,19.0,0.0024367818200782,0.0,0.0,0.0,0.0124394041062356,-0.0925883324234314,2024,6,22,5
63180.796875,11170471802,5464.6201171875,2316.39990234375,105.8000030517578,55.0,465866223.2019504,19.0,-0.016821441362,0.0,0.0,0.0,0.0124098220352796,-0.1160429729068687,2024,6,23,6
60277.4140625,43152133651,5447.8701171875,2330.0,105.47000122070312,51.0,632247017.2026471,19.0,-0.0470429339934126,-0.00306517189499,0.0058712218224881,-0.0031191098443849,0.0160946995584217,-0.0592645929127941,2024,6,24,0
61804.640625,29201215431,5469.2998046875,2316.60009765625,105.61000061035156,30.0,515780461.4021594,19.0,0.0250209785898575,0.0039335900157368,-0.0057510310488196,0.0013273858730264,0.0173891296794164,-0.0614098557020773,2024,6,25,1
60811.27734375,22506003064,5477.89990234375,2299.199951171875,106.0500030517578,46.0,503301901.8521072,19.0,-0.0162031982640604,0.0015724312002203,-0.0075110704268634,0.0041662952264307,0.0166227277075243,-0.0504640156241579,2024,6,26,2
61604.80078125,21231745045,5482.8701171875,2324.5,105.91000366210938,40.0,540737580.5022639,19.0,0.0129645478634577,0.0009073212238914,0.0110038488889276,-0.0013201262198937,0.0170163325792648,-0.0691486160936751,2024,6,27,3
60320.13671875,24952866877,5460.47998046875,2327.699951171875,105.87000274658205,47.0,561535179.7523509,19.0,-0.0210738120086118,-0.0040836525834456,0.0013766191318025,-0.0003776877928827,0.0174521915842608,-0.0401304109486136,2024,6,28,4
60887.37890625,12652903396,5460.47998046875,2327.699951171875,105.87000274658205,30.0,653044616.4527341,19.0,0.0093599200646925,0.0,0.0,0.0,0.0178048709571368,-0.027188323934898,2024,6,29,5
62678.29296875,17333226409,5460.47998046875,2327.699951171875,105.87000274658205,47.0,503301901.8521072,22.0,0.0289892727317249,0.0,0.0,0.0,0.0199355065308039,-0.03016195736126,2024,6,30,6
62851.98046875,25468379421,5475.08984375,2327.60009765625,105.9000015258789,53.0,586492298.8524554,22.0,0.0027672625269042,0.0026755639309195,-4.289793260281449e-05,0.0002833548551868,0.0200178162318067,0.032109916981907,2024,7,1,0
62029.015625,20151616992,5509.009765625,2323.0,105.72000122070312,51.0,615608937.8025774,22.0,-0.0131801760562906,0.0061953178565135,-0.0019763264578318,-0.0016997195711256,0.0196510593111082,0.0494628647832906,2024,7,2,1
60173.921875,29756701685,5537.02001953125,2359.800048828125,105.4000015258789,50.0,603130378.2525251,22.0,-0.0303632025066165,0.005084444409779,0.0158416051778411,-0.0030268604911967,0.0208928672137309,0.0655578192484234,2024,7,3,2
56977.703125,41149609230,5537.02001953125,2359.800048828125,105.4000015258789,44.0,582332779.002438,22.0,-0.0545790489543486,0.0,0.0,0.0,0.0244465117935525,0.1227912481115831,2024,7,4,3
56662.375,55417544033,5567.18994140625,2388.5,104.87999725341795,29.0,481691507.2021622,22.0,-0.005549607840752,0.0054487651784855,0.0121620266878659,-0.0049336268020191,0.0244515009738802,0.1773272166936172,2024,7,5,4
58303.5390625,20610320577,5567.18994140625,2388.5,104.87999725341795,26.0,652035052.9717106,22.0,0.0285523856250874,0.0,0.0,0.0,0.0263193902680075,0.1519652068719563,2024,7,6,5
55849.109375,20553359505,5567.18994140625,2388.5,104.87999725341795,29.0,557193590.72128,22.0,-0.0430092171893191,0.0,0.0,0.0,0.0278981620906815,0.2203332192797389,2024,7,7,6
56705.09765625,39766159899,5572.85009765625,2355.199951171875,105.01000213623048,28.0,628324687.409103,22.0,0.015210533790654,0.001016698964751,-0.0139418249228071,0.0012395584116804,0.0263164791752187,0.1918725616117653,2024,7,8,0
58009.2265625,27849512607,5576.97998046875,2360.10009765625,105.12000274658205,27.0,608566049.4402633,22.0,0.0227379641121488,0.0007410719362856,0.0020805649566768,0.0010475250748862,0.0261224816439251,0.1365032044336696,2024,7,9,1
57742.49609375,26175260526,5633.91015625,2372.199951171875,105.0500030517578,28.0,537434952.7524403,22.0,-0.0046086733698468,0.0102080652935148,0.0051268391233241,-0.0006659027111421,0.0259002548342301,0.1321320904860541,2024,7,10,2
57344.9140625,28707803842,5584.5400390625,2415.0,104.44000244140624,29.0,553241863.127512,22.0,-0.0069092459782688,-0.0087630288411204,0.0180423445363371,-0.0058067643277556,0.0254721986833691,0.1470455163784823,2024,7,11,3
57899.46484375,25604805221,5615.35009765625,2414.0,104.08999633789062,25.0,592759139.0651915,22.0,0.0096239845581041,0.0055170270744306,-0.0004140786749482,-0.003351264796379,0.0252982159600671,0.1729307461350537,2024,7,12,4
59231.953125,17080061806,5615.35009765625,2414.0,104.08999633789062,25.0,608566049.4402633,22.0,0.0227530032425821,0.0,0.0,0.0,0.0260462507370455,0.1448775932542745,2024,7,13,5
60787.79296875,22223416061,5615.35009765625,2414.0,104.08999633789062,33.0,659938508.1592464,24.0,0.0259278502630055,0.0,0.0,0.0,0.0257697002477019,0.1228548340715249,2024,7,14,6
64870.15234375,38094526099,5631.22021484375,2422.89990234375,104.19000244140624,52.0,604614321.8464954,24.0,0.0649986203949803,0.0028262026252154,0.0036867863892915,0.0009607657511196,0.0317205692632974,0.0300563764428687,2024,7,15,0
65097.1484375,41617346768,5667.2001953125,2462.39990234375,104.2699966430664,65.0,580903956.2838876,24.0,0.0034931297826731,0.0063893754987431,0.0163027783202229,0.0007677723369392,0.0313922986513597,0.0169572279891772,2024,7,16,1
64118.79296875,32525071311,5588.27001953125,2454.800048828125,103.75,69.0,628324687.409103,24.0,-0.0151432424548232,-0.0139275432419937,-0.0030863603870319,-0.0049870208095089,0.0303954123365207,0.0078051536543102,2024,7,17,2
63974.06640625,27239305337,5544.58984375,2451.800048828125,104.16999816894533,61.0,515102118.2359712,24.0,-0.0022597141603525,-0.0078164039369225,-0.0012220954620854,0.0040481751223644,0.0255756667181206,0.0216249125851228,2024,7,18,3
66710.15625,37003855410,5505.0,2395.5,104.4000015258789,60.0,599556361.5235602,24.0,0.0418794201096355,-0.0071402655319269,-0.022962740723916,0.0022079616106027,0.0267522851542735,-0.0793745681528065,2024,7,19,4
67163.6484375,19029581250,5505.0,2395.5,104.4000015258789,74.0,672971426.1999145,24.0,0.0067749463483318,0.0,0.0,0.0,0.026327263878116,-0.0965336880639138,2024,7,20,5
68154.5234375,26652190004,5505.0,2395.5,104.4000015258789,74.0,689285885.0168821,24.0,0.0146453753701437,0.0,0.0,0.0,0.0215448523674676,-0.1472763122495423,2024,7,21,6
67585.25,42649109453,5564.41015625,2392.0,104.30999755859376,70.0,730072032.0593011,24.0,-0.0083877666901128,0.0107920356494095,-0.0014610728449175,-0.0008621069537325,0.022390749528519,-0.2011354987774699,2024,7,22,0
65927.671875,35605668666,5555.740234375,2404.60009765625,104.4499969482422,71.0,689285885.0168821,24.0,-0.0248315035462847,-0.0015581025897707,0.0052675993546196,0.0013421473772903,0.0242573859285116,-0.1500637772786512,2024,7,23,1
65372.1328125,27470942309,5427.1298828125,2413.300048828125,104.38999938964844,69.0,571006058.5938667,24.0,-0.008462196557576,-0.0231490937547349,0.0036180449216294,-0.0005744141727785,0.0244487417760644,-0.1582428388051914,2024,7,24,2
65777.2265625,38315761670,5399.22021484375,2351.89990234375,104.36000061035156,68.0,664814196.7914306,24.0,0.0061776136799459,-0.0051426202378422,-0.0254424005478267,-0.0002873721570291,0.0240341722521808,-0.0618312759034549,2024,7,25,3
67912.0625,30488630457,5459.10009765625,2380.0,104.31999969482422,68.0,652578352.6787051,24.0,0.0319399921931968,0.0110904687028463,0.0119478289140821,-0.0003832973868665,0.0247625770923229,-0.103544922063735,2024,7,26,4
67813.3359375,34691905492,5459.10009765625,2380.0,104.31999969482422,72.0,628106664.4532535,24.0,-0.0014547988961382,0.0,0.0,0.0,0.0247688956938651,-0.101270986636455,2024,7,27,5
68255.8671875,18043166945,5459.10009765625,2380.0,104.31999969482422,71.0,603634976.227802,22.0,0.0065045256396706,0.0,0.0,0.0,0.0243289596387833,-0.1397152099218577,2024,7,28,6
66819.9140625,40780682628,5463.5400390625,2377.300048828125,104.55999755859376,74.0,725993417.3550591,22.0,-0.0212622456640866,0.0008133101292933,-0.0011344332654936,0.0023005930259931,0.0187797559277898,-0.1117241550253602,2024,7,29,0
66201.015625,31380492109,5436.43994140625,2405.0,104.5500030517578,67.0,611792205.6362859,22.0,-0.0093053462306732,-0.0049601718780302,0.0116518531960361,-9.55863338686358e-05,0.019024119715061,-0.0844616833436987,2024,7,30,1
64619.25,31292785994,5522.2998046875,2426.5,104.0999984741211,61.0,613215974.0238556,22.0,-0.0241834505774866,0.0157933986591674,0.0089397089397089,-0.004304204347215,0.0197456548470536,-0.0910252048538168,2024,7,31,2
65357.5,40975554494,5446.68017578125,2435.0,104.41999816894533,52.0,630987879.9602102,22.0,0.0113598461110431,-0.013693502993456,0.0035029878425716,0.003073964452591,0.0199239480211358,-0.1193038648012851,2024,8,1,3
61415.06640625,43060875727,5346.56005859375,2425.699951171875,103.20999908447266,57.0,563382035.6787592,22.0,-0.0622170138648715,-0.0183818608686967,-0.0038193219006673,-0.0115878098610473,0.0224703247159811,-0.0410479233356889,2024,8,2,4
60680.09375,31753030589,5346.56005859375,2425.699951171875,103.20999908447266,37.0,608452598.53306,22.0,-0.0120394867920851,0.0,0.0,0.0,0.0222289726503212,-0.0197943183591405,2024,8,3,5
58116.9765625,31758917219,5346.56005859375,2425.699951171875,103.20999908447266,34.0,644509048.8165007,34.0,-0.0431578827242093,0.0,0.0,0.0,0.023140417305468,0.0063146485408671,2024,8,4,6
53991.45703125,108991085584,5186.330078125,2401.699951171875,102.69000244140624,26.0,703100780.5270916,34.0,-0.0736319858212006,-0.0299687983886397,-0.0098940514008772,-0.0050382390047384,0.02809945134251,0.1019049382306069,2024,8,5,0
56034.31640625,49300484106,5240.02978515625,2389.10009765625,102.97000122070312,17.0,630987879.9602102,34.0,0.0371384650991169,0.010354085880061,-0.0052462229969555,0.0027266410813131,0.0313229273791119,0.0531545087639864,2024,8,6,1
55027.4609375,41637562185,5199.5,2390.5,103.1999969482422,29.0,549860866.8224689,34.0,-0.0181319456214236,-0.0077346478585028,0.0005859538263479,0.0022336187706368,0.0313644864101666,0.1117211363928378,2024,8,7,2
61710.13671875,45298472567,5319.31005859375,2422.199951171875,103.20999908447266,20.0,581410260.8204794,34.0,0.1146158574329579,0.0230426115191364,0.013260803669473,9.691992757998592e-05,0.0474431925276119,-0.0215235733847666,2024,8,8,3
60880.11328125,33425553115,5344.16015625,2432.10009765625,103.13999938964844,48.0,585917317.1059096,34.0,-0.0135416335526674,0.0046716768495385,0.0040872540186391,-0.0006782259029662,0.0463381371424062,0.052796258322501,2024,8,9,4
60945.8125,15745822278,5344.16015625,2432.10009765625,103.13999938964844,40.0,581410260.8204794,34.0,0.0010785754296191,0.0,0.0,0.0,0.046365598523094,0.0530500711185037,2024,8,10,5
58719.484375,22759754812,5344.16015625,2432.10009765625,103.13999938964844,39.0,725636061.954242,22.0,-0.0372135465234372,0.0,0.0,0.0,0.0468512440470953,0.0956081044223235,2024,8,11,6
59354.515625,37078637820,5344.39013671875,2462.39990234375,103.13999938964844,25.0,617466711.1039201,22.0,0.0107565996406079,4.303397765514916e-05,0.01245828850412,0.0,0.0470316408594248,0.0594081931950734,2024,8,12,0
60609.56640625,30327698167,5434.43017578125,2466.699951171875,102.55999755859376,31.0,671551386.529081,22.0,0.020924539277115,0.0168475797535583,0.0017462837064086,-0.0056234422579694,0.0476387152430803,-0.0182385992722761,2024,8,13,1
58737.26953125,29961696180,5455.2099609375,2439.39990234375,102.56999969482422,30.0,594742777.8026003,22.0,-0.0313783013916643,0.0038237284285767,-0.011067438021862,9.75247315577743e-05,0.0478853543405422,0.0049432919008181,2024,8,14,2
57560.09765625,35682112440,5543.22021484375,2453.10009765625,102.9800033569336,29.0,690944705.8016886,22.0,-0.0202448620971359,0.0161332477643307,0.0056162154058205,0.0039973058723725,0.0477550994022853,0.0317595366527578,2024,8,15,3
58894.10546875,29350938673,5554.25,2498.60009765625,102.45999908447266,27.0,613213426.3989986,22.0,0.0229114301013426,0.0019897793572614,0.0185479589860486,-0.0050495655031062,0.045896649322048,0.0038267173252097,2024,8,16,4
59478.97265625,13589684021,5554.25,2498.60009765625,102.45999908447266,25.0,643442257.2778225,22.0,0.0098818406372623,0.0,0.0,0.0,0.0459054992561343,-0.0085588939421015,2024,8,17,5
58483.96484375,17740625837,5554.25,2498.60009765625,102.45999908447266,31.0,673671088.1566465,20.0,-0.016870237926472,0.0,0.0,0.0,0.0446082149288619,-0.0198084477616227,2024,8,18,6
59493.453125,25911207712,5608.25,2501.800048828125,101.88999938964844,28.0,561392573.463872,20.0,0.017113663556006,0.0097222847369131,0.0012806976093839,-0.0055631436650148,0.0395492298935752,-0.0064036063842108,2024,8,19,0
59012.79296875,31613400008,5597.1201171875,2511.300048828125,101.44000244140624,30.0,647760661.689083,20.0,-0.0081120246047573,-0.0019845553982971,0.0037972658943907,-0.0044164977027951,0.0387489583797189,-0.0268038411957153,2024,8,20,1
61175.19140625,32731154072,5620.85009765625,2508.39990234375,101.04000091552734,26.0,634805448.4553014,20.0,0.0359874877747518,0.004239676828782,-0.0011548387002693,-0.003943232612893,0.039074796612391,-0.0523684890902147,2024,8,21,2
60381.9140625,27625734377,5570.64013671875,2478.89990234375,101.51000213623048,39.0,690944705.8016886,20.0,-0.0130521141055434,-0.0089328055481209,-0.0117604852290243,0.0046516351587928,0.0218408927980424,-0.0699120895187339,2024,8,22,3
64094.35546875,42530509233,5634.60986328125,2508.39990234375,100.72000122070312,34.0,708218323.4467307,20.0,0.0596666777899252,0.0114833708501191,0.01190044017998,-0.0077824933395935,0.0271731991430072,-0.1582916543633333,2024,8,23,4
64178.9921875,21430585163,5634.60986328125,2508.39990234375,100.72000122070312,56.0,660715874.9228647,20.0,0.001319630813085,0.0,0.0,0.0,0.0271712657008763,-0.1564266490531668,2024,8,24,5
64333.54296875,18827683555,5634.60986328125,2508.39990234375,100.72000122070312,54.0,574347786.6976537,19.0,0.0024052261605437,0.0,0.0,0.0,0.0245673556342879,-0.1475431963557599,2024,8,25,6
62880.66015625,27682040631,5616.83984375,2517.699951171875,100.8499984741211,55.0,578666191.1089141,19.0,-0.0228425120791344,-0.0031537266931381,0.00370756226686,0.0012906796251235,0.025742997211732,-0.0932102968613225,2024,8,26,0
59504.1328125,39103882198,5625.7998046875,2516.0,100.5500030517578,48.0,613213426.3989986,19.0,-0.0551928775609079,0.001595196086545,-0.0006752000654739,-0.0029746695776129,0.0295023112212757,-0.0311813950947997,2024,8,27,1
59027.625,40289564698,5592.18017578125,2501.0,101.08999633789062,30.0,703794017.3679069,19.0,-0.0080402145092669,-0.0059759732079761,-0.0059618441971383,0.0053703955220651,0.0283239799945099,-0.0285366915067309,2024,8,28,2
59388.1796875,32224990582,5591.9599609375,2525.699951171875,101.33999633789062,29.0,587091196.5963086,19.0,0.0060896567427389,-3.937906806072977e-05,0.0098760300567273,0.0024730439119255,0.0277048239906662,-0.0212360098488664,2024,8,29,3
59119.4765625,32292756405,5648.39990234375,2493.800048828125,101.6999969482422,34.0,631567802.399059,19.0,-0.0045347886200276,0.0100930517744244,-0.0126301235144534,0.0035524040197438,0.0271042095079997,0.0245574606401524,2024,8,30,4
58969.8984375,12403470760,5648.39990234375,2493.800048828125,101.6999969482422,29.0,653806105.3004345,19.0,-0.002533305049583,0.0,0.0,0.0,0.0269789560268998,0.0175551032591176,2024,8,31,5
57325.48828125,24592449997,5648.39990234375,2493.800048828125,101.6999969482422,26.0,631567802.399059,19.0,-0.0282817712577214,0.0,0.0,0.0,0.0276584782197792,0.032400032026548,2024,9,1,6
59112.48046875,27036454524,5648.39990234375,2493.800048828125,101.6999969482422,26.0,742759316.9059358,19.0,0.0306967310826489,0.0,0.0,0.0,0.0286017462229547,-0.0155630866604615,2024,9,2,0
57431.0234375,26666961053,5528.93017578125,2489.89990234375,101.83000183105467,26.0,662701426.4609846,19.0,-0.0288574422367031,-0.0211510743977116,-0.0015639371272799,0.0012783174701436,0.0295422524027963,0.050103854202276,2024,9,3,1
57971.5390625,35627680312,5520.06982421875,2493.39990234375,101.36000061035156,27.0,671596747.6215348,19.0,0.0093675489668366,-0.0016025435809103,0.0014056789980614,-0.0046155476014122,0.0276724337209488,0.0634473516570699,2024,9,4,2
56160.48828125,31030280656,5503.41015625,2511.39990234375,101.11000061035156,29.0,689387389.9426349,19.0,-0.0317387301454916,-0.0030180176155847,0.0072190585966898,-0.0024664561808859,0.0285706383532632,0.1207248896420936,2024,9,5,3
53948.75390625,49361693566,5408.419921875,2493.5,101.18000030517578,22.0,644910784.1398844,19.0,-0.0401788599055401,-0.0172602498592846,-0.007127459998324,0.0006923122777338,0.0226855378420838,0.1713519217202725,2024,9,6,4
54139.6875,19061486526,5408.419921875,2493.5,101.18000030517578,23.0,702730371.68346,19.0,0.0035329178561706,0.0,0.0,0.0,0.0227931772675682,0.1709494969609863,2024,9,7,5
54841.56640625,18268287531,5408.419921875,2493.5,101.18000030517578,29.0,742759316.9059358,19.0,0.0128809053957022,0.0,0.0,0.0,0.0234651985235551,0.1605925050719612,2024,9,8,6
57019.53515625,34618096173,5471.0498046875,2501.800048828125,101.5500030517578,26.0,644910784.1398844,19.0,0.0389455136654467,0.0115800702824842,0.003328674083868,0.0036568763141533,0.0267873416163049,0.1106684859444757,2024,9,9,0
57648.7109375,28857630507,5495.52001953125,2512.300048828125,101.62999725341795,33.0,609329499.4976839,19.0,0.0109739551593939,0.0044726726528396,0.0041969780938002,0.0007877321443248,0.0234119320221462,0.1154103483721109,2024,9,10,1
57343.171875,37049062672,5554.1298828125,2512.10009765625,101.68000030517578,37.0,495458846.64224994,19.0,-0.005314110423381,0.0106650258888965,-7.95888898574848e-05,0.0004920107557724,0.0233696706550586,0.1011449570472509,2024,9,11,2
58127.01171875,33835707949,5595.759765625,2551.199951171875,101.37000274658205,31.0,700222814.5578787,19.0,0.0135766976294007,0.0074953023589392,0.0155646080950773,-0.0030487564679715,0.0236524375969808,0.1213550740683371,2024,9,12,3
60571.30078125,32490528356,5626.02001953125,2581.300048828125,101.11000061035156,32.0,566627672.3067043,19.0,0.0411907229072504,0.0054077114053645,0.0117984078991628,-0.0025648824029378,0.0262883393867802,0.086168915211173,2024,9,13,4
60005.12109375,16428405496,5626.02001953125,2581.300048828125,101.11000061035156,50.0,640335336.9970075,19.0,-0.0093912862885415,0.0,0.0,0.0,0.0264424934817251,0.098033755061661,2024,9,14,5
59182.8359375,18120960867,5626.02001953125,2581.300048828125,101.11000061035156,51.0,695616085.5147347,19.0,-0.0137983437794186,0.0,0.0,0.0,0.0254815249233371,0.1090260148535993,2024,9,15,6
58192.5078125,32032822113,5633.08984375,2580.39990234375,100.76000213623048,39.0,575841130.3929921,19.0,-0.0168749516561809,0.0012566297656613,-0.0003487182688365,-0.003461561388669,0.024546122177477,0.0882758344777254,2024,9,16,0
60308.5390625,38075570118,5634.580078125,2564.300048828125,100.88999938964844,33.0,691009356.4715909,19.0,0.0357170886607077,0.0002645500810987,-0.0062392862055999,0.001290167235628,0.0250456999964385,0.0087627516470316,2024,9,17,1
61649.6796875,40990702891,5618.259765625,2570.699951171875,100.5999984741211,45.0,635728607.9538636,19.0,0.0219943305683947,-0.002896455862498,0.0024957696922693,-0.0028744267745243,0.0254977314122939,-0.0164947252995408,2024,9,18,2
62940.45703125,42710252573,5713.64013671875,2588.0,100.61000061035156,49.0,562020943.2635604,19.0,0.0207211190539162,0.0169768531667633,0.0067297036436471,9.942481493219192e-05,0.023580852790359,-0.0346526668279053,2024,9,19,3
63192.9765625,35177164222,5702.5498046875,2619.89990234375,100.72000122070312,54.0,667975711.255871,19.0,0.0040040116474054,-0.0019410273951238,0.01232608282216,0.0010933367427119,0.0192705075714198,-0.0178105235933433,2024,9,20,4
63394.83984375,14408616220,5702.5498046875,2619.89990234375,100.72000122070312,54.0,621908420.8244318,19.0,0.0031893030164782,0.0,0.0,0.0,0.01928172364123,-0.0205835463614416,2024,9,21,5
63648.7109375,20183348802,5702.5498046875,2619.89990234375,100.72000122070312,52.0,626515149.8675756,19.0,0.0039966047880297,0.0,0.0,0.0,0.0193780702755763,-0.0130365218757498,2024,9,22,6
63329.80078125,31400285425,5718.56982421875,2626.5,100.91999816894533,50.0,672582440.299015,19.0,-0.0050230676430797,0.0028092730585327,0.0025192174900825,0.0019856726153522,0.0178856865506582,-0.017261077905106,2024,9,23,0
64301.96875,29938335243,5732.93017578125,2651.199951171875,100.37000274658205,54.0,667975711.255871,19.0,0.0152342441721866,0.002511178844347,0.009404131418951,-0.005449816016074,0.0179850352349759,-0.0337470227146039,2024,9,24,1
63143.14453125,25078377700,5722.259765625,2659.199951171875,100.91999816894533,59.0,657005311.2676694,19.0,-0.0181859645588886,-0.0018612489301417,0.0030175015643252,0.0054796792598674,0.0190003504419479,-0.0405593194282954,2024,9,25,2
65181.01953125,36873129847,5745.3701171875,2669.89990234375,100.55999755859376,50.0,571298868.1801282,19.0,0.031764030655624,0.0040386757171231,0.0040237482582532,-0.0035671880388751,0.0201151922607061,-0.075275280542331,2024,9,26,3
65790.6640625,32058813449,5738.169921875,2644.300048828125,100.41999816894533,61.0,602061114.928289,19.0,0.0093096296486782,-0.0012532169669905,-0.0095883195820009,-0.0013921976237804,0.0176554054988616,-0.0508518080250985,2024,9,27,4
65887.6484375,15243637984,5738.169921875,2644.300048828125,100.41999816894533,64.0,566904261.5018196,19.0,0.0014730503557602,0.0,0.0,0.0,0.017158636423111,-0.0408972707920526,2024,9,28,5
65635.3046875,14788214575,5738.169921875,2644.300048828125,100.41999816894533,63.0,681164035.1378452,17.0,-0.003837262677613,0.0,0.0,0.0,0.016437126653558,-0.0424151255296936,2024,9,29,6
63329.5,37112957475,5762.47998046875,2636.10009765625,100.77999877929688,61.0,602061114.928289,17.0,-0.035762477049568,0.0042365525811767,-0.0031009911963315,0.0035849493817545,0.0190542806816424,0.0428966753250854,2024,9,30,0
60837.0078125,50220923500,5708.75,2667.300048828125,101.19000244140624,50.0,689953248.4944626,17.0,-0.0401529704172501,-0.0093241070946643,0.0118356473639278,0.004068303900333,0.0205322207299354,0.1019790713840016,2024,10,1,1
60632.78515625,40762722398,5709.5400390625,2647.10009765625,101.68000030517578,42.0,681164035.1378452,17.0,-0.0033625289659382,0.0001383909021239,-0.0075731829198405,0.0048423545009128,0.0195966849050557,0.1151181423674136,2024,10,2,2
60759.40234375,36106447279,5699.93994140625,2657.10009765625,101.98999786376952,37.0,694347855.1727712,17.0,0.0020860853737759,-0.001681413492255,0.0037777188738929,0.0030487564679715,0.0185949098140067,0.1092906338377284,2024,10,3,3
62067.4765625,29585472513,5751.06982421875,2645.800048828125,102.5199966430664,41.0,742688528.6341666,17.0,0.0213002835593871,0.0089702493952743,-0.0042527749850644,0.0051965760407683,0.0196174186713659,0.1023291561338799,2024,10,4,4
62089.94921875,13305410749,5751.06982421875,2645.800048828125,102.5199966430664,49.0,663585608.4246106,17.0,0.0003620026165009,0.0,0.0,0.0,0.019584270702151,0.1010273842252673,2024,10,5,5
62818.953125,14776233667,5751.06982421875,2645.800048828125,102.5199966430664,50.0,667980215.1029191,18.0,0.0116727017835174,0.0,0.0,0.0,0.0198529253767061,0.0984217293098992,2024,10,6,6
62236.66015625,34253562610,5695.93994140625,2644.800048828125,102.54000091552734,50.0,681164035.1378452,18.0,-0.009312611593072,-0.0095860221658826,-0.0003779575105998,0.0001951255668743,0.0199555543084276,0.0824464454449795,2024,10,7,0
62131.96875,28134475157,5751.1298828125,2615.0,102.5500030517578,49.0,733899315.2775493,18.0,-0.0016835665376192,0.0096893474955819,-0.0112674108733962,9.754375015758043e-05,0.0193894771406604,0.0841666151130935,2024,10,8,1
60582.1015625,27670982363,5792.0400390625,2606.0,102.93000030517578,49.0,574966972.3426994,18.0,-0.0252611554684642,0.0071134119874882,-0.0034416826003823,0.0037054826144293,0.019903490125252,0.0965647212479861,2024,10,9,2
60274.5,30452813570,5780.0498046875,2620.60009765625,102.98999786376952,39.0,709250575.4670075,18.0,-0.0050903669759527,-0.0020701228399899,0.0056024933446854,0.0005828967105399,0.0171591983687365,0.1308439669760843,2024,10,10,3
62445.08984375,30327141594,5815.02978515625,2657.60009765625,102.88999938964844,32.0,640613423.0024583,18.0,0.0353784793604471,0.0060518475879536,0.014118903541632,-0.0009709532594939,0.0201458515285424,0.0672162411688819,2024,10,11,4
63193.0234375,16744110886,5815.02978515625,2657.60009765625,102.88999938964844,49.0,654340853.4953684,18.0,0.011906298332257,0.0,0.0,0.0,0.0205383564739311,0.0604761675753615,2024,10,12,5
62851.375,18177529690,5815.02978515625,2657.60009765625,102.88999938964844,50.0,631461802.673852,18.0,-0.005421094129359,0.0,0.0,0.0,0.0205488668517875,0.0807925343717619,2024,10,13,6
66046.125,43706958056,5859.85009765625,2647.800048828125,103.3000030517578,48.0,636037612.8381552,18.0,0.0495805492882901,0.0077076668832223,-0.0036875558654471,0.0039848737928034,0.022885362099051,0.0584687264014354,2024,10,14,0
67041.109375,48863870879,5815.259765625,2661.39990234375,103.26000213623048,65.0,713826385.6313109,18.0,0.0149526424220397,-0.0076094663324381,0.0051362841849194,-0.0003872305357754,0.0194574087304836,0.0847149288764286,2024,10,15,1
67612.71875,38195189534,5842.47021484375,2674.0,103.58999633789062,73.0,645189233.1667618,18.0,0.0084901085474491,0.0046791459565738,0.0047343872092104,0.0031957601668921,0.0192223578386872,0.0699102239916953,2024,10,16,2
67399.8359375,32790898511,5841.47021484375,2691.0,103.83000183105467,71.0,718402195.7956142,18.0,-0.0031535287872272,-0.0001711604789117,0.006357516828721,0.0023168790582945,0.0193960422949436,0.0417708963729626,2024,10,17,3
68418.7890625,36857165014,5864.669921875,2713.699951171875,103.48999786376952,73.0,622310182.3452455,18.0,0.0150048970496654,0.0039715527389487,0.008435507681856,-0.0032746216054044,0.0191157675228901,0.0155466020675745,2024,10,18,4
68362.734375,14443497908,5864.669921875,2713.699951171875,103.48999786376952,72.0,791615158.4244666,18.0,-0.0008196237215279,0.0,0.0,0.0,0.0191506130904549,0.0135532768103967,2024,10,19,5
69001.703125,18975847518,5864.669921875,2713.699951171875,103.48999786376952,73.0,791615158.4244666,18.0,0.0093033301819392,0.0,0.0,0.0,0.0191163095787923,-0.0037765145742553,2024,10,20,6
67367.8515625,37498611780,5853.97998046875,2723.10009765625,104.01000213623048,72.0,782463538.0958601,18.0,-0.0239632629213024,-0.0018227694906369,0.0034639594109568,0.0050246814493652,0.0203984246393679,0.0065855781312604,2024,10,21,0
67361.40625,31808472566,5851.2001953125,2744.199951171875,104.08000183105467,70.0,638125714.2515116,18.0,-9.56779931777652e-05,-0.0004748538883844,0.0077484678340635,0.0006730092624411,0.0203576349838358,0.0296632205477449,2024,10,22,1
66432.1953125,32263980353,5797.419921875,2714.39990234375,104.43000030517578,71.0,718143298.2753785,18.0,-0.0138904382136989,-0.0091913234280693,-0.0108592848037182,0.0033627831280136,0.0192423065157013,0.1385906753373182,2024,10,23,2
68161.0546875,31414428647,5809.85986328125,2734.89990234375,104.05999755859376,69.0,699119634.7449049,18.0,0.0256915479674531,0.0021457720113238,0.0075523138585067,-0.003543069477169,0.0195613526984766,0.1136104000004585,2024,10,24,3
66642.4140625,41469984306,5808.1201171875,2740.89990234375,104.26000213623048,72.0,727655130.0406153,18.0,-0.0225321334727949,-0.0002994471699301,0.0021938645706405,0.0019220121307814,0.0195726501902272,0.1485999965534337,2024,10,25,4
67014.6953125,19588098156,5808.1201171875,2740.89990234375,104.26000213623048,72.0,694363718.8622864,18.0,0.0055707057332499,0.0,0.0,0.0,0.0194674512243326,0.145701951332736,2024,10,26,5
67929.296875,16721307878,5808.1201171875,2740.89990234375,104.26000213623048,74.0,765702457.1015625,23.0,0.0135554840575667,0.0,0.0,0.0,0.0193968105104136,0.1846757025629819,2024,10,27,6
69907.7578125,38799856657,5823.52001953125,2742.89990234375,104.31999969482422,72.0,798993868.2798914,23.0,0.0287092151025569,0.0026514435020339,0.0007296873549778,0.0005754609376984,0.0161031897924175,0.2688360655609463,2024,10,28,0
72720.4921875,58541874402,5832.919921875,2768.39990234375,104.27999877929688,72.0,746678793.571089,23.0,0.0394465905777621,0.0016141272481633,0.0092967300695918,-0.0003834443600878,0.0186195057057462,0.2095051869728519,2024,10,29,1
72339.5390625,40646637831,5813.669921875,2788.5,103.98999786376952,77.0,803749784.1625097,23.0,-0.0052523634181871,-0.0033002338893437,0.0072605470182371,-0.0027809831120262,0.0188371596799002,0.2522082008877191,2024,10,30,2
70215.1875,40627912076,5705.4501953125,2738.300048828125,103.9800033569336,77.0,751434709.4537071,23.0,-0.0298062208969249,-0.0186147008716995,-0.0180024927996682,-9.611027061495749e-05,0.0209000545167052,0.2426147788539339,2024,10,31,3
69482.46875,49989795365,5728.7998046875,2738.60009765625,104.27999877929688,75.0,727655130.0406153,23.0,-0.0104901612367784,0.0040925095436261,0.0001095748540242,0.0028851261076947,0.0208883277921394,0.3106328754690368,2024,11,1,4
69289.2734375,18184612091,5728.7998046875,2738.60009765625,104.27999877929688,72.0,670584139.4491944,23.0,-0.0027843627855302,0.0,0.0,0.0,0.0209102282284188,0.3069624210186754,2024,11,2,5
68741.1171875,34868307655,5728.7998046875,2738.60009765625,104.27999877929688,74.0,627780896.505629,36.0,-0.0079425861102487,0.0,0.0,0.0,0.0208994221868078,0.3070176226178314,2024,11,3,6
67811.5078125,41184819348,5712.68994140625,2736.10009765625,103.88999938964844,70.0,720519107.2542773,36.0,-0.0136156113622657,-0.0028120834782999,-0.0009128751591513,-0.0037399251458934,0.0201808331379011,0.3352105497396103,2024,11,4,0
69359.5625,46046889204,5782.759765625,2740.300048828125,103.41999816894533,70.0,702351988.6923242,36.0,0.0225721124909319,0.0122656445452913,0.0015350137136695,-0.0045240275624638,0.0210273779157918,0.3313779057141544,2024,11,5,1
75639.078125,118592653963,5929.0400390625,2667.60009765625,105.08999633789062,70.0,773092476.7620546,36.0,0.086669031268464,0.0252959277864259,-0.0265299236858987,0.016147729631722,0.0310064620455699,0.2472321784725613,2024,11,6,2
75904.859375,63467654989,5973.10009765625,2698.39990234375,104.51000213623048,77.0,788251152.776997,36.0,0.0035076496874788,0.0074312297274883,0.0115458852751433,-0.0055190239020974,0.030679333143352,0.2977393986839198,2024,11,7,3
76545.4765625,55176858003,5995.5400390625,2687.5,105.0,75.0,717510664.7072663,36.0,0.0084043233393163,0.0037568333092317,-0.0040393947295516,0.004688526014293,0.0294086252923665,0.293318279646056,2024,11,8,4
76778.8671875,29009480361,5995.5400390625,2687.5,105.0,75.0,702351988.6923242,36.0,0.0030444063813357,0.0,0.0,0.0,0.0294479160642604,0.2734921057277419,2024,11,9,5
80474.1875,82570594495,5995.5400390625,2687.5,105.0,78.0,747828016.7371509,65.0,0.0470070453718431,0.0,0.0,0.0,0.031155332844451,0.2179535246938653,2024,11,10,6
88701.484375,117966845037,6001.35009765625,2611.199951171875,105.54000091552734,76.0,687193312.6773819,65.0,0.0973401431249626,0.0009690634297987,-0.0283907158430232,0.0051428658621652,0.0392193110579735,0.0496137413145743,2024,11,11,0
87955.8125,133673285375,5983.990234375,2600.0,106.0199966430664,80.0,737722232.7271894,65.0,-0.0084420662691067,-0.0028926596513724,-0.0042891970669839,0.0045479981369647,0.0392369687472392,0.0458128655510969,2024,11,12,1
90584.1640625,123559027869,5985.3798828125,2580.800048828125,106.4800033569336,84.0,697299096.6873435,65.0,0.0294448504877614,0.0002322277248243,-0.0073845966045673,0.0043388674630491,0.039009472758481,0.059374254243701,2024,11,13,2
87250.4296875,87616705248,5949.169921875,2568.199951171875,106.66999816894533,88.0,641717284.6325549,65.0,-0.0374969223188113,-0.006049734794859,-0.0048822448147315,0.0017843238732331,0.0397314195696371,0.0962979677302806,2024,11,14,3
91066.0078125,78243109518,5870.6201171875,2565.699951171875,106.69000244140624,80.0,757933800.7471123,65.0,0.0428021182914262,-0.0132034898513612,-0.0009734444542992,0.0001875341970969,0.0395605157599827,0.0702294498092859,2024,11,15,4
90558.4765625,44333192814,5870.6201171875,2565.699951171875,106.69000244140624,86.0,793304044.7819778,65.0,-0.0055888122441183,0.0,0.0,0.0,0.0396921759790625,0.0650472307905329,2024,11,16,5
89845.8515625,46350159305,5870.6201171875,2565.699951171875,106.69000244140624,90.0,757933800.7471123,55.0,-0.0079003504403181,0.0,0.0,0.0,0.0396899101815994,0.0827410211013324,2024,11,17,6
90542.640625,75535775084,5893.6201171875,2610.60009765625,106.27999877929688,83.0,789177471.4803329,55.0,0.0077254654060753,0.003917814394541,0.0175001548656799,-0.0038429436004048,0.0387020296958612,0.0587862693837797,2024,11,18,0
92343.7890625,74521048295,5916.97998046875,2627.10009765625,106.20999908447266,90.0,889845955.1158988,55.0,0.0196975431836517,0.00396358482847,0.0063203858817033,-0.0006586346972922,0.0387024174163913,0.0396169037153537,2024,11,19,1
94339.4921875,71730956426,5917.10986328125,2648.199951171875,106.68000030517578,83.0,747470602.2973549,55.0,0.0213814449984325,2.195086225209586e-05,0.008031613844653,0.0044252068991104,0.0332157087689709,0.0469478789826138,2024,11,20,2
98504.7265625,106024505582,5948.7099609375,2672.10009765625,106.97000122070312,82.0,732216100.2096539,55.0,0.0432046373822123,0.0053404615405816,0.009025053593026,0.0027184187729447,0.0337739995307085,-0.0194016705258036,2024,11,21,3
98997.6640625,78473580551,5969.33984375,2709.89990234375,107.48999786376952,94.0,727131266.1804202,55.0,0.0049917220950611,0.0034679590949915,0.0141461035537759,0.0048611445931792,0.0338713339660508,0.009323925809171,2024,11,22,4
97777.28125,44414644677,5969.33984375,2709.89990234375,107.48999786376952,93.0,701707096.0342517,55.0,-0.0124040025297939,0.0,0.0,0.0,0.0346702018331112,0.0219483980334134,2024,11,23,5
98013.8203125,51712020623,5969.33984375,2709.89990234375,107.48999786376952,80.0,681367759.9173166,42.0,0.0024162403264788,0.0,0.0,0.0,0.0337504604376947,0.0328749078673455,2024,11,24,6
93102.296875,80909462490,5987.3701171875,2616.800048828125,106.81999969482422,82.0,859336950.9404964,42.0,-0.0514096372932904,0.0030204803059383,-0.0343554584562715,-0.0062331210555465,0.0272965682213811,0.0465125138729289,2024,11,25,0
91985.3203125,91656519855,6021.6298828125,2620.300048828125,107.01000213623048,79.0,706791930.0634853,42.0,-0.012069852534281,0.0057220056476303,0.0013375114394267,0.0017787159890383,0.0274367109199278,0.0509875854002179,2024,11,26,1
95962.53125,71133452438,5998.740234375,2639.89990234375,106.08000183105467,75.0,676282925.8880831,42.0,0.0423288133049568,-0.00380123801744,0.0074800034921156,-0.0086907792412884,0.0286287463670704,0.0542972338487579,2024,11,27,2
95652.46875,52260008261,5998.740234375,2639.89990234375,106.08000183105467,77.0,722046432.1511863,42.0,-0.0032363100031328,0.0,0.0,0.0,0.0262057467860225,0.0459008670385205,2024,11,28,3
97461.5234375,54968682476,6032.3798828125,2657.0,105.73999786376952,78.0,615264917.5372787,42.0,0.0187361629072075,0.0056077854888152,0.0064775553198317,-0.0032051655487963,0.0242926606014937,0.0410185910705946,2024,11,29,4
96449.0546875,31634227866,6032.3798828125,2657.0,105.73999786376952,84.0,833912780.7943279,42.0,-0.0104427304650976,0.0,0.0,0.0,0.0244892092585976,0.0510519680929351,2024,11,30,5
97279.7890625,36590695296,6032.3798828125,2657.0,105.73999786376952,81.0,803403776.6189257,49.0,0.0085763116202902,0.0,0.0,0.0,0.0242286083896978,0.0721517420796473,2024,12,1,6
95865.3046875,72680784305,6047.14990234375,2634.89990234375,106.4499969482422,80.0,649582756.2207783,49.0,-0.0146471197983608,0.0024484564662998,-0.0083176882409672,0.0067145744166496,0.0248273971643335,0.1060280786217053,2024,12,2,0
96002.1640625,67067810961,6049.8798828125,2644.699951171875,106.37000274658205,76.0,811042070.6273791,49.0,0.0014266034685602,0.0004514491145146,0.0037193249046796,-0.000751472089746,0.0244268442012404,0.1056063433465896,2024,12,3,1
98768.53125,77199817112,6086.490234375,2653.800048828125,106.33999633789062,78.0,759383340.0141702,49.0,0.0284083108720061,0.0060514179242647,0.0034408809408483,-0.0002820946499634,0.0249187324510064,0.0128887996651261,2024,12,4,2
96593.5703125,149218945580,6075.10986328125,2626.60009765625,105.70999908447266,84.0,800710324.5047373,49.0,-0.0222668653122218,-0.0018697756269248,-0.0102494350257797,-0.0059243678306719,0.0228162912899305,0.0092902955092848,2024,12,5,3
99920.7109375,94534772658,6090.27001953125,2638.60009765625,105.97000122070312,72.0,702558736.3396405,49.0,0.0338648017678091,0.0024954538421815,0.004568643704349,0.0024595794010242,0.0247061852753488,-0.0216649904678326,2024,12,6,4
99923.3359375,44177510897,6090.27001953125,2638.60009765625,105.97000122070312,75.0,733553974.7075658,49.0,2.62704848226063e-05,0.0,0.0,0.0,0.0244145066315632,-0.0270067982586963,2024,12,7,5
101236.015625,44125751925,6090.27001953125,2638.60009765625,105.97000122070312,79.0,754217466.9528493,41.0,0.0130513278197411,0.0,0.0,0.0,0.0246017457838463,-0.0605622227144027,2024,12,8,6
97432.71875,110676473908,6052.85009765625,2664.89990234375,106.1500015258789,78.0,862700801.2405878,41.0,-0.0382925034662132,-0.0061442139272964,0.0099673325680769,0.0016985968019467,0.0226888858810701,-0.0281884422166963,2024,12,9,0
96675.4296875,104823780634,6034.91015625,2697.60009765625,106.4000015258789,78.0,795544451.4434165,41.0,-0.0078027935539879,-0.0029638833139443,0.012270703032313,0.0023551577617175,0.0224943035222846,0.0206946487744308,2024,12,10,1
101173.03125,85391409936,6084.18994140625,2733.800048828125,106.70999908447266,74.0,733553974.7075658,41.0,0.0454729495707632,0.0081657860482335,0.0134193171194376,0.0029135108472564,0.0229499678855712,-0.0185211010715862,2024,12,11,2
100043.0,72073983533,6051.25,2687.5,106.95999908447266,83.0,764549213.0754911,41.0,-0.0112321381496044,-0.0054140225278102,-0.01693615041377,0.0023427982583159,0.0232393235432948,-0.0424565874174105,2024,12,12,3
101459.2578125,56894751583,6051.08984375,2656.0,107.0,76.0,878198420.4245505,41.0,0.014057223472297,-2.646663912420077e-05,-0.0117209302325581,0.0003739801408912,0.0230298643401644,-0.0718948531141464,2024,12,13,4
101372.96875,40422968793,6051.08984375,2656.0,107.0,83.0,821373816.7500207,41.0,-0.0008508417934171,0.0,0.0,0.0,0.0227387427458194,-0.0612494547517136,2024,12,14,5
104298.6953125,51145914137,6051.08984375,2656.0,107.0,80.0,707724609.4009614,44.0,0.0284523776965288,0.0,0.0,0.0,0.0236922524386791,-0.1032464377213491,2024,12,15,6
106029.71875,91020417816,6074.080078125,2651.39990234375,106.86000061035156,83.0,796354777.917631,44.0,0.0164605674430301,0.0037993543260221,-0.0017319644790098,-0.001308405510733,0.0231469752179252,-0.1262524127227301,2024,12,16,0
106140.6015625,68589364868,6050.60986328125,2644.39990234375,106.95999908447266,87.0,733677850.1420219,44.0,0.0010452246330361,-0.0038639949658014,-0.0026401147536485,0.0009357895709332,0.0231548689288068,-0.1197599999470042,2024,12,17,1
100041.5390625,93865656139,5872.16015625,2636.5,108.02999877929688,81.0,776835370.7386113,44.0,-0.0591791546537701,-0.0294928463516034,-0.0029874083480143,0.0100037369482322,0.0280032702438569,-0.0561944698440499,2024,12,18,2
97490.953125,97221662392,5867.080078125,2592.199951171875,108.41000366210938,75.0,782230060.8131851,44.0,-0.0258259051251425,-0.000865112324907,-0.0168025976969941,0.0035175866620977,0.0282400700504029,-0.0061962480172439,2024,12,19,3
97755.9296875,105634083408,5930.85009765625,2628.699951171875,107.62000274658205,74.0,814598201.2606272,44.0,0.0027142735531831,0.0108691237689104,0.0140807039146417,-0.0072871588307441,0.0265766858042518,0.0035956898074995,2024,12,20,4
97224.7265625,51765334294,5930.85009765625,2628.699951171875,107.62000274658205,73.0,782230060.8131851,44.0,-0.0054487911721196,0.0,0.0,0.0,0.0265968502641264,0.0104037320110101,2024,12,21,5
95104.9375,43147981314,5930.85009765625,2628.699951171875,107.62000274658205,73.0,836176961.5589218,35.0,-0.0220441803820154,0.0,0.0,0.0,0.0267442550338019,0.0337524372748785,2024,12,22,6
94686.2421875,65239002919,5974.06982421875,2612.300048828125,108.04000091552734,70.0,749861920.3657429,35.0,-0.0044121754491209,0.0072872734685336,-0.0062387882407191,0.0039026032171203,0.0249628879909396,0.0780667135924826,2024,12,23,0
98676.09375,47114953674,6040.0400390625,2620.0,108.26000213623048,73.0,712099089.8437271,35.0,0.0412739940682794,0.0110427592553921,0.0029475753274701,0.0020362941395672,0.0274740917787147,-0.0177691531795156,2024,12,24,1
99299.1953125,33700394629,6040.0400390625,2620.0,108.26000213623048,73.0,814598201.2606272,35.0,0.006294761562737,0.0,0.0,0.0,0.0243670531098921,-0.0428570630568271,2024,12,25,2
95795.515625,47054980873,6037.58984375,2638.800048828125,108.12999725341795,79.0,706704399.7691535,35.0,-0.0359215932968037,-0.0004056587864739,0.0071755911557729,-0.0012008579368851,0.0259385803250772,-0.0345681793233731,2024,12,26,3
94164.859375,52419934565,5970.83984375,2617.199951171875,108.0,74.0,852361031.782643,35.0,-0.0171688048649555,-0.0110557361012355,-0.0081855757376699,-0.0012022311728474,0.0257101806828251,0.0056984500753416,2024,12,27,4
95163.9296875,24107436185,5970.83984375,2617.199951171875,108.0,72.0,771440680.6640378,35.0,0.0105539109069126,0.0,0.0,0.0,0.0260330719327797,-0.0062769154180741,2024,12,28,5
93530.2265625,29635885267,5970.83984375,2617.199951171875,108.0,73.0,853049703.3260739,33.0,-0.0173163173686014,0.0,0.0,0.0,0.0243931700530748,0.0102449333516763,2024,12,29,6
92643.2109375,56188003691,5906.93994140625,2606.10009765625,108.12999725341795,65.0,867710155.9849901,33.0,-0.0095289891917289,-0.0107019957017667,-0.0042411178827413,0.0012036782723885,0.0233886141041858,0.020220720774281,2024,12,30,0
93429.203125,43625106843,5881.6298828125,2629.199951171875,108.48999786376952,64.0,703991258.6293316,33.0,0.0084482900528724,-0.0042848003949274,0.0088637629599874,0.0033293315406994,0.023724706928074,0.0332320478624439,2024,12,31,1
94419.7578125,24519888919,5881.6298828125,2629.199951171875,108.48999786376952,66.0,764021520.9930731,33.0,0.0105463864569463,0.0,0.0,0.0,0.0196030057474442,0.0644434439991166,2025,1,1,2
96886.875,46009564411,5868.5498046875,2658.89990234375,109.38999938964844,70.0,911368528.6131656,33.0,0.0257937106935461,-0.0022238866412221,0.0112961934137558,0.008295709683846,0.0200868557640087,0.0296224978873558,2025,1,2,3
98107.4296875,35611391163,5942.47021484375,2645.0,108.9499969482422,74.0,774936114.1501169,33.0,0.0125190387534922,0.0125960267214919,-0.0052276892151892,-0.0040223278531975,0.0203709619497577,0.0647719484165596,2025,1,3,4
98236.2265625,22342608078,5942.47021484375,2645.0,108.9499969482422,73.0,813137190.1997707,33.0,0.0013119537033578,0.0,0.0,0.0,0.0203007801988926,0.0628265555993576,2025,1,4,5
98314.9609375,20525254825,5942.47021484375,2645.0,108.9499969482422,72.0,851338266.2494245,32.0,0.0008011590284728,0.0,0.0,0.0,0.0192239740310879,0.0282220367179302,2025,1,5,6
102078.0859375,51823432705,5975.3798828125,2638.39990234375,108.26000213623048,76.0,725820444.9434196,32.0,0.0375618565168178,0.0055380450854503,-0.0024953110231569,-0.0063331329172914,0.0213084390689425,-0.0006017146034419,2025,1,6,0
96922.703125,58685738547,5909.02978515625,2656.699951171875,108.54000091552734,78.0,731277741.5219413,32.0,-0.0518242829786952,-0.0111039128821078,0.0069360405948577,0.0025863548288549,0.0233717320263523,0.0951641070937165,2025,1,7,1
95043.5234375,63875859171,5918.25,2664.5,109.08999633789062,70.0,682162072.3152436,32.0,-0.0195788576965656,0.0015603601909253,0.0029359916330349,0.0050672140936438,0.0237572818803712,0.0905853083262593,2025,1,8,2
92484.0390625,62777261693,5918.25,2683.800048828125,109.18000030517578,69.0,829509079.9353366,32.0,-0.0272988491790357,0.0,0.0072434035759523,0.0008250432698373,0.0229721329275171,0.1240877120942405,2025,1,9,3
94701.453125,62058693684,5827.0400390625,2708.5,109.6500015258789,50.0,774936114.1501169,32.0,0.0236932656291591,-0.0154116438030668,0.0092033499972026,0.0043048289008005,0.0235518124005892,0.1068413515962087,2025,1,10,4
94566.59375,18860894100,5827.0400390625,2708.5,109.6500015258789,69.0,753106927.8360293,32.0,-0.0014250624978636,0.0,0.0,0.0,0.0233799298559059,0.1073112003412939,2025,1,11,5
94488.4375,20885130965,5827.0400390625,2708.5,109.6500015258789,62.0,939753829.6056752,32.0,-0.0008268095689983,0.0,0.0,0.0,0.0228697208344164,0.0867202666992985,2025,1,12,6
94516.5234375,72978998252,5836.22021484375,2673.5,109.95999908447266,61.0,702796044.3776932,32.0,0.000297197889065,0.0015754440882007,-0.0129222817057411,0.0028271550777916,0.0226742684108119,0.0801041319246842,2025,1,13,0
96534.046875,53769675818,5842.91015625,2677.5,109.2699966430664,63.0,845551490.8919123,32.0,0.0211210930715595,0.001146279811244,0.0014961660744343,-0.0062750313491379,0.0232253734935126,0.0497071224385048,2025,1,14,1
100504.4921875,57805923627,5949.91015625,2712.5,109.08999633789062,70.0,763192579.4414012,32.0,0.040306661406227,0.0183127922796391,0.0130718954248365,-0.0016472985330434,0.0253695400078542,0.03182662466502,2025,1,15,2
99756.90625,54103781805,5937.33984375,2746.39990234375,108.95999908447266,75.0,702796044.3776932,32.0,-0.0074661359209996,-0.0021126894641922,0.0124976598502304,-0.0011916514600964,0.024774962310811,0.0499053010427537,2025,1,16,3
104462.0390625,71888972663,5996.66015625,2744.300048828125,109.3499984741211,75.0,823589114.5051093,32.0,0.0460874538869578,0.0099910589693537,-0.0007645840337501,0.0035792895826485,0.027450479895448,-0.0196915132373519,2025,1,17,4
104408.0703125,50445655726,5996.66015625,2744.300048828125,109.3499984741211,77.0,713777232.5710948,32.0,-0.0005167685444558,0.0,0.0,0.0,0.0274729201598595,-0.0359374907635926,2025,1,18,5
101089.609375,76789928525,5996.66015625,2744.300048828125,109.3499984741211,77.0,823589114.5051093,41.0,-0.0322996292772464,0.0,0.0,0.0,0.0291582894252835,-0.0336397858644905,2025,1,19,6
102016.6640625,126279678351,5996.66015625,2744.300048828125,109.3499984741211,76.0,834570302.6985108,41.0,0.009128828074566,0.0,0.0,0.0,0.0273861131825771,-0.0059915916004225,2025,1,20,0
106146.265625,88733878242,6049.240234375,2755.0,108.05999755859376,76.0,730249014.861197,41.0,0.0396818342587629,0.0087682271055828,0.003898972773201,-0.011796990704418,0.0251014254293978,-0.0779532399352839,2025,1,21,1
103653.0703125,53878181052,6086.3701171875,2767.60009765625,108.16999816894533,84.0,823589114.5051093,41.0,-0.0237685469930422,0.0061379415222275,0.0045735381692377,0.0010179586603442,0.025451976936068,-0.0678959627416969,2025,1,22,2
103960.171875,104104515428,6118.7099609375,2763.10009765625,108.0500030517578,75.0,746720797.1512991,41.0,0.0029584026842157,0.0053134862204113,-0.0016259574509376,-0.0011093197672065,0.0236186239054266,-0.0708624742257815,2025,1,23,3
104819.484375,52388229265,6101.240234375,2777.300048828125,107.44000244140624,75.0,768683173.5381019,41.0,0.0082318111627812,-0.0028551323193988,0.0051391374434535,-0.005645539964116,0.0232038257763384,-0.079092150537971,2025,1,24,4
104714.6484375,23888996502,6101.240234375,2777.300048828125,107.44000244140624,75.0,702796044.3776932,41.0,-0.0010006574570037,0.0,0.0,0.0,0.0231915244632756,-0.078615508291693,2025,1,25,5
102682.5,22543395879,6101.240234375,2777.300048828125,107.44000244140624,73.0,752211391.2479999,32.0,-0.0195973135639243,0.0,0.0,0.0,0.0242169844401015,-0.0602089572225063,2025,1,26,6
102087.6875,89006608428,6012.27978515625,2737.5,107.33999633789062,71.0,841602268.6110247,32.0,-0.0058095778514481,-0.0145807156908095,-0.0143304821691551,-0.0009308088350999,0.0243858071899236,-0.0455503785654857,2025,1,27,0
101332.4765625,47180685494,6067.7001953125,2766.800048828125,107.87000274658205,72.0,795344639.2008113,32.0,-0.0074251676153959,0.0092178694499676,0.0107032141837899,0.0049376413897297,0.0241847706194166,-0.0551160601661131,2025,1,28,1
103703.2109375,47432049818,6039.31005859375,2769.10009765625,108.0,72.0,832962291.0549035,32.0,0.0231261207465303,-0.0046788957603215,0.0008313028724642,0.0012051288598124,0.0224800482888252,-0.0560961566176192,2025,1,29,2
104735.3046875,41915744521,6071.169921875,2823.0,107.8000030517578,70.0,779222788.4062003,32.0,0.0099031811077267,0.0052754144053117,0.0194647721075054,-0.001851823594835,0.0223704836070932,-0.0774470225126302,2025,1,30,3
102405.0234375,45732764360,6040.52978515625,2812.5,108.37000274658205,76.0,671743783.1087936,32.0,-0.022500491172309,-0.0050468257540199,-0.0037194473963868,0.0052875665926517,0.0195086778414871,-0.0478106886083392,2025,1,31,4
100655.90625,27757944848,6040.52978515625,2812.5,108.37000274658205,68.0,988806848.7361436,32.0,-0.0172279369718287,0.0,0.0,0.0,0.0199582923403649,-0.0305551338424315,2025,2,1,5
97688.9765625,63091816853,6040.52978515625,2812.5,108.37000274658205,60.0,918945495.2928294,33.0,-0.0299191082065488,0.0,0.0,0.0,0.0197051155300119,-0.0154976064421291,2025,2,2,6
101405.421875,115400897748,5994.56982421875,2833.89990234375,108.98999786376952,44.0,822214390.5251629,33.0,0.0373378366646468,-0.0076085976846667,0.0076088541666665,0.0057210953351853,0.0223298155934305,-0.0555398218198084,2025,2,3,0
97871.8203125,73002130211,6037.8798828125,2853.300048828125,107.95999908447266,72.0,703987484.6980155,33.0,-0.0354678933406194,0.0072248818286797,0.0068457416115264,-0.0094503972794302,0.0207964626929137,-0.0238298769763672,2025,2,4,1
96615.4453125,49125911241,6061.47998046875,2871.60009765625,107.58000183105467,54.0,773848838.1413299,33.0,-0.0129200487537533,0.0039086729306143,0.006413643330515,-0.0035197967454653,0.0202793093995339,0.0002087043374356,2025,2,5,2
96593.296875,45302471947,6083.56982421875,2856.0,107.69000244140624,49.0,779222788.4062003,33.0,-0.0002292695179964,0.0036442987226186,-0.0054325453147123,0.0010225005435891,0.0202028884688923,0.0180203045274718,2025,2,6,3
96529.0859375,55741290456,6025.990234375,2867.300048828125,108.04000091552734,44.0,929693395.82257,33.0,-0.0006649766736617,-0.0094647701115428,0.0039565997297357,0.0032500554014893,0.0198887570168585,-0.004180491906463,2025,2,7,4
96482.453125,22447526395,6025.990234375,2867.300048828125,108.04000091552734,44.0,859832042.3792553,33.0,-0.0004832126994466,0.0,0.0,0.0,0.0198986032576486,0.0009877929552279,2025,2,8,5
96500.09375,27732901800,6025.990234375,2867.300048828125,108.04000091552734,46.0,795293751.4100475,24.0,0.0001828209372794,0.0,0.0,0.0,0.0195422545937846,-0.002343747723043,2025,2,9,6
97437.5546875,40078962391,6066.43994140625,2914.300048828125,108.31999969482422,43.0,788864727.616627,24.0,0.0096677282279949,0.0067125410858628,0.0163917271299209,0.0025916214080357,0.0198844922576351,-0.0617768254940844,2025,2,10,0
95747.4296875,37488783272,6068.5,2912.5,107.95999908447266,47.0,703735440.4637535,24.0,-0.017497924369383,0.0003395827888592,-0.0006176607754746,-0.003323491611575,0.0202231680706346,-0.0732265903678387,2025,2,11,1
97885.859375,49340445530,6051.97021484375,2909.0,107.94000244140624,46.0,754813012.7554775,24.0,0.0220883159193474,-0.0027238667143857,-0.0012017167381974,-0.0001852227050387,0.0201148500982048,-0.1383124796977346,2025,2,12,2
96623.8671875,37147280860,6115.06982421875,2925.89990234375,107.30999755859376,50.0,896695158.0102665,24.0,-0.0129763165895201,0.0104262921222306,0.005809522978257,-0.0058366209798308,0.0198268247632431,-0.1233612457455234,2025,2,13,3
97508.96875,32697987277,6114.6298828125,2883.60009765625,106.56999969482422,48.0,862643443.1491172,24.0,0.0091185779172292,-7.194380749464546e-05,-0.0144570238556747,-0.006895889298343,0.0195683742066999,-0.1347154123963596,2025,2,14,4
97580.3515625,17047266288,6114.6298828125,2883.60009765625,106.56999969482422,50.0,908045729.6306496,24.0,0.0007317962415499,0.0,0.0,0.0,0.0191797776243615,-0.1183479800500949,2025,2,15,5
96175.03125,16536755396,6114.6298828125,2883.60009765625,106.56999969482422,54.0,856968157.3389257,22.0,-0.0145063836274556,0.0,0.0,0.0,0.0179018249967588,-0.0200330549671643,2025,2,16,6
95773.3828125,27336550690,6114.6298828125,2883.60009765625,106.56999969482422,51.0,777514155.996244,22.0,-0.0041849684006622,0.0,0.0,0.0,0.0139431730372633,-0.1013612618915762,2025,2,17,0
95539.546875,37325720482,6129.580078125,2931.60009765625,107.0500030517578,47.0,794540013.4268184,22.0,-0.0024445399934847,0.0024449877750611,0.0166458587787583,0.0045041133368504,0.010749392330416,-0.0870566360690623,2025,2,18,1
96635.609375,28990872862,6144.14990234375,2919.39990234375,107.16999816894533,44.0,715086012.0841366,22.0,0.0114070351899248,0.0023769693899173,-0.0041616164913672,0.0011209258642381,0.0107697633996969,-0.0622135764847294,2025,2,19,2
98333.9375,31668022771,6117.52001953125,2940.0,106.33999633789062,49.0,737787155.324903,22.0,0.0174219113580324,-0.0043341850761716,0.0070562781206204,-0.0077447218926537,0.0117393734144212,-0.0851406050683163,2025,2,20,3
96125.546875,49608706470,6013.1298828125,2937.60009765625,106.61000061035156,55.0,732111869.5147113,22.0,-0.0227140947042454,-0.0170641267025635,-0.0008162933142006,0.0025390660312138,0.0133589156550019,-0.0976106280279615,2025,2,21,4
96577.7578125,18353824477,6013.1298828125,2937.60009765625,106.61000061035156,49.0,788864727.616627,22.0,0.0046933473021967,0.0,0.0,0.0,0.0134227356476706,-0.1079250988901187,2025,2,22,5
96273.921875,16999478976,6013.1298828125,2937.60009765625,106.61000061035156,50.0,728533880.978175,35.0,-0.0031509830703417,0.0,0.0,0.0,0.0134516434305792,-0.1627946852819535,2025,2,23,6
91418.171875,44046480529,5983.25,2947.89990234375,106.5999984741211,49.0,714530229.8374169,35.0,-0.0517532055364913,-0.0049691065044024,0.0035061970129008,-9.381986842893486e-05,0.0186739519167109,-0.1409585382282618,2025,2,24,0
88736.171875,92139104128,5955.25,2904.5,106.30999755859376,25.0,807968798.3546175,35.0,-0.0297766693549972,-0.0046797309154723,-0.0147223120802861,-0.0027204589088033,0.0195680629130762,-0.0661957893087215,2025,2,25,1
84347.0234375,64597492134,5956.06005859375,2916.800048828125,106.41999816894533,21.0,862932662.1882651,35.0,-0.0507280862209708,0.0001360242800469,0.0042348248676622,0.0010347155759355,0.0211322517502188,-0.007405881524235,2025,2,26,2
84704.2265625,52659591954,5861.56982421875,2883.199951171875,107.23999786376952,10.0,824457957.5047117,35.0,0.0042259806609508,-0.0158645536555098,-0.0115195066832741,0.0077053158140676,0.0214677800602649,-0.0429438244715688,2025,2,27,3
84373.0078125,83610570576,5954.5,2836.800048828125,107.61000061035156,16.0,857436275.8049003,35.0,-0.003917962993897,0.0158541446349889,-0.0160931961464867,0.0034502308276065,0.0208869804773168,-0.0047871500669691,2025,2,28,4
86031.9140625,29190628396,5954.5,2836.800048828125,107.61000061035156,20.0,791479639.2045234,35.0,0.0194707833624157,0.0,0.0,0.0,0.0222111234425061,-0.0196299792455288,2025,3,1,5
94248.3515625,58398341092,5954.5,2836.800048828125,107.61000061035156,26.0,692544684.3039575,37.0,0.0912150149568651,0.0,0.0,0.0,0.0354983030759373,-0.1238076196458675,2025,3,2,6
86065.671875,70072228536,5849.72021484375,2890.199951171875,106.75,33.0,824457957.5047117,37.0,-0.090822704829456,-0.0175967394669998,0.0188239923239599,-0.0079918279479019,0.042308321062434,-0.0231216968583038,2025,3,3,0
87222.1953125,68095241474,5778.14990234375,2909.60009765625,105.73999786376952,15.0,802472411.9712528,37.0,0.0133482006343723,-0.0122348266022004,0.0067123890430171,-0.0094613783253439,0.0426449668750323,-0.0516347392583291,2025,3,4,1
90623.5625,50498988027,5842.6298828125,2915.300048828125,105.73999786376952,20.0,736515775.3708757,37.0,0.0382554190530362,0.0111592778931879,0.0019590153218878,0.0,0.0441041405130009,-0.0415933321700965,2025,3,5,2
89961.7265625,47749810486,5738.52001953125,2916.60009765625,104.05999755859376,25.0,934385685.1720064,37.0,-0.0073299315153257,-0.0178190070857499,0.0004459399740508,-0.0158880304436946,0.0436812421013849,-0.064411072034887,2025,3,6,3
86742.671875,65945677657,5770.2001953125,2904.699951171875,103.83999633789062,34.0,780486866.4377937,37.0,-0.0364383782693103,0.005520617802748,-0.0040801433470216,-0.0021141766852267,0.0442220776748346,-0.0311199739315154,2025,3,7,4
86154.59375,18206118081,5770.2001953125,2904.699951171875,103.83999633789062,28.0,753004934.5209701,37.0,-0.0068026569501216,0.0,0.0,0.0,0.0441065285360275,-0.0269528213636315,2025,3,8,5
80601.0390625,30899345977,5770.2001953125,2904.699951171875,103.83999633789062,27.0,878012411.8108668,32.0,-0.0666317432215321,0.0,0.0,0.0,0.0466416641814597,0.0676583825832735,2025,3,9,6
78532.0,54061099422,5614.56005859375,2891.0,103.91000366210938,20.0,858547242.188255,32.0,-0.0260053559872769,-0.0269730913054258,-0.0047164772273115,0.0006741845790416,0.0455114915795687,0.1141816592280853,2025,3,10,0
82862.2109375,54702837196,5572.06982421875,2912.89990234375,103.44000244140624,24.0,769347528.7141508,32.0,0.0536729340651247,-0.0075678653236531,0.0075751997038222,-0.0045231566176386,0.048244925807606,0.055628399669142,2025,3,11,1
83722.359375,40353484454,5599.2998046875,2939.10009765625,103.61000061035156,34.0,852972260.0961236,32.0,0.0103269598158153,0.0048868699294464,0.0089945402145192,0.0016434470701178,0.0465078608679148,0.0379650485393407,2025,3,12,2
81066.703125,31412940153,5521.52001953125,2984.300048828125,103.83000183105467,45.0,886422152.6489124,32.0,-0.0322337677609114,-0.0138909842068353,0.0153788403490984,0.0021233589364648,0.0472706406929123,0.0753749468271594,2025,3,13,3
83969.1015625,29588112414,5638.93994140625,2994.5,103.72000122070312,27.0,791647457.0826768,32.0,0.0351765814759244,0.0212658690830878,0.0034178705240714,-0.001059429918248,0.0483329265558005,0.00457366897887,2025,3,14,4
84343.109375,13650491277,5638.93994140625,2994.5,103.72000122070312,46.0,735897636.1613616,32.0,0.0044442221512711,0.0,0.0,0.0,0.0480450441667863,-0.020695507320452,2025,3,15,5
82579.6875,21330270174,5638.93994140625,2994.5,103.72000122070312,30.0,808372403.3590714,24.0,-0.0211293785421946,0.0,0.0,0.0,0.0394930439416661,-0.0029688179977672,2025,3,16,6
84075.6875,25092785558,5675.1201171875,3000.0,103.37000274658205,32.0,780497492.8984137,24.0,0.0179536985740853,0.0064161307191059,0.0018367006177992,-0.0033744549749507,0.0329304050536386,-0.0181595117791929,2025,3,17,0
82718.5,24095774594,5614.66015625,3035.10009765625,103.23999786376952,34.0,791647457.0826768,24.0,-0.0162741576821944,-0.0106535121176365,0.0117000325520832,-0.001257665467333,0.0328703682086407,0.0296266479082671,2025,3,18,1
86854.2265625,34931960257,5675.2900390625,3035.89990234375,103.43000030517578,32.0,847397278.0039921,24.0,0.048787879453061,0.0107984955678945,0.0002635183887733,0.0018403956348098,0.0340683423849244,-0.0502970989196067,2025,3,19,2
84167.1953125,29028988961,5662.89013671875,3040.0,103.8499984741211,49.0,791647457.0826768,24.0,-0.0314259156183106,-0.0021848931523151,0.0013505378267197,0.0040606996781018,0.0349005232796466,-0.0126458673542365,2025,3,20,3
84043.2421875,19030452299,5667.56005859375,3018.199951171875,104.08999633789062,31.0,808372403.3590714,24.0,-0.00147378663629,0.0008246534476661,-0.0071710686934621,0.0023110049811829,0.0336944224515177,-0.0023730343429048,2025,3,21,4
83832.484375,9863214091,5667.56005859375,3018.199951171875,104.08999633789062,32.0,836247313.819729,24.0,-0.0025108802510379,0.0,0.0,0.0,0.0336644920387168,-0.003908836800472,2025,3,22,5
86054.375,12594615537,5667.56005859375,3018.199951171875,104.08999633789062,30.0,876571559.8921037,22.0,0.0261587898176756,0.0,0.0,0.0,0.0290200519674906,-0.0911039168548955,2025,3,23,6
87498.9140625,34582604933,5767.56982421875,3013.10009765625,104.26000213623048,45.0,870857131.0489082,22.0,0.016647018673748,0.0176460001466336,-0.0016897003505831,0.0016332577992219,0.0277507409206362,-0.0944420649506274,2025,3,24,0
87471.703125,30005840049,5776.64990234375,3023.699951171875,104.18000030517578,46.0,842582548.8719956,22.0,-0.0003110343685901,0.0015743334544251,0.0035179227944899,-0.0007673300346776,0.0242590055973221,-0.1280385496095255,2025,3,25,1
86900.8828125,26704046038,5712.2001953125,3020.89990234375,104.5500030517578,47.0,859547298.1781431,22.0,-0.0065471570368691,-0.0111569349226271,-0.0009260339561932,0.0035515717555978,0.0243454145610984,-0.0497915504130829,2025,3,26,2
87177.1015625,24413471941,5693.31005859375,3060.199951171875,104.06999969482422,40.0,836927632.4366131,22.0,0.0031735085032361,-0.0033069808607638,0.0130093846531076,-0.0045911367089674,0.0222174085600385,-0.0866163339014716,2025,3,27,3
84353.1484375,34198619509,5580.93994140625,3086.5,104.04000091552734,44.0,870857131.0489082,22.0,-0.032929565500329,-0.019737220708344,0.0085942256217779,-0.0002882557834615,0.0225201234507795,-0.0112421707733011,2025,3,28,4
82597.5859375,16969396135,5580.93994140625,3086.5,104.04000091552734,26.0,797343217.3889353,22.0,-0.0210316800081276,0.0,0.0,0.0,0.0231865746761216,0.0325617680828482,2025,3,29,5
82334.5234375,14763760943,5580.93994140625,3086.5,104.04000091552734,32.0,774723551.6474054,25.0,-0.0031899515997126,0.0,0.0,0.0,0.022504227468941,0.0164020275896188,2025,3,30,6
82548.9140625,29004228247,5611.85009765625,3122.800048828125,104.20999908447266,34.0,836927632.4366131,25.0,0.002600512811616,0.0055385215706533,0.0117609100366515,0.0016339693142,0.021919059188439,0.0241490343651362,2025,3,31,0
85169.171875,28175650319,5633.06982421875,3118.89990234375,104.26000213623048,34.0,763413718.7766403,25.0,0.0312485205315683,0.0037812354559083,-0.0012489260994595,0.0004798296919403,0.0230935693708799,-0.0176141161698949,2025,4,1,1
82485.7109375,47584398470,5670.97021484375,3139.89990234375,103.80999755859376,44.0,972645626.8857932,25.0,-0.0320144583229852,0.0067281947157926,0.0067331433061443,-0.004316176562597,0.0202520426091106,0.0187687810701304,2025,4,2,2
83102.828125,36852112080,5396.52001953125,3097.0,102.06999969482422,25.0,859547298.1781431,25.0,0.007453656492041,-0.0483956333599014,-0.0136628248281824,-0.0167613708187154,0.0187972130312802,0.0215747395780943,2025,4,3,3
83843.8046875,45157640207,5074.080078125,3012.0,103.0199966430664,28.0,1017884958.3688536,25.0,0.008876865806506,-0.059749605345531,-0.0274459154020019,0.0093073082304551,0.0189705121796749,0.0072396523781619,2025,4,4,4
83504.796875,14380803631,5074.080078125,3012.0,103.0199966430664,30.0,948981343.907835,25.0,-0.0040515220690735,0.0,0.0,0.0,0.0189905425039287,0.0186650018421472,2025,4,5,5
78214.484375,36294853736,5074.080078125,3012.0,103.0199966430664,34.0,875826848.0097468,31.0,-0.065449225225095,0.0,0.0,0.0,0.0238628977890938,0.088983777980701,2025,4,6,6
79235.3359375,91262424987,5062.25,2951.300048828125,103.26000213623048,23.0,875826848.0097468,31.0,0.012967507560798,-0.0023314724921273,-0.0201527062323622,0.0023296981264289,0.0236016550673497,0.1045438908599314,2025,4,7,0
76271.953125,48314590749,4982.77001953125,2968.39990234375,102.95999908447266,24.0,924148329.2792498,31.0,-0.0381170762617496,-0.0157005245629413,0.0057940071265931,-0.0029053171174838,0.024865339418451,0.2251146954616549,2025,4,8,1
82573.953125,84213627038,5456.89990234375,3056.5,102.9000015258789,18.0,791264255.7881161,31.0,0.079389009442381,0.0951538764490484,0.0296793223806162,-0.0005827268757503,0.0350149775985658,0.1347296069640604,2025,4,9,2
79626.140625,44718000633,5268.0498046875,3155.199951171875,100.87000274658205,39.0,869786662.851059,31.0,-0.0363518545774045,-0.0346075795847269,0.0322918210933667,-0.0197278790009185,0.0360081672160139,0.1798110034922968,2025,4,10,3
83404.8359375,41656778779,5363.35986328125,3222.199951171875,99.77999877929688,25.0,893947403.4858105,31.0,0.0463638537952745,0.0180920952017089,0.0212347873468734,-0.0108060269416626,0.0377623935942583,0.135671558313231,2025,4,11,4
85287.109375,24258059104,5363.35986328125,3222.199951171875,99.77999877929688,43.0,869786662.851059,31.0,0.0223170294885674,0.0,0.0,0.0,0.0377164433462327,0.1097448416424302,2025,4,12,5
83684.9765625,28796984817,5363.35986328125,3222.199951171875,99.77999877929688,45.0,1038911847.29432,19.0,-0.0189638521368721,0.0,0.0,0.0,0.0381396138716459,0.1203306447720558,2025,4,13,6
84542.390625,34090769777,5405.97021484375,3204.800048828125,99.63999938964844,31.0,899987588.6444983,19.0,0.010193602875445,0.0079447123908689,-0.0054000070161449,-0.0014030806911322,0.0382061279192361,0.1234452834589452,2025,4,14,0
83668.9921875,28040322885,5396.6298828125,3218.699951171875,100.22000122070312,38.0,869786662.851059,19.0,-0.0103846276257749,-0.0017277808903947,0.0043372135958474,0.0058209738519423,0.0373642000233578,0.1268785077655803,2025,4,15,1
84033.8671875,29617804112,5275.7001953125,3326.60009765625,99.37999725341795,29.0,893947403.4858105,19.0,0.0043514532442251,-0.0224083715440897,0.0335228968593641,-0.0083816000504262,0.0362983907820272,0.1210636336633248,2025,4,16,2
84895.75,21276866029,5282.7001953125,3308.699951171875,99.37999725341795,30.0,924148329.2792498,19.0,0.0102041347801538,0.0013268380955802,-0.0053809132323979,0.0,0.036338559062666,0.136597956169773,2025,4,17,3
84450.8046875,12728372364,5282.7001953125,3308.699951171875,99.37999725341795,33.0,821465181.5815556,19.0,-0.0052548613958862,0.0,0.0,0.0,0.0363322707474439,0.1475328230572108,2025,4,18,4
85063.4140625,15259300427,5282.7001953125,3308.699951171875,99.37999725341795,32.0,847396221.1293446,19.0,0.0072278543535026,0.0,0.0,0.0,0.0363341760572816,0.1272977687510155,2025,4,19,5
85174.3046875,14664050812,5282.7001953125,3308.699951171875,99.37999725341795,37.0,753499802.4397362,23.0,0.0013027740444132,0.0,0.0,0.0,0.0311351996037522,0.107328987404597,2025,4,20,6
87518.90625,41396190190,5158.2001953125,3406.199951171875,98.27999877929688,39.0,771877846.401681,23.0,0.0271550412785429,-0.0235674930238275,0.0294677672314975,-0.0110686104298847,0.0316046209507082,0.082600991571464,2025,4,21,0
93441.890625,55899038456,5287.759765625,3400.800048828125,98.91999816894533,47.0,949532271.367147,23.0,0.0654849109954958,0.0251172047238952,-0.0015853157246075,0.0065120003825565,0.0325630118880428,0.0359644471555768,2025,4,22,1
93699.109375,41719568821,5375.85986328125,3276.300048828125,99.83999633789062,72.0,698365670.5539016,23.0,0.0027489316822658,0.01666113847096,-0.0366090326430397,0.0093004264655771,0.0261938727861409,0.0355735605144325,2025,4,23,2
93943.796875,31483175315,5484.77001953125,3332.0,99.29000091552734,63.0,863768066.2114046,23.0,0.0026080137382399,0.0202591137082812,0.0170008699880213,-0.0055087684548977,0.0229183674856702,0.0989704948254466,2025,4,24,3
94720.5,40915232364,5525.2099609375,3282.39990234375,99.47000122070312,60.0,882146110.1733494,23.0,0.0082337519699069,0.0073731334699984,-0.0148859836903511,0.0018128744437106,0.0205401727665273,0.087102069377801,2025,4,25,4
94646.9296875,17612825123,5525.2099609375,3282.39990234375,99.47000122070312,65.0,814759948.9795519,23.0,-0.0007770112983303,0.0,0.0,0.0,0.0203283615194868,0.1061777542143262,2025,4,26,5
93754.84375,18090367764,5525.2099609375,3282.39990234375,99.47000122070312,61.0,827011978.2875152,19.0,-0.0094701083571384,0.0,0.0,0.0,0.0195302792629208,0.1104104621261234,2025,4,27,6
94978.75,32363449569,5528.75,3332.5,99.01000213623048,54.0,863768066.2114046,19.0,0.0129698521864596,0.0006407067039131,0.0152632522382409,-0.004624500641676,0.0195659723441022,0.0824837463643184,2025,4,28,0
94284.7890625,25806129921,5560.830078125,3318.800048828125,99.23999786376952,60.0,894398139.4813126,19.0,-0.0073333094254447,0.005802410694099,-0.0041110131048387,0.0023229544750702,0.0193574036959143,0.1048421864840505,2025,4,29,1
94207.3125,28344679831,5569.06005859375,3305.0,99.47000122070312,56.0,808633934.3255703,19.0,-0.0008220669855229,0.0014799913597656,-0.0041581440957848,0.002317647741683,0.0194965810257533,0.0990592058604793,2025,4,30,2
96492.3359375,32875889623,5604.14013671875,3210.0,100.25,53.0,827011978.2875152,19.0,0.0239657788961881,0.0062991021385856,-0.0287443267776096,0.0078415479011226,0.0199545582099964,0.0751593856344969,2025,5,1,3
96910.0703125,26421924677,5686.669921875,3231.89990234375,100.0,67.0,974036329.9830736,19.0,0.0043198534363241,0.0147265741296347,0.0068223994840341,-0.0024937655860348,0.0195759809926572,0.06788993887616,2025,5,2,4
95891.796875,15775154889,5686.669921875,3231.89990234375,100.0,65.0,999957994.459352,19.0,-0.0105629983809011,0.0,0.0,0.0,0.02033206601848,0.0761200571933697,2025,5,3,5
94315.9765625,18198688416,5686.669921875,3231.89990234375,100.0,64.0,823060870.7158544,22.0,-0.0165698419005678,0.0,0.0,0.0,0.0213604648659635,0.1286105672877366,2025,5,4,6
94748.0546875,25816260327,5650.3798828125,3311.300048828125,99.83000183105467,52.0,1036227714.9300332,22.0,0.0045707147400871,-0.0063815975889338,0.0245676378859365,-0.0016999816894531,0.0205725658774301,0.1145999781822697,2025,5,5,0
96802.4765625,26551275827,5606.91015625,3411.39990234375,99.23999786376952,59.0,817139569.4876828,22.0,0.021451265529472,-0.0076932396518555,0.03022977442079,-0.005910086712045,0.011705999313314,0.1031854734475816,2025,5,6,1
97032.3203125,76983822462,5631.27978515625,3381.39990234375,99.61000061035156,67.0,894116485.453914,22.0,0.0023715438242239,0.0043463562331358,-0.008794043752944,0.0037283631050653,0.0117060321856289,0.1303252129988581,2025,5,7,2
103241.4609375,69895404397,5663.93994140625,3296.60009765625,100.63999938964844,65.0,941486895.2792872,22.0,0.0620264035337455,0.0057997750948355,-0.0250783128693895,0.0103403149581933,0.0201639516364118,0.0816708736580591,2025,5,8,3
102970.8515625,58198593958,5659.91015625,3335.39990234375,100.33999633789062,73.0,828982171.944026,22.0,-0.0026245719962845,-0.0007114809122162,0.011769642522029,-0.0029809524401553,0.0203185212476203,0.0419239546628373,2025,5,9,4
104696.328125,42276713994,5659.91015625,3335.39990234375,100.33999633789062,70.0,888195184.2257423,22.0,0.0166180931818683,0.0,0.0,0.0,0.0203976401702557,0.0295600445634063,2025,5,10,5
104106.359375,46285517406,5659.91015625,3335.39990234375,100.33999633789062,70.0,882273882.9975705,23.0,-0.0056509839700759,0.0,0.0,0.0,0.0201808227237432,0.0473461110309814,2025,5,11,6
102812.953125,63250475404,5844.18994140625,3220.0,101.79000091552734,70.0,858588678.0848842,23.0,-0.0125017146072706,0.0325587827490083,-0.0345985206339605,0.0144509132006931,0.0207994499430097,0.0644608861146356,2025,5,12,0
104169.8125,52608876410,5886.5498046875,3240.300048828125,101.0,70.0,769769159.6623099,23.0,0.0131110318075239,0.0072482009835321,0.0063043629901009,-0.0077610856510644,0.0205200514263803,0.046316951228073,2025,5,13,1
103539.4140625,45956071155,5892.580078125,3181.39990234375,101.04000091552734,73.0,852667376.8567126,23.0,-0.0060700276394064,0.0010244155978598,-0.0181773741927623,0.0003960486685876,0.0207265812050416,0.0411718967226022,2025,5,14,2
103744.640625,50408241840,5916.93017578125,3220.699951171875,100.87999725341795,70.0,864509979.3130558,23.0,0.0019801487371228,0.0041323320741357,0.01235306784261,-0.0015835675045484,0.0201438653481833,0.0182864114817979,2025,5,15,3
103489.2890625,44386499364,5958.3798828125,3182.0,101.08999633789062,71.0,805296967.0313396,23.0,-0.002464381118651,0.0070052722948985,-0.0120160063832688,0.0020816721866587,0.0202523939214871,0.004921101058994,2025,5,16,4
103191.0859375,37898552742,5958.3798828125,3182.0,101.08999633789062,74.0,853317480.0820746,23.0,-0.0028856472892223,0.0,0.0,0.0,0.0199060600189258,0.0140226047565428,2025,5,17,5
106446.0078125,49887082058,5958.3798828125,3182.0,101.08999633789062,74.0,979723251.2998108,28.0,0.0310554149584064,0.0,0.0,0.0,0.0199816621309115,-0.0074582999054171,2025,5,18,6
105606.1796875,61761126647,5963.60009765625,3228.89990234375,100.43000030517578,74.0,852722089.09428,28.0,-0.0079209983726465,0.0008761131291423,0.014739127072203,-0.0065287966824019,0.0204593269323302,0.0026073432758839,2025,5,19,0
106791.0859375,36515726122,5940.4599609375,3280.300048828125,100.12000274658205,71.0,895055809.829457,28.0,0.0111575687100767,-0.0038802294486252,0.0159187797822613,-0.0030867027546724,0.0201079083843473,-0.0127221965726159,2025,5,20,1
109678.078125,78086364051,5844.60986328125,3309.300048828125,99.55999755859376,70.0,870865112.2664988,28.0,0.026675054496876,-0.0161351306610142,0.0088406546865613,-0.0055933397185948,0.0207213637926383,-0.0450964662634126,2025,5,21,2
111673.28125,70157575642,5842.009765625,3292.300048828125,99.95999908447266,72.0,907151158.610936,28.0,0.0180279639423643,-0.0004448710379429,-0.0051370379685032,0.0040176932069879,0.0138425457072903,-0.0904184780099313,2025,5,22,3
107287.796875,67548133399,5802.81982421875,3363.60009765625,99.11000061035156,78.0,937389530.5646338,28.0,-0.0400625623389945,-0.0067082978253216,0.0216566071654082,-0.0085033861735311,0.0182904475052389,-0.0270063624139452,2025,5,23,4
107791.15625,45903627163,5802.81982421875,3363.60009765625,99.11000061035156,66.0,852722089.09428,28.0,0.0046807024740768,0.0,0.0,0.0,0.0178767055459105,-0.0201828361962672,2025,5,24,5
109035.390625,47518041841,5802.81982421875,3363.60009765625,99.11000061035156,74.0,913198833.0016756,24.0,0.0114768975511843,0.0,0.0,0.0,0.0178847352441321,-0.0297311007822145,2025,5,25,6
109440.3671875,45950461571,5802.81982421875,3363.60009765625,98.93000030517578,73.0,925294181.7831548,24.0,0.0037072948540294,0.0,0.0,-0.001816166926317,0.0172925741132258,0.0078009092708664,2025,5,26,0
108994.640625,57450176272,5921.5400390625,3299.10009765625,99.5199966430664,74.0,852722089.09428,24.0,-0.0040810965752039,0.0204590558452733,-0.0191758824257805,0.0059637757613526,0.0172489192561265,0.0115839984678145,2025,5,27,1
107802.328125,49155377493,5888.5498046875,3293.60009765625,99.87999725341795,71.0,991818600.08129,24.0,-0.010999457493792,-0.0055712254172688,-0.0016671212867737,0.0036173695990235,0.0175020543727888,0.00820294784334,2025,5,28,2
105641.7578125,56022752042,5912.169921875,3317.10009765625,99.27999877929688,74.0,961580228.1275918,24.0,-0.0202455280092545,0.0040111942619043,0.0071350495819826,-0.0060071935384495,0.018561135270288,0.0027195389488872,2025,5,29,3
103998.5703125,57655287183,5911.68994140625,3288.89990234375,99.33000183105467,60.0,937389530.5646338,24.0,-0.0156765748876117,-8.118516130162234e-05,-0.0085014604571098,0.0005036568530683,0.0190958275602016,0.0201194923277565,2025,5,30,4
104638.09375,38997843858,5911.68994140625,3288.89990234375,99.33000183105467,50.0,1016284104.8877772,24.0,0.0061305182703154,0.0,0.0,0.0,0.0191245780182169,0.0079733151675462,2025,5,31,5
105652.1015625,37397056873,5911.68994140625,3288.89990234375,99.33000183105467,56.0,839539043.1681639,21.0,0.0096439652838223,0.0,0.0,0.0,0.0172549727366965,-0.0009472421610164,2025,6,1,6
105881.53125,45819706290,5935.93994140625,3370.60009765625,98.6999969482422,64.0,839539043.1681639,21.0,0.0021692037754339,0.0041020419271569,0.0248411924164302,-0.006342543755149,0.0171278791468842,0.0086438735036711,2025,6,2,0
105432.46875,46196508367,5970.3701171875,3350.199951171875,99.25,64.0,908974603.1294404,21.0,-0.0042501980559301,0.0058002904546055,-0.0060523781799449,0.0055724728344848,0.0168677144471281,-0.0078851569384312,2025,6,3,1
104731.984375,44544857105,5970.81005859375,3373.5,98.79000091552734,62.0,795352777.73826,21.0,-0.0066660841880305,7.36874595066439e-05,0.0069548233441931,-0.0046347514808328,0.0148801365534049,0.001445057600151,2025,6,4,2
101575.953125,57479298400,5939.2998046875,3350.699951171875,98.73999786376952,57.0,845851366.801007,21.0,-0.0305977318470371,-0.0052773834030941,-0.0067585738337409,-0.0005061549883026,0.0151423732871739,0.0306011003773192,2025,6,5,3
104390.34375,48856653697,6000.35986328125,3322.699951171875,99.19000244140624,45.0,845851366.801007,21.0,0.0273303530644588,0.0102806830100679,-0.0083564629504373,0.0045574699956707,0.014610639769732,-0.0103528942302194,2025,6,6,4
105615.625,38365033776,6000.35986328125,3322.699951171875,99.19000244140624,52.0,902662279.4965968,21.0,0.0116691459869952,0.0,0.0,0.0,0.0149703845615747,-0.031796609166494,2025,6,7,5
105793.6484375,36626232328,6000.35986328125,3322.699951171875,99.19000244140624,62.0,965785515.8250304,21.0,0.0016841596083658,0.0,0.0,0.0,0.0145430017444835,-0.0454328580542295,2025,6,8,6
110294.1015625,55903193732,6005.8798828125,3332.10009765625,98.94000244140624,62.0,883725308.5980667,21.0,0.0416599645648678,0.0009199480792858,0.0028290687159577,-0.0025204153024159,0.0188051634360559,-0.0427613812360347,2025,6,9,0
110257.234375,54700101509,6038.81005859375,3320.89990234375,99.0500030517578,71.0,1066782693.950524,21.0,-0.0003343184269246,0.0054829894076784,-0.0033613021770798,0.0011117910616256,0.0187583837609876,-0.0381979612165471,2025,6,10,1
108686.625,50842662052,6022.240234375,3321.300048828125,98.62999725341795,72.0,890037632.2309102,21.0,-0.0143473886097261,-0.0027438889546078,0.0001204933891842,-0.0042403410943901,0.0189399587552654,-0.0121943908691616,2025,6,11,2
105929.0546875,54843867968,6045.259765625,3380.89990234375,97.91999816894533,71.0,934223897.6608136,21.0,-0.0256991668453318,0.0038224199557175,0.0179447362898315,-0.0071986120272151,0.0194370535936914,0.0097324130338118,2025,6,12,3
106090.96875,69550440846,5976.97021484375,3431.199951171875,98.18000030517578,61.0,915286926.762284,21.0,0.0015273471943905,-0.0112963798792506,0.0148777101603201,0.0026552506239008,0.0188890625250175,0.009401940139226,2025,6,13,4
105472.40625,38007870453,5976.97021484375,3431.199951171875,98.18000030517578,63.0,949216466.5546212,21.0,-0.0058475552546636,0.0,0.0,0.0,0.0189378482773705,0.0175903531640533,2025,6,14,5
105552.0234375,36744307742,5976.97021484375,3431.199951171875,98.18000030517578,60.0,854616743.0404905,19.0,0.0007545779547483,0.0,0.0,0.0,0.0187624889349556,0.026845026582345,2025,6,15,6
106796.7578125,50366626945,6033.10986328125,3396.39990234375,98.0,61.0,917456209.4405266,19.0,0.0117236239769892,0.0093926598961591,-0.0101422386696641,-0.0018333703872099,0.0190188592701965,0.0031703034055998,2025,6,16,0
104601.1171875,55964092176,5982.72021484375,3386.60009765625,98.81999969482422,68.0,741505703.5204258,19.0,-0.0207733363618136,-0.0083521847901663,-0.0028853506563634,0.0083673438247369,0.0198329634966362,0.0104890281480771,2025,6,17,1
104883.328125,47318089133,5980.8701171875,3389.800048828125,98.91000366210938,52.0,879752529.6005048,19.0,0.0026943395038619,-0.000309240210107,0.000944886044883,0.0009107869617801,0.0197631699480709,0.0379087149366714,2025,6,18,2
104684.2890625,37333806920,5980.8701171875,3389.800048828125,98.91000366210938,57.0,798061223.2804582,19.0,-0.001899521739271,0.0,0.0,0.0,0.0177593684449109,0.0474157826781105,2025,6,19,3
103309.6015625,50951862476,5967.83984375,3368.10009765625,98.70999908447266,54.0,948875942.6405448,19.0,-0.0132187297709391,-0.0021786584865058,-0.0064015431173815,-0.0020220864445619,0.016579997270844,0.0457337392027559,2025,6,20,4
102257.40625,38360555118,5967.83984375,3368.10009765625,98.70999908447266,49.0,886036476.2405084,19.0,-0.0102370950736495,0.0,0.0,0.0,0.0163571916911996,0.0584189806545185,2025,6,21,5
100987.140625,65536997201,5967.83984375,3368.10009765625,98.70999908447266,42.0,672382290.480386,21.0,-0.012500036871865,0.0,0.0,0.0,0.0165341680194549,0.0816433620802896,2025,6,22,6
105577.7734375,65237759656,6025.169921875,3377.699951171875,98.41999816894533,47.0,672382290.480386,21.0,0.0444546821160779,0.0096065041331563,0.0028502280921831,-0.002937908197924,0.0171614054965716,0.0257826816797894,2025,6,23,0
106045.6328125,48822986421,6092.18017578125,3317.39990234375,97.86000061035156,65.0,735221756.880422,21.0,0.0044216293985873,0.0111217201797018,-0.0178523994729621,-0.0056898757266025,0.0172649137934072,0.0273904784946279,2025,6,24,1
107361.2578125,51624120283,6092.16015625,3327.10009765625,97.68000030517578,66.0,898604369.5205159,21.0,0.0123298892885524,-3.2861029504172024e-06,0.0029240355694371,-0.0018393654614052,0.0173561312441704,0.036934150696382,2025,6,25,2
106960.0,43891990613,6141.02001953125,3333.5,97.1500015258789,74.0,986579622.4805664,21.0,-0.0037444562002865,0.0080201212752302,0.0019235677184039,-0.0054258679119679,0.0158957947703637,0.0843979349756918,2025,6,26,3
107088.4296875,45353692675,6173.06982421875,3273.699951171875,97.4000015258789,65.0,722653863.6004148,21.0,0.0012000060276006,0.0052189708852221,-0.0179391176925528,0.0025733401551559,0.0158948925221973,0.0973827194070555,2025,6,27,4
107327.703125,30037708335,6173.06982421875,3273.699951171875,97.4000015258789,65.0,911172262.800523,21.0,0.002231861322037,0.0,0.0,0.0,0.0157824707714061,0.0941744129726525,2025,6,28,5
108385.5703125,35534874438,6173.06982421875,3273.699951171875,97.4000015258789,68.0,995260121.1336333,20.0,0.0098081648032666,0.0,0.0,0.0,0.0159422647837612,0.0990034636904286,2025,6,29,6
107135.3359375,42064804590,6204.9501953125,3294.39990234375,96.87999725341795,66.0,843035679.3574839,20.0,-0.0116021078522049,0.0051644274245326,0.0063231058070747,-0.0053388528163705,0.0160598369924349,0.1186757578742949,2025,6,30,0
105698.28125,44110692247,6198.009765625,3336.699951171875,96.81999969482422,64.0,779081248.5096745,20.0,-0.013504224993731,-0.0011185310871218,0.0128399860618109,-0.0006192976909031,0.0154462361412829,0.1142772248247887,2025,7,1,1
108859.3203125,56248657737,6227.419921875,3348.0,96.77999877929688,63.0,889547992.701345,20.0,0.029467777201357,0.004745096791088,0.0033865942378654,-0.0004131472387257,0.0172968467911286,0.0907518756468444,2025,7,2,2
109647.9765625,50494742270,6279.35009765625,3331.60009765625,97.18000030517578,73.0,877919914.3653797,20.0,0.0072186117892431,0.0083389552066073,-0.0048984176653972,0.0041331011668133,0.0172785041323804,0.0879347479978718,2025,7,3,3
108034.3359375,42616442656,6279.35009765625,3332.5,97.18000030517578,73.0,924432227.709241,20.0,-0.0148259191473684,0.0,0.0002701111530112,0.0,0.0174002655786378,0.0922752061971039,2025,7,4,4
108231.1796875,30615537520,6279.35009765625,3332.5,97.18000030517578,67.0,912804149.3732756,20.0,0.0018203901235928,0.0,0.0,0.0,0.0169731445642619,0.0897042506885037,2025,7,5,5
109232.0703125,36746020463,6279.35009765625,3332.5,97.18000030517578,66.0,930246266.8772236,25.0,0.0092052123069697,0.0,0.0,0.0,0.0163165306785176,0.0738676720757589,2025,7,6,6
108299.8515625,45415696597,6229.97998046875,3332.199951171875,97.4800033569336,73.0,877919914.3653797,25.0,-0.0085709209824796,-0.0078622972791287,-9.003715772692988e-05,0.0030870863430305,0.0120236007777543,0.0843924286888377,2025,7,7,0
108950.2734375,44282204127,6225.52001953125,3307.0,97.51000213623048,65.0,825593561.8535358,25.0,0.0059877877476887,-0.0007158868810946,-0.0075625567316308,0.000307742903814,0.0120565487945213,0.1013778146351886,2025,7,8,1
111326.5546875,57927418065,6263.259765625,3311.60009765625,97.47000122070312,66.0,953502423.549154,25.0,0.0215762452748819,0.0060621034026635,0.0013910183417751,-0.000410223717065,0.0129126015772585,0.066726274524995,2025,7,9,2
115987.203125,95911605728,6280.4599609375,3317.39990234375,97.6500015258789,71.0,994200697.7250328,25.0,0.0410120507184264,0.0027462050044453,0.0017513602235985,0.001846725176172,0.0164412890403657,0.0205263754177622,2025,7,10,3
117516.9921875,86928361085,6259.75,3356.0,97.8499984741211,71.0,872105875.197397,25.0,0.013103070357299,-0.0032975229626984,0.0116356480353723,0.0020480997963854,0.0164882651525849,0.0010116888016526,2025,7,11,4
117435.2265625,45524560304,6259.75,3356.0,97.8499984741211,79.0,918141001.6128464,25.0,-0.0006960192054019,0.0,0.0,0.0,0.0165688651526282,0.0043610477025599,2025,7,12,5
119116.1171875,49021091807,6259.75,3356.0,97.8499984741211,74.0,859946006.057642,32.0,0.014211873752884,0.0,0.0,0.0,0.0166792100215941,0.0027903444793857,2025,7,13,6
119849.703125,181746419401,6268.56005859375,3351.5,98.08000183105467,74.0,910161831.228891,32.0,0.0061396917849245,0.0014074138094573,-0.0013408820023838,0.0023505708791036,0.0158238237249113,-0.0160636740208862,2025,7,14,0
117777.1875,98321661181,6243.759765625,3329.800048828125,98.62000274658205,73.0,1029424416.010608,32.0,-0.0174438858577922,-0.0039562982147312,-0.0064746982461211,0.0055057188565055,0.0162585857364639,0.0012308065812829,2025,7,15,1
118738.5078125,72162029070,6263.7001953125,3352.5,98.38999938964844,70.0,822284137.1792051,32.0,0.0081290639509498,0.0031936574173276,0.0068172114958866,-0.0023322181152704,0.0149810266034866,-0.0076413316051836,2025,7,16,2
119289.84375,72363841798,6297.35986328125,3340.10009765625,98.7300033569336,74.0,853669027.9112357,32.0,0.0046325315439855,0.0053737674089093,-0.0036987031599552,0.0034556760788122,0.0149849026647289,-0.0296055432212769,2025,7,17,3
118003.2265625,77945799785,6296.7900390625,3353.0,98.4800033569336,73.0,903884853.0824848,32.0,-0.0108442256179857,-9.048620868445932e-05,0.0038621304651325,-0.0025321583257339,0.0145957905302927,-0.0396865472362282,2025,7,18,4
117939.9765625,47564562765,6296.7900390625,3353.0,98.4800033569336,74.0,891330896.7896729,32.0,-0.0005361459934203,0.0,0.0,0.0,0.0146663922260071,-0.0458967574674008,2025,7,19,5
117300.7890625,57515447231,6296.7900390625,3353.0,98.4800033569336,72.0,935269743.8145156,26.0,-0.0054343393360736,0.0,0.0,0.0,0.0149570510029202,-0.0262838571857966,2025,7,20,6
117439.5390625,69820091744,6305.60009765625,3401.89990234375,97.8499984741211,71.0,941546721.960922,26.0,0.0011821574696331,0.0013991348828683,0.0145839255424247,-0.0063972873815721,0.0144885088021427,-0.020160639839875,2025,7,21,0
119995.4140625,79217583118,6309.6201171875,3439.199951171875,97.38999938964844,72.0,941546721.960922,26.0,0.0215298859239866,0.0006375316336257,0.0109644757044224,-0.0047010637878989,0.0150966511861536,-0.0487849372889446,2025,7,22,1
118754.9609375,66608604537,6358.91015625,3394.10009765625,97.20999908447266,74.0,878776940.4968604,26.0,-0.010391307548023,0.0078118869515191,-0.0131134723644833,-0.0018482421840421,0.0151197086824284,-0.0313836231183762,2025,7,23,2
118368.0,72627318560,6363.35009765625,3371.0,97.37999725341795,71.0,922715787.5217032,26.0,-0.0032638027078905,0.0006982236416543,-0.006805956510299,0.0017487724570142,0.0107817792992739,-0.007359265701034,2025,7,24,3
117635.8828125,104857024569,6388.64013671875,3334.0,97.6500015258789,70.0,1004316503.4249831,26.0,-0.0062043007703418,0.0039743277792958,-0.0109759715218036,0.0027726872055489,0.0104036185127099,-0.008051592994883,2025,7,25,4
117947.3671875,48508954046,6388.64013671875,3334.0,97.6500015258789,72.0,970032969.1338756,26.0,0.0026443692962842,0.0,0.0,0.0,0.010421756020865,-0.0122682502119755,2025,7,26,5
119448.4921875,54683390892,6388.64013671875,3334.0,97.6500015258789,73.0,869131963.3112651,27.0,0.0126467665567652,0.0,0.0,0.0,0.0102658574039435,-0.0011865731614051,2025,7,27,6
117924.4765625,64822943193,6389.77001953125,3309.10009765625,98.66000366210938,75.0,919884194.7454996,27.0,-0.0128408603045219,0.0001768581088181,-0.0074684770077234,0.0103430836707443,0.0106652426846087,0.0068430980024092,2025,7,28,0
117922.1484375,68463107433,6370.85986328125,3323.39990234375,98.91000366210938,73.0,710531240.0792824,27.0,-1.974270354787984e-05,-0.0029594423887242,0.004321357549029,0.0025339549029026,0.0095936178121817,0.0190868114457134,2025,7,29,1
117831.1875,68896148592,6362.89990234375,3295.800048828125,99.94000244140624,74.0,869131963.3112651,27.0,-0.0007716619716275,-0.0012494327466496,-0.0083047043168535,0.0104134945016836,0.0093112446453148,0.0467862126909313,2025,7,30,2
115758.203125,69370346018,6339.39013671875,3293.199951171875,100.02999877929688,72.0,976980455.1090132,27.0,-0.017749425967369,-0.003694819341153,-0.0007889124393861,0.0009005036591167,0.0102174147492154,0.0224724894631522,2025,7,31,3
113320.0859375,91294530181,6238.009765625,3347.699951171875,98.69000244140624,65.0,957948368.3211752,27.0,-0.0212871264623786,-0.0159921331401484,0.0165492532515696,-0.0133959447590032,0.0112105868081577,0.0359889033904308,2025,8,1,4
112526.9140625,56870866000,6238.009765625,3347.699951171875,98.69000244140624,55.0,919884194.7454996,27.0,-0.0070240041801152,0.0,0.0,0.0,0.0112418907752291,0.0441177787675102,2025,8,2,5
114217.671875,48099615826,6238.009765625,3347.699951171875,98.69000244140624,53.0,983324484.0382924,32.0,0.0149136010719257,0.0,0.0,0.0,0.0122288165513036,0.0283265327675459,2025,8,3,6
115071.8828125,35783028986,6329.93994140625,3374.39990234375,98.77999877929688,64.0,1084828946.9067616,32.0,0.0074509708093231,0.014737100330916,0.0079756105867638,0.0009119093693816,0.0124617366052854,0.0102581939101789,2025,8,4,0
114141.4453125,61039182286,6299.18994140625,3381.89990234375,98.77999877929688,60.0,875475992.2405444,32.0,-0.0081185733668208,-0.0048578659963033,0.0022226174185195,0.0,0.0106136645432577,-0.0114793151726151,2025,8,5,1
115028.0,56379133510,6345.06005859375,3380.0,98.18000030517578,54.0,913540165.8162204,32.0,0.0077371493304794,0.0072819072950924,-0.0005617855047789,-0.0060740886974666,0.0108192471585407,-0.0065484735238376,2025,8,6,2
117496.8984375,64051649681,6340.0,3400.300048828125,98.4000015258789,62.0,1021388657.6139684,32.0,0.0212363599711319,-0.0007974800154801,0.0060059316059541,0.0022407946630604,0.012520529166703,-0.0432170317261698,2025,8,7,3
116688.7265625,59713005166,6389.4501953125,3439.10009765625,98.18000030517578,74.0,870485436.2761792,32.0,-0.0069020041967335,0.0077997153489748,0.0114107720703933,-0.0022357847285729,0.0125462763076109,0.0015884942826993,2025,8,8,4
116500.359375,54004312429,6389.4501953125,3439.10009765625,98.18000030517578,67.0,746374213.3917352,32.0,-0.0016155749975506,0.0,0.0,0.0,0.0125155810369737,-0.0096654744761383,2025,8,9,5
119306.7578125,64755458694,6389.4501953125,3439.10009765625,98.18000030517578,69.0,868625162.1369333,48.0,0.0238036152710893,0.0,0.0,0.0,0.0137666854985647,-0.0490192528254862,2025,8,10,6
118731.4453125,90528784177,6373.4501953125,3353.10009765625,98.5199966430664,70.0,945836287.6602162,48.0,-0.0048337923295876,-0.0025041278217863,-0.0250065416992686,0.0034629897823772,0.0133580906053308,-0.0724921163668665,2025,8,11,0
120172.90625,72803657984,6445.759765625,3348.89990234375,98.0999984741211,68.0,881493683.0574806,48.0,0.0120674104129617,0.0113454358466127,-0.0012526304584333,-0.0042630753477077,0.0137075824312367,-0.0696517231811558,2025,8,12,1
123344.0625,90904808795,6466.580078125,3358.699951171875,97.83999633789062,73.0,1003744631.8026783,48.0,0.0260461153103014,0.0032300788824048,0.0029263486858075,-0.0026503785960716,0.0152103026430898,-0.0982779369700102,2025,8,13,2
118359.578125,104055627395,6468.5400390625,3335.199951171875,98.25,75.0,1042350194.56432,48.0,-0.0412504432416683,0.0003030908012924,-0.0069967547984751,0.0041905527131607,0.0184976952349347,-0.0491280344997427,2025,8,14,3
117398.3515625,68665353159,6449.7998046875,3336.0,97.8499984741211,60.0,862190901.6766596,48.0,-0.0081543970979062,-0.0028971350972291,0.0002398803189727,-0.0040712623499125,0.0175702198926178,-0.0765557225070172,2025,8,15,4
117491.3515625,48036922378,6449.7998046875,3336.0,97.8499984741211,56.0,978007589.9615842,48.0,0.000791861061786,0.0,0.0,0.0,0.0173624522976635,-0.0739057056925666,2025,8,16,5
117453.0625,45852169525,6449.7998046875,3336.0,97.8499984741211,64.0,978007589.9615842,42.0,-0.0003259414614453,0.0,0.0,0.0,0.0170419737007669,-0.0784683801880432,2025,8,17,6
116252.3125,72787808090,6449.14990234375,3331.699951171875,98.16999816894533,60.0,990876110.8821312,42.0,-0.0102758489477457,-0.0001007631807854,-0.0012889834616681,0.003270308633769,0.0172700014524865,-0.0602286406130631,2025,8,18,0
112831.1796875,71657600353,6411.3701171875,3313.39990234375,98.2699966430664,56.0,862190901.6766596,42.0,-0.0298702202052192,-0.0058581031187567,-0.0054927061549129,0.001018625608498,0.0189786971295907,-0.014451623695827,2025,8,19,1
114274.7421875,67993811526,6395.77978515625,3343.39990234375,98.22000122070312,44.0,907230724.8985746,42.0,0.0127128516068693,-0.0024316693228262,0.0090541440466571,-0.0005087557145735,0.0191966149139919,-0.0223280420603662,2025,8,20,2
112419.03125,57817883700,6370.169921875,3336.89990234375,98.62000274658205,50.0,958704808.5807632,42.0,-0.0163723278465066,-0.0040041815293089,-0.001944128788017,0.004072505812539,0.0185425327736933,-0.0150813404870004,2025,8,21,3
116874.0859375,82528088240,6466.91015625,3374.39990234375,97.72000122070312,50.0,939585701.641628,42.0,0.0388639264247782,0.0151864448768934,0.0112379756952436,-0.0091259531617696,0.0216910049579665,-0.0532462052009363,2025,8,22,4
115374.328125,55377142586,6466.91015625,3374.39990234375,97.72000122070312,60.0,980001769.6141684,42.0,-0.012915297318543,0.0,0.0,0.0,0.0219737890261839,-0.0446341304533598,2025,8,23,5
113458.4296875,73961489632,6466.91015625,3374.39990234375,97.72000122070312,53.0,1057370330.3731812,35.0,-0.0167453578315027,0.0,0.0,0.0,0.0211514592402354,-0.0201907650785367,2025,8,24,6
110124.3515625,85706860190,6439.31982421875,3373.800048828125,98.43000030517578,47.0,909080588.918406,35.0,-0.0298263155288318,-0.0042663855480634,-0.0001777659829851,0.0072656475194787,0.0222698744060343,0.0176807227227573,2025,8,25,0
111802.65625,69396320317,6465.93994140625,3388.60009765625,98.2300033569336,48.0,967107009.4876657,35.0,0.015125123339528,0.0041339951911349,0.0043867593259612,-0.0020318698325928,0.0224692996835112,-0.002433836405385,2025,8,26,1
111222.0625,62137056409,6481.39990234375,3404.60009765625,98.2300033569336,51.0,967107009.4876657,35.0,-0.0052065534692693,0.0023909843081744,0.0047217138461002,0.0,0.0205923915580183,0.0245751320696827,2025,8,27,2
112544.8046875,58860155962,6501.85986328125,3431.800048828125,97.80999755859376,48.0,1025133430.0569257,35.0,0.0118226403333176,0.0031567194195349,0.0079891765234336,-0.0042757384097167,0.0187598046279298,0.0263249323967156,2025,8,28,3
108410.8359375,77843379644,6460.259765625,3473.699951171875,97.7699966430664,50.0,1063817710.4364324,35.0,-0.037423359714663,-0.0063981842935716,0.0122093075784115,-0.0004089655099253,0.0207617949275511,0.0709407147449152,2025,8,29,4
108808.0703125,51486264208,6460.259765625,3473.699951171875,97.7699966430664,39.0,1018686049.9936746,35.0,0.0036574608046354,0.0,0.0,0.0,0.0208424896605633,0.0656425344139153,2025,8,30,5
108236.7109375,47986191770,6460.259765625,3473.699951171875,97.7699966430664,48.0,851054168.3491462,31.0,-0.0052649106927603,0.0,0.0,0.0,0.0207941737623602,0.0662524318263955,2025,8,31,6
109250.59375,66870372995,6460.259765625,3473.699951171875,97.7699966430664,46.0,1038028190.1834284,31.0,0.0093236720989763,0.0,0.0,0.0,0.0211171797600366,0.0566979184037614,2025,9,1,0
111200.5859375,74776999491,6415.5400390625,3549.39990234375,98.4000015258789,49.0,1050922950.3099302,31.0,0.0176913822811821,-0.0069222799368615,0.021792311436207,0.0064437445478544,0.0205483844624516,0.0507425524328748,2025,9,2,1
111723.2109375,61119643565,6448.259765625,3593.199951171875,98.13999938964844,55.0,883291068.6654017,31.0,0.0046888305764054,0.0051000736279842,0.0123401279183004,-0.0026422980914495,0.0202468305594372,0.042473688638027,2025,9,3,2
110723.6015625,60131132901,6502.080078125,3565.800048828125,98.3499984741211,51.0,902633208.8551546,31.0,-0.0089874616977683,0.0083464864096993,-0.0076254877869554,0.0021397909698255,0.0199275972910049,0.0579244304917205,2025,9,4,3
110650.984375,60241647677,6481.5,3613.199951171875,97.7699966430664,48.0,957592801.73997,31.0,-0.0006560571512495,-0.0031651529783888,0.0132929221197715,-0.0058973242506689,0.0161814920221957,0.0455294187255168,2025,9,5,4
110224.6953125,21500719036,6481.5,3613.199951171875,97.7699966430664,48.0,946761026.3534616,31.0,-0.0038599957441809,0.0,0.0,0.0,0.0159715920324092,0.0498732666886907,2025,9,6,5
111167.6171875,24618007520,6481.5,3613.199951171875,97.7699966430664,44.0,1041437128.988808,28.0,0.0085181600553794,0.0,0.0,0.0,0.0157534546902853,0.0372273569156373,2025,9,7,6
112071.4296875,40212813407,6495.14990234375,3638.10009765625,97.4499969482422,51.0,1082012601.5468135,28.0,0.0080973060130383,0.0021059789159529,0.0068914388411576,-0.0032729846150292,0.0136684703995976,0.0060414873521998,2025,9,8,0
111530.546875,45984480722,6512.60986328125,3643.300048828125,97.79000091552734,48.0,1129350652.8644862,28.0,-0.0048379166926996,0.0026881536531127,0.0014293040412012,0.0034890095221422,0.0131407139827958,0.0043391979915816,2025,9,9,1
113955.359375,56377473784,6532.0400390625,3643.60009765625,97.77999877929688,49.0,1149638389.1434891,28.0,0.0215082708918205,0.0029834699435626,8.235633192543723e-05,-0.000102281788903,0.014260534656869,-0.0054997550438816,2025,9,10,2
115507.5390625,45685065332,6587.47021484375,3636.89990234375,97.54000091552734,54.0,1014386813.9501374,28.0,0.0135290138245721,0.0084858903879598,-0.0018388942619718,-0.0024544678540162,0.0143614510053889,-0.0559119348608535,2025,9,11,3
116101.578125,54785725894,6584.2900390625,3649.39990234375,97.5500030517578,57.0,811509451.1601102,28.0,0.0051296803193492,-0.0004827613146674,0.0034369931358144,0.0001025439423476,0.0090704962957435,-0.0550272451346147,2025,9,12,4
115950.5078125,34549454947,6584.2900390625,3649.39990234375,97.5500030517578,52.0,953523605.1131293,28.0,-0.001302038145722,0.0,0.0,0.0,0.0092202909802005,-0.0540623979856706,2025,9,13,5
115407.65625,32798036057,6584.2900390625,3649.39990234375,97.5500030517578,55.0,1034674550.2291404,26.0,-0.0046927460797969,0.0,0.0,0.0,0.0091746871168069,-0.0284644514215234,2025,9,14,6
115444.875,52937859416,6615.27978515625,3682.199951171875,97.3000030517578,53.0,1102300337.8258162,26.0,0.0003224461098256,0.0047066192269626,0.0089877924332326,-0.0025627882335109,0.0091339177797877,-0.0090475405469493,2025,9,15,0
116843.1875,45781744593,6606.759765625,3688.89990234375,96.62999725341795,52.0,1082012601.5468135,26.0,0.0120396147406812,-0.0012879303382402,0.0018195511543968,-0.0068859792119784,0.0085757879987544,-0.0238533509923288,2025,9,16,1
116468.5078125,60528025996,6600.35009765625,3681.800048828125,96.87000274658205,53.0,865610081.2374508,26.0,-0.0032118407874519,-0.0009701681605103,-0.0019246533393638,0.0024837576320595,0.0087545399099575,0.018721128277098,2025,9,17,2
117137.203125,49457272032,6631.9599609375,3643.699951171875,97.3499984741211,52.0,1087599379.141188,26.0,0.0057250067751224,0.0047891191851283,-0.0103482256371789,0.0049550502108972,0.0080641322543171,0.0302555856973814,2025,9,18,3
115688.859375,38828473971,6664.35986328125,3671.5,97.63999938964844,53.0,1188749380.7897809,26.0,-0.0124415833621796,0.0048854188708296,0.0076296207702788,0.0029789514131779,0.0091278480104388,0.0568565712423423,2025,9,19,4
115721.9609375,22864449614,6664.35986328125,3671.5,97.63999938964844,48.0,1082611043.2192645,26.0,0.0002860848311332,0.0,0.0,0.0,0.0089462523206143,0.0579273691500998,2025,9,20,5
115306.09375,22495852193,6664.35986328125,3671.5,97.63999938964844,49.0,1146294045.7615745,29.0,-0.0036001483649767,0.0,0.0,0.0,0.0090092380014476,0.071179089895238,2025,9,21,6
112748.5078125,70684158591,6693.75,3740.699951171875,97.33000183105467,45.0,1061383375.7051616,29.0,-0.0224305333197482,0.004410046474333,0.0188478690376889,-0.0031749033237562,0.0110111052692495,0.1064672488390054,2025,9,22,0
112014.5,47211853279,6656.919921875,3780.60009765625,97.26000213623048,43.0,1018928040.676955,29.0,-0.0065314166152441,-0.0055021591970121,0.0106664921017991,-0.0007191995634164,0.0110825687912851,0.0842469752799861,2025,9,23,1
113328.6328125,48044595085,6637.97021484375,3732.10009765625,97.87000274658205,44.0,1082611043.2192645,29.0,0.0116635256971231,-0.0028466178433332,-0.0128286512054176,0.0062718547908022,0.0098521156645337,0.0884704432249545,2025,9,24,2
109049.2890625,75528654284,6604.72021484375,3736.89990234375,98.5500030517578,44.0,997700373.1628518,29.0,-0.0384918796436155,-0.0050090613431266,0.0012860868041868,0.0069479951577862,0.0132367713614877,0.1160603336693577,2025,9,25,3
109712.828125,57738288949,6643.7001953125,3775.300048828125,98.1500015258789,28.0,934017370.6205422,29.0,0.0060663254305588,0.0059018367471712,0.0102759366019653,-0.0040588687315293,0.013289208966235,0.0319154935875918,2025,9,26,4
109681.9453125,26308042910,6643.7001953125,3775.300048828125,98.1500015258789,33.0,1096762821.5620005,29.0,-0.0002815273328539,0.0,0.0,0.0,0.0133076335746194,0.0102654771192471,2025,9,27,5
112122.640625,33371048505,6643.7001953125,3775.300048828125,98.1500015258789,37.0,1167521713.2756777,30.0,0.022008506441889,0.0,0.0,0.0,0.0150194266426266,0.0271767145601864,2025,9,28,6
114400.3828125,60000147466,6661.2099609375,3820.89990234375,97.91000366210938,50.0,990624483.991484,30.0,0.0201111474090779,0.0026355442163621,0.0120784713601187,-0.0024452150793523,0.0161597215888526,0.0076109475431305,2025,9,29,0
114056.0859375,58986330258,6688.4599609375,3840.800048828125,97.7699966430664,50.0,1139218156.5902066,30.0,-0.0030141158842399,0.0040908483833717,0.0052082354924209,-0.0014299562231264,0.0157501151227699,-0.0082189553261864,2025,9,30,1
118648.9296875,71328680132,6711.2001953125,3867.5,97.70999908447266,49.0,1076906913.283782,30.0,0.039478652767795,0.0033999208349619,0.0069516639326281,-0.000613660229659,0.0192969174415239,-0.0662944507440312,2025,10,1,2
120681.2578125,71415163912,6715.35009765625,3839.699951171875,97.8499984741211,64.0,1019764936.475331,30.0,0.016983874858595,0.0006183547238911,-0.0071881186368778,0.0014328051474794,0.0197247765647432,-0.1035390165506359,2025,10,2,3
122266.53125,83941392228,6715.7900390625,3880.800048828125,97.72000122070312,63.0,884796047.8241848,30.0,0.0130505072164265,6.551280273581206e-05,0.0107039868163933,-0.0013285360801753,0.0194406112856076,-0.1292155917566362,2025,10,3,4
122425.4296875,36769171735,6715.7900390625,3880.800048828125,97.72000122070312,71.0,1004768393.2918702,30.0,0.0012987632223538,0.0,0.0,0.0,0.0194270654982911,-0.1243790942892213,2025,10,4,5
123513.4765625,73689317763,6715.7900390625,3880.800048828125,97.72000122070312,74.0,1117242467.1678262,38.0,0.0088481646940848,0.0,0.0,0.0,0.0193277431088376,-0.1202036088546765,2025,10,5,6
124752.53125,72568881188,6740.27978515625,3948.5,98.11000061035156,71.0,922287405.7828364,38.0,0.0099817529287131,0.0036465919796933,0.0174448439291063,0.0039909883828963,0.0176775354877594,-0.1135335806062051,2025,10,6,0
121451.3828125,76149412513,6714.58984375,3976.60009765625,98.58000183105467,70.0,1034761479.658792,38.0,-0.0268179837651983,-0.0038114057910215,0.0071166512995441,0.0047905536416186,0.0195861926226273,-0.1068286905183317,2025,10,7,1
123354.8671875,65354305286,6753.72021484375,4043.300048828125,98.8499984741211,60.0,1109744195.5760958,38.0,0.0155512593053872,0.005827663640568,0.0167731100774219,0.002738858166478,0.0197032970139455,-0.1270017276755458,2025,10,8,2
121705.5859375,74653009425,6735.10986328125,3946.300048828125,99.54000091552734,70.0,899792591.007645,38.0,-0.0134604023670505,-0.0027555704071953,-0.0239903046592135,0.0069802979469635,0.0162957653107738,-0.09560661727536,2025,10,9,3
113214.3671875,153125018868,6552.509765625,3975.89990234375,98.9800033569336,64.0,989771850.1084098,38.0,-0.0723218218469904,-0.0271116732114136,0.0075006596430533,-0.0056258544649701,0.026435656725319,-0.0192594400045433,2025,10,10,4
110807.8828125,110236934340,6552.509765625,3975.89990234375,98.9800033569336,27.0,1102245923.9843652,38.0,-0.0214851600334071,0.0,0.0,0.0,0.0271936877561299,0.0075251302419607,2025,10,11,5
115169.765625,93710414091,6552.509765625,3975.89990234375,98.9800033569336,24.0,1087249380.8009045,41.0,0.0386093463438996,0.0,0.0,0.0,0.0285683327102164,-0.0060547167801879,2025,10,12,6
115271.078125,71582026739,6654.72021484375,4108.60009765625,99.2699966430664,38.0,1139737281.943017,41.0,0.000879292966289,0.0155986717875575,0.0333761408918455,0.0029298168953082,0.0280940142330036,-0.0099916650276407,2025,10,13,0
113118.6640625,92212917403,6644.31005859375,4138.7001953125,99.0500030517578,38.0,1267207899.0024335,41.0,-0.0188491634455942,-0.0015643266604626,0.0073261200751615,-0.0022161136168826,0.0285701442095342,-0.0014365445467974,2025,10,14,1
110783.1640625,72574132855,6671.06005859375,4176.89990234375,98.79000091552734,34.0,1079751109.2091742,41.0,-0.0208625782908984,0.0040260011595036,0.0092298802108243,-0.0026249583868726,0.0264954276481023,-0.0065701262566337,2025,10,15,2
108186.0390625,87306423067,6629.06982421875,4280.2001953125,98.38999938964844,28.0,1124278123.987008,41.0,-0.0237224847831796,-0.0062943870998294,0.0247313307438337,-0.0040490082211958,0.0261579068018404,0.0011046509654628,2025,10,16,3
106467.7890625,99703051669,6664.009765625,4189.89990234375,98.43000030517578,22.0,1159633832.2093213,41.0,-0.0160098398053488,0.0052707155502571,-0.0210972124779684,0.0004065546882354,0.025543396353777,0.0290075996429963,2025,10,17,4
107198.265625,37779905278,6664.009765625,4189.89990234375,98.43000030517578,23.0,1203393599.4625034,41.0,0.0068375803497059,0.0,0.0,0.0,0.0257669712819381,0.0267331750499111,2025,10,18,5
108666.7109375,47657008953,6664.009765625,4189.89990234375,98.43000030517578,29.0,1013767941.3653816,31.0,0.013605430464268,0.0,0.0,0.0,0.0260561860086682,0.0181556434852872,2025,10,19,6
110588.9296875,63507793085,6735.1298828125,4336.39990234375,98.58999633789062,29.0,1086700886.7873514,31.0,0.0175344907383394,0.0106722708532569,0.0349650357799837,0.001625480363901,0.0265571190739269,-0.0365444015184894,2025,10,20,0
108476.890625,101194375480,6735.35009765625,4087.699951171875,98.93000030517578,34.0,1093994181.3295484,31.0,-0.019282830173496,3.2696450934288634e-05,-0.0573517103525108,0.0034486659895989,0.0262394618245594,-0.0634823430854584,2025,10,21,1
107688.5859375,80807013218,6699.39990234375,4044.39990234375,98.9000015258789,25.0,1115874064.956139,31.0,-0.0072935622708187,-0.0053375392208654,-0.0105927659430363,-0.0003032323784932,0.0253686181425017,-0.0352567541578041,2025,10,22,2
110069.7265625,54944076060,6738.43994140625,4125.5,98.94000244140624,27.0,1035647824.9919724,31.0,0.0218704444247777,0.0058273934429324,0.0200524427886699,0.0004044581891828,0.0266749084690163,-0.0796625718427772,2025,10,23,3
111033.921875,48160816980,6791.68994140625,4118.39990234375,98.9499969482422,30.0,1305499723.053261,31.0,0.0087217142852619,0.0079024225878738,-0.0017210271860986,0.0001010158337306,0.0197860493902509,-0.0690015762356408,2025,10,24,4
111641.7265625,24707667305,6791.68994140625,4118.39990234375,98.9499969482422,37.0,1166927126.751518,31.0,0.005459116892619,0.0,0.0,0.0,0.0189756829647881,-0.0838361217009685,2025,10,25,5
114472.4453125,41708524143,6791.68994140625,4118.39990234375,98.9499969482422,40.0,1072114297.7029574,29.0,0.0250392677448033,0.0,0.0,0.0,0.017051927935328,-0.0851978365699769,2025,10,26,6
114119.328125,61761358733,6875.16015625,4001.89990234375,98.77999877929688,51.0,1072114297.7029574,29.0,-0.0030895028553826,0.0122900508656711,-0.0282876852084472,-0.0017180209619838,0.0170637682514492,-0.0711775516773355,2025,10,27,0
112956.1640625,64528066504,6890.89013671875,3966.199951171875,98.69000244140624,50.0,1181513715.835912,29.0,-0.0102448240868119,0.0022879438603986,-0.0089207506541997,-0.0009110785483172,0.0165138405818289,-0.0881642484511933,2025,10,28,1
110055.3046875,62192043469,6890.58984375,3983.699951171875,99.22000122070312,51.0,929747081.658896,29.0,-0.0260168054657663,-4.3578255173426506e-05,0.0044122838524138,0.0053703391041208,0.0170449003641774,-0.0762536363997107,2025,10,29,2
108305.546875,69673964814,6822.33984375,4001.300048828125,99.52999877929688,34.0,1240553837.666823,29.0,-0.0160266389546195,-0.0099048124395192,0.0044180279318155,0.003124345442248,0.0163637921431884,-0.0794793520357264,2025,10,30,3
109556.1640625,60090359560,6840.2001953125,3982.199951171875,99.8000030517578,29.0,1085484607.9584696,29.0,0.0114809611962851,0.0026179217059763,-0.0047734729770749,0.0027127928842807,0.0159259299613434,-0.1383616807845918,2025,10,31,4
110064.015625,25871668762,6840.2001953125,3982.199951171875,99.8000030517578,33.0,1069977684.9876348,29.0,0.004624825172493,0.0,0.0,0.0,0.0158864817407584,-0.1318765911372316,2025,11,1,5
110639.625,34284209459,6840.2001953125,3982.199951171875,99.8000030517578,37.0,1201786530.2397344,35.0,0.0052161412333197,0.0,0.0,0.0,0.015564897192583,-0.1487943119384217,2025,11,2,6
106547.5234375,72852006359,6851.97021484375,4000.300048828125,99.87000274658205,42.0,1100991530.929305,35.0,-0.0376871829010099,0.0017207127269924,0.0045452508357657,0.0007013997262896,0.0178539211647482,-0.1356544757793305,2025,11,3,0
101590.5234375,110967184773,6771.5498046875,3947.699951171875,100.22000122070312,21.0,1015703454.5897112,35.0,-0.0476408575376077,-0.0117368300845838,-0.0131490380756961,0.0035045405476679,0.0210355263854227,-0.0850635290093417,2025,11,4,1
103891.8359375,77584934804,6796.2900390625,3980.300048828125,100.1999969482422,23.0,1069977684.9876348,35.0,0.0224000613217487,0.0036535556982648,0.0082579978365815,-0.0001996035942654,0.0222158012192345,-0.1196036593046178,2025,11,5,2
101301.2890625,63932752861,6720.31982421875,3979.89990234375,99.7300033569336,27.0,1085484607.9584696,35.0,-0.0252511824918507,-0.011178189042419,-0.0001005317386795,-0.0046905549463376,0.0217886354831991,-0.1448095158586718,2025,11,6,3
103372.40625,92168030081,6728.7998046875,3999.39990234375,99.5999984741211,24.0,1100991530.929305,35.0,0.020238925968734,0.001261841800771,0.0048996207137059,-0.0013035684190966,0.0225936555952003,-0.1768529863355096,2025,11,7,4
102282.1171875,51446691095,6728.7998046875,3999.39990234375,99.5999984741211,20.0,930415378.2501172,35.0,-0.0106032122142002,0.0,0.0,0.0,0.0224354589381334,-0.1724031365148065,2025,11,8,5
104719.640625,59679243013,6728.7998046875,3999.39990234375,99.5999984741211,22.0,1093238069.4438877,34.0,0.02355183969968,0.0,0.0,0.0,0.022274746221512,-0.171072328987951,2025,11,9,6
105996.59375,69585887229,6832.43017578125,4111.7998046875,99.62000274658205,29.0,1085484607.9584696,34.0,0.0121202693364623,0.0154010186217099,0.0281041919008602,0.0002008461121225,0.0228022873500062,-0.1672320838140141,2025,11,10,0
102997.46875,71130078574,6846.60986328125,4106.7998046875,99.45999908447266,26.0,1186279607.2688992,34.0,-0.0287025464768418,0.0020753505173405,-0.0012160125097286,-0.0016061399086325,0.0236170596043907,-0.1519996395542487,2025,11,11,1
101663.1875,64347179408,6850.919921875,4204.39990234375,99.4800033569336,24.0,1086613750.3494294,34.0,-0.0130391466426769,0.0006295171887717,0.023765487069725,0.00020112882209,0.0230522290475326,-0.1096249349106823,2025,11,12,2
99697.4921875,101546815416,6737.490234375,4186.89990234375,99.18000030517578,15.0,1086613750.3494294,34.0,-0.0195247429765854,-0.0165568549615969,-0.0041623062521347,-0.0030157121193633,0.0231904997230479,-0.084376417128722,2025,11,13,3
94397.7890625,114346441890,6734.10986328125,4087.60009765625,99.2699966430664,16.0,1086613750.3494294,34.0,-0.0546228711365914,-0.0005017255648851,-0.023716784973033,0.0009074040896723,0.0258012242833086,-0.0368496282809854,2025,11,14,4
95549.1484375,38500716654,6734.10986328125,4087.60009765625,99.2699966430664,10.0,1086613750.3494294,34.0,0.0121231064987472,0.0,0.0,0.0,0.0262130418049238,-0.0491620354740537,2025,11,15,5
94177.078125,71086235862,6734.10986328125,4087.60009765625,99.2699966430664,10.0,1203542966.8475492,55.0,-0.0144639384619225,0.0,0.0,0.0,0.0258738601541439,-0.0401665214117089,2025,11,16,6
92093.875,94186165724,6672.41015625,4068.300048828125,99.58999633789062,14.0,938612125.0886546,55.0,-0.0223683827163435,-0.0091622661768078,-0.0047216088577723,0.0032235288168167,0.0250220044015823,-0.062678486354277,2025,11,17,0
92948.875,101333569062,6617.31982421875,4061.300048828125,99.5500030517578,11.0,1006737198.683799,55.0,0.0092411735633055,-0.0082564366909679,-0.0017206203859069,-0.000401579351375,0.0231416453931517,-0.0171994752491625,2025,11,18,1
91465.9921875,80350354656,6642.16015625,4077.699951171875,100.2300033569336,15.0,1037015009.17053,55.0,-0.0160823776998089,0.0037538357962292,0.0040380917801141,0.0068307411786039,0.0217105571590078,0.0225418480758772,2025,11,19,2
86631.8984375,97970645638,6538.759765625,4056.5,100.16000366210938,11.0,991598293.4404336,55.0,-0.0542991431316111,-0.0155672835632704,-0.005198997333235,-0.000698390626357,0.0244162876857169,0.0635992822721638,2025,11,20,3
85090.6875,129157506112,6602.990234375,4076.699951171875,100.18000030517578,14.0,1142987345.8740876,55.0,-0.0179504904722895,0.0098230354153194,0.0049796502334216,0.0001996469881717,0.0227289856192274,0.0504998894561758,2025,11,21,4
84648.359375,40793099246,6602.990234375,4076.699951171875,100.18000030517578,11.0,1082431724.900626,55.0,-0.0052118723936807,0.0,0.0,0.0,0.0228282879622499,0.0546261694750065,2025,11,22,5
86805.0078125,58083435576,6602.990234375,4076.699951171875,100.18000030517578,13.0,1074862272.2789433,42.0,0.0251585865790003,0.0,0.0,0.0,0.0230368969027266,0.0414795517359714,2025,11,23,6
88270.5625,74433896110,6705.1201171875,4091.89990234375,100.13999938964844,19.0,1082431724.900626,42.0,0.0167423578108394,0.0154672170012934,0.0037284939666717,-0.0003992904312786,0.0234625110431161,0.0268451968344485,2025,11,24,0
87341.890625,64837343545,6765.8798828125,4139.2001953125,99.66000366210938,20.0,870487051.4935104,42.0,-0.0105764769567544,0.0090616968172205,0.0115594941463883,-0.0047932467591834,0.023032262474171,0.0612514828133192,2025,11,25,1
90518.3671875,66496301869,6812.60986328125,4165.2001953125,99.5999984741211,15.0,1241390229.9559624,42.0,0.0357225879133363,0.0069067115110126,0.006281406738781,-0.0006020989944143,0.0263228060225246,0.0165997042554639,2025,11,26,2
91285.375,57040622845,6812.60986328125,4165.2001953125,99.5999984741211,22.0,1061465507.6302311,42.0,0.0084378061084954,0.0,0.0,0.0,0.0264452315460118,0.0134299819385088,2025,11,27,3
90919.265625,60895830289,6849.08984375,4218.2998046875,99.45999908447266,25.0,1113270480.6428328,42.0,-0.0040186667744196,0.0053547731634202,0.0127483930867855,-0.0014056163834662,0.0226918841914516,-0.007136568449378,2025,11,28,4
90851.7578125,37921773455,6849.08984375,4218.2998046875,99.45999908447266,28.0,1016787038.987121,42.0,-0.0007427786269465,0.0,0.0,0.0,0.0223102882367582,-0.0060873547008455,2025,11,29,5
90394.3125,38497902869,6849.08984375,4218.2998046875,99.45999908447266,28.0,1239441135.1156871,41.0,-0.0050477925731327,0.0,0.0,0.0,0.0220948349934162,-0.0245494738676175,2025,11,30,6
86321.5703125,87962894424,6812.6298828125,4239.2998046875,99.41000366210938,24.0,987099826.1699784,41.0,-0.046101838054076,-0.0053233293429156,0.0049783090278847,-0.0005026686388848,0.0243781609694995,0.0011377334441955,2025,12,1,0
91350.203125,78546798211,6829.3701171875,4186.60009765625,99.36000061035156,23.0,942569006.9442656,41.0,0.0566209938703037,0.0024572352619998,-0.0124312290848075,-0.0005029981884697,0.0294649612051356,-0.0383821669799926,2025,12,2,1
93527.8046875,77650204986,6849.72021484375,4199.2998046875,98.8499984741211,28.0,979678022.9656932,41.0,0.0235582620118316,0.0029797912994984,0.0030334177459079,-0.0051328717099196,0.0298116261929999,-0.0789502854223079,2025,12,3,2
92141.625,64538402681,6857.1201171875,4211.7998046875,98.98999786376952,26.0,979678022.9656932,41.0,-0.0149319728659321,0.0010803218396737,0.0029766867290701,0.0014162811513354,0.0259051710060973,-0.0724875124299142,2025,12,4,3
89387.7578125,63256398633,6870.39990234375,4212.89990234375,98.98999786376952,28.0,883194581.309981,41.0,-0.0303430599756753,0.001936641757662,0.0002611941942316,0.0,0.0268966447977418,-0.0143685783314322,2025,12,5,4
89272.375,37994042405,6870.39990234375,4212.89990234375,98.98999786376952,23.0,1209753922.2985451,41.0,-0.0012916460625568,0.0,0.0,0.0,0.0268155800701023,-0.0103993536634373,2025,12,6,5
90405.640625,47394898960,6870.39990234375,4212.89990234375,98.98999786376952,20.0,1187488512.6856885,31.0,0.0126145722260143,0.0,0.0,0.0,0.0262446127504865,-0.0197320721657128,2025,12,7,6
90640.203125,57394099056,6846.509765625,4187.2001953125,99.08999633789062,20.0,1098426874.2342618,31.0,0.0025911959798138,-0.003477255626794,-0.006100241550233,0.001010187658138,0.0259487639271267,-0.0237222272884221,2025,12,8,0
92691.7109375,66861721440,6840.509765625,4206.7001953125,99.22000122070312,22.0,957412613.3528364,31.0,0.0223811926981977,-0.0008763589340257,0.0046570498400888,0.001311987966668,0.0262096743256659,-0.0569383268915885,2025,12,9,1
92020.9453125,65420694513,6886.68017578125,4196.39990234375,98.79000091552734,26.0,1150379496.6642606,31.0,-0.0072628328466358,0.0067495569392015,-0.0024485445813865,-0.0043338066910451,0.0246872341564689,-0.0479128350619224,2025,12,10,2
92511.3359375,64532834621,6901.0,4285.5,98.3499984741211,29.0,1179902024.3226545,31.0,0.0053149701081481,0.0020793508415142,0.0212325087526779,-0.0044539167661561,0.0246327405601536,-0.0570372668011716,2025,12,11,3
90270.4140625,80275884583,6827.41015625,4300.10009765625,98.4000015258789,29.0,1068190154.384884,31.0,-0.0245214214521475,-0.010663649289958,0.0034068597961147,0.0005084194461981,0.0255393889987288,-0.0328898942785881,2025,12,12,4
90298.7109375,64237748110,6827.41015625,4300.10009765625,98.4000015258789,23.0,1053456497.083023,31.0,0.000313418755633,0.0,0.0,0.0,0.0255392563899362,-0.0276477334125841,2025,12,13,5
88175.1796875,50465972205,6827.41015625,4300.10009765625,98.4000015258789,21.0,942954067.3190696,31.0,-0.0237976710179162,0.0,0.0,0.0,0.0262789619844642,-0.003848517816495,2025,12,14,6
86419.78125,45559514323,6816.509765625,4306.7001953125,98.1500015258789,16.0,987155039.2246507,31.0,-0.0201089147130883,-0.0015965630269072,0.0015348707021605,-0.0025406503671064,0.0238133155044631,0.0083124414874633,2025,12,15,0
87843.984375,41262178223,6800.259765625,4304.5,98.1500015258789,11.0,1082923811.686744,31.0,0.0163457369350781,-0.0023839179519623,-0.0005108772871849,0.0,0.0178751853076496,0.0066726075970982,2025,12,16,1
86143.7578125,44243392914,6721.43017578125,4347.5,98.37000274658205,16.0,1016622353.828372,31.0,-0.0195448330408544,-0.0115921439122413,0.0099895458241374,0.0022414795444003,0.016637748547332,0.015846421692808,2025,12,17,2
85462.5078125,52667115348,6774.759765625,4339.5,98.43000030517578,17.0,1060823325.7339536,31.0,-0.0079397284977681,0.0079342622699418,-0.0018401380103507,0.0006099172198694,0.0164486364114736,0.0382562675281312,2025,12,18,3
88103.3828125,46733310561,6834.5,4361.39990234375,98.5999984741211,16.0,1068190154.384884,31.0,0.0304331549684077,0.0088180594503322,0.0050466418582209,0.0017270971087903,0.0174340453563857,0.0208994529065773,2025,12,19,4
88344.0,14688196659,6834.5,4361.39990234375,98.5999984741211,20.0,1082923811.686744,31.0,0.0027273551221506,0.0,0.0,0.0,0.0174600908477988,0.0255726195327357,2025,12,20,5
88621.75,19845522660,6834.5,4361.39990234375,98.5999984741211,20.0,1016622353.828372,24.0,0.0031390280669266,0.0,0.0,0.0,0.0170829981586461,0.0315017722793784,2025,12,21,6
88490.015625,38047472118,6878.490234375,4444.60009765625,98.29000091552734,25.0,1023989182.4793022,24.0,-0.001487584958889,0.0064364963603775,0.019076488553088,-0.0031439915151226,0.0170464446421795,0.0609395198363658,2025,12,22,0
87414.0,43683011533,6909.7900390625,4482.7998046875,97.94000244140624,24.0,1068190154.384884,24.0,-0.0122342749529535,0.0045503887657032,0.0085946330810264,-0.0035608756827857,0.015730449313197,0.0722427900565128,2025,12,23,1
87611.9609375,25550297986,6932.0498046875,4480.60009765625,97.9800033569336,24.0,1171325755.4979067,24.0,0.0022620761040624,0.0032214822012188,-0.0004906993680489,0.000408422651932,0.0157878957836324,0.0421870907858881,2025,12,24,2
87234.7421875,19953216347,6932.0498046875,4480.60009765625,97.9800033569336,23.0,1016973817.768314,24.0,-0.0043148578556266,0.0,0.0,0.0,0.0155875310092883,0.0434733079665525,2025,12,25,3
87301.4296875,42455674908,6929.93994140625,4529.10009765625,98.0199966430664,20.0,1149714808.6043208,24.0,0.000764168281323,-0.0003043635491226,0.010824442919012,0.0004081780441169,0.0144951467672454,0.0367883078948001,2025,12,26,4
87802.15625,13741199310,6929.93994140625,4529.10009765625,98.0199966430664,23.0,1002315474.1678696,24.0,0.005719219565876,0.0,0.0,0.0,0.0146417172719576,0.029764627078848,2025,12,27,5
87835.8359375,15156557929,6929.93994140625,4529.10009765625,98.0199966430664,24.0,1142344841.882498,20.0,0.0003835125589097,0.0,0.0,0.0,0.0132552849536351,0.029764627078848,2025,12,28,6
87138.140625,48411625849,6905.740234375,4325.10009765625,98.04000091552734,24.0,1134974875.1606758,20.0,-0.0079748888825797,-0.0034920514803681,-0.0450420603654945,0.0002040835864725,0.0122327352974303,0.029764627078848,2025,12,29,0
88430.1328125,35586356225,6896.240234375,4370.10009765625,98.23999786376952,23.0,877026039.8968855,20.0,0.0147180978087909,-0.0013756671519022,0.0104043834787512,0.0020399525334002,0.0120752505057848,0.029764627078848,2025,12,30,1
87508.828125,33830210616,6845.5,4325.60009765625,98.27999877929688,21.0,980205574.0024016,20.0,-0.0104730993492998,-0.0073576663008461,-0.0101828331172244,0.0004071754519254,0.0111427069422672,0.029764627078848,2025,12,31,2
88731.984375,18849043990,6845.5,4325.60009765625,98.27999877929688,20.0,1112864974.9952078,20.0,0.01388073366055,0.0,0.0,0.0,0.0113035563408718,0.029764627078848,2026,1,1,3
89944.6953125,46398906171,6858.47021484375,4314.39990234375,98.41999816894533,28.0,1061275207.9424502,20.0,0.0135745701301948,0.0018947067188299,-0.0025892812695673,0.0014244952318611,0.0086215204890112,0.029764627078848,2026,1,2,4
90603.1875,20774828592,6858.47021484375,4314.39990234375,98.41999816894533,29.0,1142344841.882498,20.0,0.0072944096271482,0.0,0.0,0.0,0.0087576055941109,0.029764627078848,2026,1,3,5
91413.4921875,26770491368,6858.47021484375,4314.39990234375,98.41999816894533,25.0,1068645174.6642728,22.0,0.0089036899476068,0.0,0.0,0.0,0.0089588383031191,0.029764627078848,2026,1,4,6
93882.5546875,53376407252,6902.0498046875,4436.89990234375,98.2699966430664,26.0,972835607.2805792,22.0,0.0266514983813646,0.0063541268648263,0.0283932882377113,-0.0015240960035521,0.0110390428298519,0.029764627078848,2026,1,5,0
93729.03125,52430605257,6944.81982421875,4482.2001953125,98.58000183105467,44.0,958095673.836934,22.0,-0.0016366097114998,0.0061967126783413,0.0102098974432172,0.0031546270334603,0.0101556283108003,0.029764627078848,2026,1,6,1
91308.0546875,43461295053,6920.93017578125,4449.2998046875,98.68000030517578,42.0,1083385108.1079175,22.0,-0.0261689672501516,-0.0034399234310139,-0.0073402322947125,0.0010143890471057,0.0130965453456903,0.029764627078848,2026,1,7,2
91027.125,42386697030,6921.4599609375,4449.7001953125,98.93000030517578,28.0,965289669.1289088,22.0,-0.0030814668927555,7.65482590914246e-05,8.998958096251286e-05,0.0025334414189992,0.0130475863425617,0.029764627078848,2026,1,8,3
90513.1015625,38305906684,6966.27978515625,4490.2998046875,99.12999725341795,27.0,1033929118.9983668,22.0,-0.0056629301495069,0.0064754870318832,0.0091241224336349,0.0020216006027014,0.0132477297004666,0.029764627078848,2026,1,9,4
90415.5546875,34984886272,6966.27978515625,4490.2998046875,99.12999725341795,25.0,1033929118.9983668,22.0,-0.0010782911504829,0.0,0.0,0.0,0.0132514116075295,0.029764627078848,2026,1,10,5
